-7.561764214187860489e-03,-6.103897839784622192e-02,7.458425164222717285e-01,3.587276488542556763e-02,-9.895084425806999207e-03,9.012097120285034180e-01,4.317826628684997559e-01,1.804969273507595062e-03,2.240220457315444946e-01,-1.017327606678009033e-01,4.896284639835357666e-01,-4.967041909694671631e-01,4.784383811056613922e-03,-2.922065258026123047e-01,-3.172703459858894348e-02,5.364583730697631836e-01,5.750189423561096191e-01,-2.020704001188278198e-01,2.462356984615325928e-01,-2.024110108613967896e-01,-5.733233317732810974e-02,2.845359444618225098e-01,-2.844862639904022217e-01,3.413464128971099854e-01,-5.319654941558837891e-01,9.186156988143920898e-01,-9.723976254463195801e-02,-1.903224736452102661e-02,1.516131013631820679e-01,0.000000000000000000e+00,0.000000000000000000e+00,0.000000000000000000e+00,0.000000000000000000e+00,0.000000000000000000e+00,0.000000000000000000e+00,0.000000000000000000e+00,-4.521377384662628174e-01,-5.482779145240783691e-01,7.314631342887878418e-01,4.675921797752380371e-01,-2.326385676860809326e-01,-2.956099808216094971e-02,-1.612081937491893768e-02,0.000000000000000000e+00,0.000000000000000000e+00,0.000000000000000000e+00,0.000000000000000000e+00,0.000000000000000000e+00,0.000000000000000000e+00,0.000000000000000000e+00
-1.203705556690692902e-02,-7.771103084087371826e-02,7.452583312988281250e-01,2.328634448349475861e-02,-9.848704561591148376e-03,9.002190232276916504e-01,4.347026944160461426e-01,-8.333150297403335571e-02,2.183545976877212524e-01,-7.329216599464416504e-02,5.841423869132995605e-01,-5.461987853050231934e-01,2.849807590246200562e-02,-3.582767844200134277e-01,-4.934282228350639343e-02,4.923878908157348633e-01,5.906078815460205078e-01,-1.611615568399429321e-01,2.617999017238616943e-01,-2.839753925800323486e-01,-3.371027857065200806e-02,3.066844642162322998e-01,-4.182066023349761963e-01,2.957053482532501221e-01,-5.302488207817077637e-01,1.067719936370849609e+00,-1.014013513922691345e-01,-9.060736745595932007e-02,1.647340357303619385e-01,0.000000000000000000e+00,0.000000000000000000e+00,0.000000000000000000e+00,0.000000000000000000e+00,0.000000000000000000e+00,0.000000000000000000e+00,0.000000000000000000e+00,-5.222681164741516113e-01,-5.438576340675354004e-01,7.537965178489685059e-01,5.557723641395568848e-01,-2.278982698917388916e-01,-6.351360678672790527e-02,-6.280990689992904663e-02,0.000000000000000000e+00,0.000000000000000000e+00,0.000000000000000000e+00,0.000000000000000000e+00,0.000000000000000000e+00,0.000000000000000000e+00,0.000000000000000000e+00
-1.915116235613822937e-02,-9.786216914653778076e-02,7.469660043716430664e-01,2.026031911373138428e-02,-6.413394119590520859e-03,8.850901126861572266e-01,4.649343192577362061e-01,-9.296806156635284424e-02,2.137185633182525635e-01,1.978100091218948364e-02,5.989258885383605957e-01,-5.571586489677429199e-01,5.366983264684677124e-02,-4.282232820987701416e-01,-1.032662540674209595e-01,4.116488099098205566e-01,5.687777400016784668e-01,-1.512814760208129883e-01,2.617999911308288574e-01,-3.022403419017791748e-01,-3.293335810303688049e-02,3.171113133430480957e-01,-4.671314060688018799e-01,3.003181815147399902e-01,-5.290698409080505371e-01,1.081250667572021484e+00,-7.995585352182388306e-02,-1.011691689491271973e-01,1.798033267259597778e-01,0.000000000000000000e+00,0.000000000000000000e+00,0.000000000000000000e+00,0.000000000000000000e+00,0.000000000000000000e+00,0.000000000000000000e+00,0.000000000000000000e+00,-5.176035761833190918e-01,-5.353688597679138184e-01,7.410352826118469238e-01,5.924866795539855957e-01,-2.378653138875961304e-01,-5.900948494672775269e-02,-9.923335164785385132e-02,0.000000000000000000e+00,0.000000000000000000e+00,0.000000000000000000e+00,0.000000000000000000e+00,0.000000000000000000e+00,0.000000000000000000e+00,0.000000000000000000e+00
-2.583238855004310608e-02,-1.162561103701591492e-01,7.508987188339233398e-01,1.451089512556791306e-02,9.525834466330707073e-04,8.663366436958312988e-01,4.992487728595733643e-01,-9.307643026113510132e-02,2.108471989631652832e-01,1.293385326862335205e-01,5.836631059646606445e-01,-5.458245277404785156e-01,7.802128791809082031e-02,-4.848798811435699463e-01,-1.575046330690383911e-01,2.647666335105895996e-01,5.645008683204650879e-01,-1.459161490201950073e-01,2.487664520740509033e-01,-3.064689040184020996e-01,-3.939154371619224548e-02,3.204095065593719482e-01,-5.200722813606262207e-01,3.136460781097412109e-01,-5.225450396537780762e-01,1.078908324241638184e+00,-7.146760821342468262e-02,-1.084690541028976440e-01,2.053107023239135742e-01,0.000000000000000000e+00,0.000000000000000000e+00,0.000000000000000000e+00,0.000000000000000000e+00,0.000000000000000000e+00,0.000000000000000000e+00,0.000000000000000000e+00,-5.173158049583435059e-01,-5.268272757530212402e-01,7.203570008277893066e-01,6.385338902473449707e-01,-2.635646462440490723e-01,-5.683645606040954590e-02,-1.457889676094055176e-01,0.000000000000000000e+00,0.000000000000000000e+00,0.000000000000000000e+00,0.000000000000000000e+00,0.000000000000000000e+00,0.000000000000000000e+00,0.000000000000000000e+00
-3.202630952000617981e-02,-1.320127844810485840e-01,7.552163600921630859e-01,6.504781544208526611e-03,9.835815057158470154e-03,8.438123464584350586e-01,5.365087389945983887e-01,-8.587229251861572266e-02,2.077609747648239136e-01,2.342592924833297729e-01,5.489934086799621582e-01,-5.347819328308105469e-01,9.518110752105712891e-02,-5.082478523254394531e-01,-1.938481628894805908e-01,9.391449391841888428e-02,5.972008705139160156e-01,-1.923233866691589355e-01,2.059551477432250977e-01,-2.996584177017211914e-01,-4.590534418821334839e-02,3.082767426967620850e-01,-5.525035858154296875e-01,3.220962285995483398e-01,-5.059649944305419922e-01,1.054511070251464844e+00,-8.826624602079391479e-02,-1.206425726413726807e-01,2.275092601776123047e-01,0.000000000000000000e+00,0.000000000000000000e+00,0.000000000000000000e+00,0.000000000000000000e+00,0.000000000000000000e+00,0.000000000000000000e+00,0.000000000000000000e+00,-5.072162151336669922e-01,-5.147561430931091309e-01,7.150964736938476562e-01,6.755195260047912598e-01,-2.684892117977142334e-01,-5.535698309540748596e-02,-1.573202013969421387e-01,0.000000000000000000e+00,0.000000000000000000e+00,0.000000000000000000e+00,0.000000000000000000e+00,0.000000000000000000e+00,0.000000000000000000e+00,0.000000000000000000e+00
-3.768283501267433167e-02,-1.447885185480117798e-01,7.581356763839721680e-01,-2.511543221771717072e-03,1.969588361680507660e-02,8.201721310615539551e-01,5.717722177505493164e-01,-7.550416141748428345e-02,1.995418816804885864e-01,3.244667947292327881e-01,5.002920031547546387e-01,-5.290040373802185059e-01,1.009199619293212891e-01,-5.116466879844665527e-01,-2.252547591924667358e-01,-6.196117028594017029e-02,6.380357146263122559e-01,-2.588821351528167725e-01,1.614096462726593018e-01,-2.887203693389892578e-01,-5.197028070688247681e-02,2.882310748100280762e-01,-5.883635878562927246e-01,3.245758116245269775e-01,-4.957663416862487793e-01,1.018506050109863281e+00,-1.083343848586082458e-01,-1.293466091156005859e-01,2.555191218852996826e-01,0.000000000000000000e+00,0.000000000000000000e+00,0.000000000000000000e+00,0.000000000000000000e+00,0.000000000000000000e+00,0.000000000000000000e+00,0.000000000000000000e+00,-4.960836768150329590e-01,-4.960500597953796387e-01,7.136114239692687988e-01,7.129250764846801758e-01,-2.638956010341644287e-01,-5.539657548069953918e-02,-1.664750128984451294e-01,0.000000000000000000e+00,0.000000000000000000e+00,0.000000000000000000e+00,0.000000000000000000e+00,0.000000000000000000e+00,0.000000000000000000e+00,0.000000000000000000e+00
-4.245381429791450500e-02,-1.542810201644897461e-01,7.609388232231140137e-01,-1.062756497412919998e-02,2.862323634326457977e-02,7.983033657073974609e-01,6.014810800552368164e-01,-6.248351186513900757e-02,1.880149096250534058e-01,3.977527916431427002e-01,4.450516700744628906e-01,-5.176973342895507812e-01,1.044857501983642578e-01,-4.878686964511871338e-01,-2.407700419425964355e-01,-1.745085716247558594e-01,6.730604767799377441e-01,-3.182978630065917969e-01,1.172800958156585693e-01,-2.799988985061645508e-01,-5.815089866518974304e-02,2.595016360282897949e-01,-6.273041367530822754e-01,3.206948935985565186e-01,-4.884718060493469238e-01,9.756855368614196777e-01,-1.179376393556594849e-01,-1.360395848751068115e-01,2.818152308464050293e-01,0.000000000000000000e+00,0.000000000000000000e+00,0.000000000000000000e+00,0.000000000000000000e+00,0.000000000000000000e+00,0.000000000000000000e+00,0.000000000000000000e+00,-4.797437191009521484e-01,-4.738085567951202393e-01,7.090756893157958984e-01,7.475841045379638672e-01,-2.543505132198333740e-01,-5.873932316899299622e-02,-1.767093986272811890e-01,0.000000000000000000e+00,0.000000000000000000e+00,0.000000000000000000e+00,0.000000000000000000e+00,0.000000000000000000e+00,0.000000000000000000e+00,0.000000000000000000e+00
-4.608050733804702759e-02,-1.608673483133316040e-01,7.639967203140258789e-01,-1.568234711885452271e-02,3.587980940937995911e-02,7.772634625434875488e-01,6.279555559158325195e-01,-3.613634780049324036e-02,1.707219034433364868e-01,4.646527469158172607e-01,3.745964765548706055e-01,-4.940582811832427979e-01,1.093641817569732666e-01,-4.341084361076354980e-01,-2.467757761478424072e-01,-2.495218664407730103e-01,6.765146851539611816e-01,-3.624219894409179688e-01,8.446155488491058350e-02,-2.651887238025665283e-01,-6.629770249128341675e-02,2.310142517089843750e-01,-6.773154735565185547e-01,3.072777986526489258e-01,-4.796075820922851562e-01,9.222792983055114746e-01,-1.258392781019210815e-01,-1.402913331985473633e-01,3.098140954971313477e-01,0.000000000000000000e+00,0.000000000000000000e+00,0.000000000000000000e+00,0.000000000000000000e+00,0.000000000000000000e+00,0.000000000000000000e+00,0.000000000000000000e+00,-4.646811485290527344e-01,-4.533932805061340332e-01,7.021223902702331543e-01,7.835344076156616211e-01,-2.447317093610763550e-01,-6.668097525835037231e-02,-1.856744289398193359e-01,0.000000000000000000e+00,0.000000000000000000e+00,0.000000000000000000e+00,0.000000000000000000e+00,0.000000000000000000e+00,0.000000000000000000e+00,0.000000000000000000e+00
-4.853092879056930542e-02,-1.652510613203048706e-01,7.660689353942871094e-01,-2.025025337934494019e-02,4.276702553033828735e-02,7.554229497909545898e-01,6.535266637802124023e-01,-1.417367532849311829e-02,1.573513001203536987e-01,5.299361944198608398e-01,3.190139234066009521e-01,-4.739731550216674805e-01,1.127453371882438660e-01,-3.670878410339355469e-01,-2.402312159538269043e-01,-2.994841635227203369e-01,6.484346389770507812e-01,-3.898597955703735352e-01,6.029750779271125793e-02,-2.560017406940460205e-01,-6.978248059749603271e-02,1.991347372531890869e-01,-7.234138846397399902e-01,2.941417694091796875e-01,-4.730001389980316162e-01,8.761990666389465332e-01,-1.363082379102706909e-01,-1.505046486854553223e-01,3.307756781578063965e-01,0.000000000000000000e+00,0.000000000000000000e+00,0.000000000000000000e+00,0.000000000000000000e+00,0.000000000000000000e+00,0.000000000000000000e+00,0.000000000000000000e+00,-4.550791382789611816e-01,-4.358283579349517822e-01,7.070772647857666016e-01,8.122813105583190918e-01,-2.446664273738861084e-01,-7.202246040105819702e-02,-1.859797239303588867e-01,0.000000000000000000e+00,0.000000000000000000e+00,0.000000000000000000e+00,0.000000000000000000e+00,0.000000000000000000e+00,0.000000000000000000e+00,0.000000000000000000e+00
-4.954806715250015259e-02,-1.680611222982406616e-01,7.668219208717346191e-01,-2.076961472630500793e-02,4.834073409438133240e-02,7.375245690345764160e-01,6.732676029205322266e-01,1.536856056191027164e-03,1.437870115041732788e-01,5.717409849166870117e-01,2.868194878101348877e-01,-4.571524560451507568e-01,1.148064211010932922e-01,-3.058643043041229248e-01,-2.272351533174514771e-01,-3.188238143920898438e-01,6.019060611724853516e-01,-3.937745988368988037e-01,5.139845982193946838e-02,-2.412533015012741089e-01,-7.425366342067718506e-02,1.757711023092269897e-01,-7.802365422248840332e-01,2.824357748031616211e-01,-4.729695320129394531e-01,8.285808563232421875e-01,-1.436402797698974609e-01,-1.629188507795333862e-01,3.570236265659332275e-01,0.000000000000000000e+00,0.000000000000000000e+00,0.000000000000000000e+00,0.000000000000000000e+00,0.000000000000000000e+00,0.000000000000000000e+00,0.000000000000000000e+00,-4.453653991222381592e-01,-4.229190051555633545e-01,7.155352234840393066e-01,8.393187522888183594e-01,-2.561110854148864746e-01,-7.509917765855789185e-02,-2.033052742481231689e-01,0.000000000000000000e+00,0.000000000000000000e+00,0.000000000000000000e+00,0.000000000000000000e+00,0.000000000000000000e+00,0.000000000000000000e+00,0.000000000000000000e+00
-4.935179278254508972e-02,-1.700792610645294189e-01,7.666614651679992676e-01,-2.034814096987247467e-02,5.285251513123512268e-02,7.210997343063354492e-01,6.905126571655273438e-01,9.950080886483192444e-03,1.357170939445495605e-01,6.000397801399230957e-01,2.748790085315704346e-01,-4.500702023506164551e-01,1.159475073218345642e-01,-2.574179172515869141e-01,-2.137610614299774170e-01,-3.138577342033386230e-01,5.380483269691467285e-01,-3.862732052803039551e-01,5.667527392506599426e-02,-2.316992729902267456e-01,-7.925909012556076050e-02,1.585676670074462891e-01,-8.363037109375000000e-01,2.738015949726104736e-01,-4.738428592681884766e-01,7.963834404945373535e-01,-1.463533937931060791e-01,-1.742852032184600830e-01,3.807997107505798340e-01,0.000000000000000000e+00,0.000000000000000000e+00,0.000000000000000000e+00,0.000000000000000000e+00,0.000000000000000000e+00,0.000000000000000000e+00,0.000000000000000000e+00,-4.443744421005249023e-01,-4.163827598094940186e-01,7.296125292778015137e-01,8.508448004722595215e-01,-2.668385505676269531e-01,-7.872025668621063232e-02,-2.149057835340499878e-01,0.000000000000000000e+00,0.000000000000000000e+00,0.000000000000000000e+00,0.000000000000000000e+00,0.000000000000000000e+00,0.000000000000000000e+00,0.000000000000000000e+00
-4.804059490561485291e-02,-1.718575060367584229e-01,7.656530737876892090e-01,-1.781857013702392578e-02,5.718763172626495361e-02,7.078807353973388672e-01,7.037875652313232422e-01,9.992758743464946747e-03,1.323200017213821411e-01,6.204807758331298828e-01,2.863867282867431641e-01,-4.502132833003997803e-01,1.171776279807090759e-01,-2.218428552150726318e-01,-2.025073617696762085e-01,-3.002991676330566406e-01,4.671835005283355713e-01,-3.778150677680969238e-01,6.544777005910873413e-02,-2.232322543859481812e-01,-8.099149912595748901e-02,1.450730413198471069e-01,-8.964255452156066895e-01,2.705820202827453613e-01,-4.764014184474945068e-01,7.743330001831054688e-01,-1.471036672592163086e-01,-1.844370812177658081e-01,3.933471739292144775e-01,0.000000000000000000e+00,0.000000000000000000e+00,0.000000000000000000e+00,0.000000000000000000e+00,0.000000000000000000e+00,0.000000000000000000e+00,0.000000000000000000e+00,-4.464631378650665283e-01,-4.121542274951934814e-01,7.442570924758911133e-01,8.639873266220092773e-01,-2.880443930625915527e-01,-7.503017783164978027e-02,-2.177240252494812012e-01,0.000000000000000000e+00,0.000000000000000000e+00,0.000000000000000000e+00,0.000000000000000000e+00,0.000000000000000000e+00,0.000000000000000000e+00,0.000000000000000000e+00
-4.590338841080665588e-02,-1.738695651292800903e-01,7.644225955009460449e-01,-1.511623430997133255e-02,6.063132733106613159e-02,6.967269182205200195e-01,7.146096229553222656e-01,5.498489481396973133e-04,1.364847719669342041e-01,6.289567947387695312e-01,3.184191286563873291e-01,-4.537702798843383789e-01,1.161224097013473511e-01,-2.016282677650451660e-01,-1.873836070299148560e-01,-2.766124308109283447e-01,4.033974409103393555e-01,-3.932268917560577393e-01,6.615152955055236816e-02,-2.151444107294082642e-01,-8.190440386533737183e-02,1.411739736795425415e-01,-9.531269073486328125e-01,2.742790281772613525e-01,-4.797042012214660645e-01,7.512689232826232910e-01,-1.356457471847534180e-01,-1.932648867368698120e-01,4.154784381389617920e-01,0.000000000000000000e+00,0.000000000000000000e+00,0.000000000000000000e+00,0.000000000000000000e+00,0.000000000000000000e+00,0.000000000000000000e+00,0.000000000000000000e+00,-4.545169174671173096e-01,-4.133620560169219971e-01,7.608228325843811035e-01,8.677288889884948730e-01,-3.120229244232177734e-01,-7.283276319503784180e-02,-2.263748198747634888e-01,0.000000000000000000e+00,0.000000000000000000e+00,0.000000000000000000e+00,0.000000000000000000e+00,0.000000000000000000e+00,0.000000000000000000e+00,0.000000000000000000e+00
-4.329816251993179321e-02,-1.764019876718521118e-01,7.643802165985107422e-01,-1.318358536809682846e-02,6.233017146587371826e-02,6.882575750350952148e-01,7.226635813713073730e-01,-1.611335016787052155e-02,1.493380069732666016e-01,6.286588907241821289e-01,3.632589578628540039e-01,-4.474346339702606201e-01,1.097845584154129028e-01,-1.922641098499298096e-01,-1.759881079196929932e-01,-2.604610621929168701e-01,3.616504371166229248e-01,-3.914240598678588867e-01,6.199548020958900452e-02,-2.137678265571594238e-01,-8.052676171064376831e-02,1.425415128469467163e-01,-1.009061694145202637e+00,2.799653112888336182e-01,-4.860137104988098145e-01,7.455773949623107910e-01,-1.330264359712600708e-01,-1.936668306589126587e-01,4.337283372879028320e-01,0.000000000000000000e+00,0.000000000000000000e+00,0.000000000000000000e+00,0.000000000000000000e+00,0.000000000000000000e+00,0.000000000000000000e+00,0.000000000000000000e+00,-4.674639403820037842e-01,-4.150887429714202881e-01,7.790398001670837402e-01,8.715586066246032715e-01,-3.192492425441741943e-01,-6.610228866338729858e-02,-2.270711362361907959e-01,0.000000000000000000e+00,0.000000000000000000e+00,0.000000000000000000e+00,0.000000000000000000e+00,0.000000000000000000e+00,0.000000000000000000e+00,0.000000000000000000e+00
-4.045610874891281128e-02,-1.795037835836410522e-01,7.642448544502258301e-01,-1.202424243092536926e-02,6.369617581367492676e-02,6.789453625679016113e-01,7.313216924667358398e-01,-4.509896412491798401e-02,1.674682796001434326e-01,6.031444072723388672e-01,4.246900081634521484e-01,-4.343090057373046875e-01,9.705819189548492432e-02,-1.946416497230529785e-01,-1.647337824106216431e-01,-2.404109090566635132e-01,3.412235081195831299e-01,-3.884084224700927734e-01,5.522826686501502991e-02,-2.135120332241058350e-01,-7.636570930480957031e-02,1.494236588478088379e-01,-1.069754123687744141e+00,2.927317023277282715e-01,-4.928933978080749512e-01,7.481508851051330566e-01,-1.385622322559356689e-01,-1.930056363344192505e-01,4.361328780651092529e-01,0.000000000000000000e+00,0.000000000000000000e+00,0.000000000000000000e+00,0.000000000000000000e+00,0.000000000000000000e+00,0.000000000000000000e+00,0.000000000000000000e+00,-4.849729239940643311e-01,-4.157200455665588379e-01,7.936715483665466309e-01,8.701982498168945312e-01,-3.152479231357574463e-01,-6.031714007258415222e-02,-2.139651626348495483e-01,0.000000000000000000e+00,0.000000000000000000e+00,0.000000000000000000e+00,0.000000000000000000e+00,0.000000000000000000e+00,0.000000000000000000e+00,0.000000000000000000e+00
-3.767125308513641357e-02,-1.833455711603164673e-01,7.637355923652648926e-01,-1.141582243144512177e-02,6.118283420801162720e-02,6.665500998497009277e-01,7.428575158119201660e-01,-9.069389104843139648e-02,1.845498979091644287e-01,5.185316205024719238e-01,4.985354542732238770e-01,-4.143482148647308350e-01,6.555717438459396362e-02,-2.022342383861541748e-01,-1.458146274089813232e-01,-2.129896879196166992e-01,3.390368819236755371e-01,-3.847450613975524902e-01,4.573705792427062988e-02,-2.052340358495712280e-01,-6.913836300373077393e-02,1.636303663253784180e-01,-1.115108251571655273e+00,3.069490492343902588e-01,-5.003839731216430664e-01,7.548648715019226074e-01,-1.366881430149078369e-01,-1.868823170661926270e-01,4.378825724124908447e-01,0.000000000000000000e+00,0.000000000000000000e+00,0.000000000000000000e+00,0.000000000000000000e+00,0.000000000000000000e+00,0.000000000000000000e+00,0.000000000000000000e+00,-5.027809739112854004e-01,-4.179934263229370117e-01,8.078582882881164551e-01,8.574923276901245117e-01,-3.066080808639526367e-01,-5.724459141492843628e-02,-1.975614726543426514e-01,0.000000000000000000e+00,0.000000000000000000e+00,0.000000000000000000e+00,0.000000000000000000e+00,0.000000000000000000e+00,0.000000000000000000e+00,0.000000000000000000e+00
-3.564418479800224304e-02,-1.880895048379898071e-01,7.626682519912719727e-01,-1.211149804294109344e-02,5.676780641078948975e-02,6.526402831077575684e-01,7.554411888122558594e-01,-1.534180790185928345e-01,1.839429736137390137e-01,4.019940197467803955e-01,5.628694891929626465e-01,-4.357066154479980469e-01,3.297955915331840515e-02,-2.151402533054351807e-01,-1.215866357088088989e-01,-1.819191575050354004e-01,3.469231128692626953e-01,-3.815361261367797852e-01,3.785433620214462280e-02,-1.907571405172348022e-01,-5.888216197490692139e-02,1.769144088029861450e-01,-1.150482058525085449e+00,3.210394382476806641e-01,-5.136268734931945801e-01,7.753391265869140625e-01,-1.275132745504379272e-01,-1.787842959165573120e-01,4.381990432739257812e-01,0.000000000000000000e+00,0.000000000000000000e+00,0.000000000000000000e+00,0.000000000000000000e+00,0.000000000000000000e+00,0.000000000000000000e+00,0.000000000000000000e+00,-5.150412321090698242e-01,-4.161395728588104248e-01,8.202406167984008789e-01,8.439667224884033203e-01,-3.018440306186676025e-01,-5.103075876832008362e-02,-1.897009164094924927e-01,0.000000000000000000e+00,0.000000000000000000e+00,0.000000000000000000e+00,0.000000000000000000e+00,0.000000000000000000e+00,0.000000000000000000e+00,0.000000000000000000e+00
-3.405734524130821228e-02,-1.937012523412704468e-01,7.618635296821594238e-01,-9.974671527743339539e-03,5.742076784372329712e-02,6.453410983085632324e-01,7.616680264472961426e-01,-1.878100186586380005e-01,1.975997090339660645e-01,3.547708094120025635e-01,6.176496148109436035e-01,-4.445082843303680420e-01,2.264400012791156769e-02,-2.321390658617019653e-01,-1.162986159324645996e-01,-1.630149036645889282e-01,3.591426610946655273e-01,-3.832173347473144531e-01,3.307348862290382385e-02,-1.861209273338317871e-01,-5.561119690537452698e-02,1.855438500642776489e-01,-1.170572400093078613e+00,3.266029953956604004e-01,-5.212649703025817871e-01,7.942264676094055176e-01,-1.211703196167945862e-01,-1.748955994844436646e-01,4.450379312038421631e-01,0.000000000000000000e+00,0.000000000000000000e+00,0.000000000000000000e+00,0.000000000000000000e+00,0.000000000000000000e+00,0.000000000000000000e+00,0.000000000000000000e+00,-5.280261635780334473e-01,-4.186572432518005371e-01,8.315684795379638672e-01,8.319162726402282715e-01,-3.086252510547637939e-01,-4.814378917217254639e-02,-1.931877434253692627e-01,0.000000000000000000e+00,0.000000000000000000e+00,0.000000000000000000e+00,0.000000000000000000e+00,0.000000000000000000e+00,0.000000000000000000e+00,0.000000000000000000e+00
-3.304437547922134399e-02,-1.998555809259414673e-01,7.611914873123168945e-01,-1.013289950788021088e-02,6.072542443871498108e-02,6.398545503616333008e-01,7.660260200500488281e-01,-2.106266766786575317e-01,2.180452793836593628e-01,3.226495683193206787e-01,6.654314398765563965e-01,-4.452060163021087646e-01,1.757093332707881927e-02,-2.576987743377685547e-01,-1.126798689365386963e-01,-1.470123678445816040e-01,3.723190128803253174e-01,-3.810425996780395508e-01,3.203005716204643250e-02,-1.904717534780502319e-01,-5.514238029718399048e-02,1.921356916427612305e-01,-1.186788082122802734e+00,3.349752128124237061e-01,-5.292621254920959473e-01,8.298346400260925293e-01,-1.192110627889633179e-01,-1.709073036909103394e-01,4.466217756271362305e-01,0.000000000000000000e+00,0.000000000000000000e+00,0.000000000000000000e+00,0.000000000000000000e+00,0.000000000000000000e+00,0.000000000000000000e+00,0.000000000000000000e+00,-5.466361045837402344e-01,-4.167344868183135986e-01,8.390522599220275879e-01,8.275824189186096191e-01,-3.130223453044891357e-01,-4.552560672163963318e-02,-1.983967125415802002e-01,0.000000000000000000e+00,0.000000000000000000e+00,0.000000000000000000e+00,0.000000000000000000e+00,0.000000000000000000e+00,0.000000000000000000e+00,0.000000000000000000e+00
-3.267236053943634033e-02,-2.062886506319046021e-01,7.604536414146423340e-01,-8.734816685318946838e-03,6.297868490219116211e-02,6.354677677154541016e-01,7.695051431655883789e-01,-2.207264602184295654e-01,2.338113933801651001e-01,2.839779257774353027e-01,6.821182370185852051e-01,-4.406181573867797852e-01,1.520835142582654953e-02,-2.808304429054260254e-01,-1.113553270697593689e-01,-1.309897601604461670e-01,3.888077735900878906e-01,-3.802267313003540039e-01,2.701495960354804993e-02,-1.934910416603088379e-01,-5.631626769900321960e-02,1.994836032390594482e-01,-1.186448693275451660e+00,3.352236449718475342e-01,-5.300061702728271484e-01,8.726854920387268066e-01,-1.208606585860252380e-01,-1.687983274459838867e-01,4.550400376319885254e-01,0.000000000000000000e+00,0.000000000000000000e+00,0.000000000000000000e+00,0.000000000000000000e+00,0.000000000000000000e+00,0.000000000000000000e+00,0.000000000000000000e+00,-5.613884329795837402e-01,-4.147751927375793457e-01,8.450722694396972656e-01,8.253056406974792480e-01,-3.197242319583892822e-01,-4.757221415638923645e-02,-2.107174992561340332e-01,0.000000000000000000e+00,0.000000000000000000e+00,0.000000000000000000e+00,0.000000000000000000e+00,0.000000000000000000e+00,0.000000000000000000e+00,0.000000000000000000e+00
-3.316144645214080811e-02,-2.127459049224853516e-01,7.597133517265319824e-01,-9.110856801271438599e-03,6.594872474670410156e-02,6.310963034629821777e-01,7.728422880172729492e-01,-2.107306420803070068e-01,2.511560916900634766e-01,2.456349581480026245e-01,6.889942884445190430e-01,-4.279450476169586182e-01,1.315926387906074524e-02,-3.075382709503173828e-01,-1.068639457225799561e-01,-1.087431758642196655e-01,4.039378762245178223e-01,-3.761960566043853760e-01,2.717771567404270172e-02,-2.020878791809082031e-01,-6.127027049660682678e-02,2.034485936164855957e-01,-1.173711776733398438e+00,3.406266272068023682e-01,-5.231181383132934570e-01,9.251183867454528809e-01,-1.287488192319869995e-01,-1.630192995071411133e-01,4.640502035617828369e-01,0.000000000000000000e+00,0.000000000000000000e+00,0.000000000000000000e+00,0.000000000000000000e+00,0.000000000000000000e+00,0.000000000000000000e+00,0.000000000000000000e+00,-5.745254755020141602e-01,-4.119929075241088867e-01,8.499920368194580078e-01,8.198148012161254883e-01,-3.243022561073303223e-01,-4.854721948504447937e-02,-2.208771705627441406e-01,0.000000000000000000e+00,0.000000000000000000e+00,0.000000000000000000e+00,0.000000000000000000e+00,0.000000000000000000e+00,0.000000000000000000e+00,0.000000000000000000e+00
-3.462456166744232178e-02,-2.192755639553070068e-01,7.585449218750000000e-01,-9.766119532287120819e-03,6.727894395589828491e-02,6.289274096488952637e-01,7.744859457015991211e-01,-1.918434798717498779e-01,2.725374400615692139e-01,2.123293727636337280e-01,6.769001483917236328e-01,-4.091493189334869385e-01,8.382415398955345154e-03,-3.292538821697235107e-01,-1.036439538002014160e-01,-9.520386904478073120e-02,4.161044955253601074e-01,-3.738177716732025146e-01,2.781881578266620636e-02,-2.121351957321166992e-01,-6.540413200855255127e-02,2.068907022476196289e-01,-1.150166273117065430e+00,3.484729230403900146e-01,-5.215702056884765625e-01,9.755539298057556152e-01,-1.177401170134544373e-01,-1.518161147832870483e-01,4.696946144104003906e-01,0.000000000000000000e+00,0.000000000000000000e+00,0.000000000000000000e+00,0.000000000000000000e+00,0.000000000000000000e+00,0.000000000000000000e+00,0.000000000000000000e+00,-5.864462256431579590e-01,-4.105598032474517822e-01,8.553805351257324219e-01,8.155515789985656738e-01,-3.295083045959472656e-01,-4.835239425301551819e-02,-2.309357672929763794e-01,0.000000000000000000e+00,0.000000000000000000e+00,0.000000000000000000e+00,0.000000000000000000e+00,0.000000000000000000e+00,0.000000000000000000e+00,0.000000000000000000e+00
-3.729502856731414795e-02,-2.258572578430175781e-01,7.570884823799133301e-01,-1.152889151126146317e-02,6.814638525247573853e-02,6.254898309707641602e-01,7.771651148796081543e-01,-1.671915501356124878e-01,2.904763519763946533e-01,1.751443892717361450e-01,6.598468422889709473e-01,-3.850502371788024902e-01,1.163199660368263721e-03,-3.537492454051971436e-01,-9.662069380283355713e-02,-7.497809827327728271e-02,4.301461875438690186e-01,-3.698087632656097412e-01,3.019115142524242401e-02,-2.214126288890838623e-01,-7.109268754720687866e-02,2.096050530672073364e-01,-1.120014667510986328e+00,3.542709052562713623e-01,-5.179057717323303223e-01,1.028171181678771973e+00,-9.572236239910125732e-02,-1.402486562728881836e-01,4.752295315265655518e-01,0.000000000000000000e+00,0.000000000000000000e+00,0.000000000000000000e+00,0.000000000000000000e+00,0.000000000000000000e+00,0.000000000000000000e+00,0.000000000000000000e+00,-5.938290953636169434e-01,-4.083665013313293457e-01,8.634487986564636230e-01,8.050628900527954102e-01,-3.385376334190368652e-01,-4.692613333463668823e-02,-2.387917786836624146e-01,0.000000000000000000e+00,0.000000000000000000e+00,0.000000000000000000e+00,0.000000000000000000e+00,0.000000000000000000e+00,0.000000000000000000e+00,0.000000000000000000e+00
-4.126292094588279724e-02,-2.327222377061843872e-01,7.552147507667541504e-01,-1.386356726288795471e-02,6.912186741828918457e-02,6.222316026687622070e-01,7.796523571014404297e-01,-1.444845050573348999e-01,3.039938211441040039e-01,1.456985771656036377e-01,6.339270472526550293e-01,-3.661493659019470215e-01,-1.239733770489692688e-02,-3.787928223609924316e-01,-9.176792949438095093e-02,-6.046628952026367188e-02,4.421812295913696289e-01,-3.667641282081604004e-01,3.419435769319534302e-02,-2.284213900566101074e-01,-7.588721066713333130e-02,2.162273228168487549e-01,-1.078938722610473633e+00,3.518796563148498535e-01,-5.013881921768188477e-01,1.082117199897766113e+00,-9.322918951511383057e-02,-1.397412121295928955e-01,4.812440276145935059e-01,0.000000000000000000e+00,0.000000000000000000e+00,0.000000000000000000e+00,0.000000000000000000e+00,0.000000000000000000e+00,0.000000000000000000e+00,0.000000000000000000e+00,-5.984424948692321777e-01,-4.107122719287872314e-01,8.684299588203430176e-01,7.865617275238037109e-01,-3.445391654968261719e-01,-5.503850057721138000e-02,-2.480068653821945190e-01,0.000000000000000000e+00,0.000000000000000000e+00,0.000000000000000000e+00,0.000000000000000000e+00,0.000000000000000000e+00,0.000000000000000000e+00,0.000000000000000000e+00
-4.658019915223121643e-02,-2.400500327348709106e-01,7.529115676879882812e-01,-1.568780466914176941e-02,6.855078786611557007e-02,6.206427216529846191e-01,7.809336185455322266e-01,-1.299423277378082275e-01,3.151338100433349609e-01,1.224393323063850403e-01,6.117658019065856934e-01,-3.513845205307006836e-01,-2.349920570850372314e-02,-4.018338024616241455e-01,-9.054879844188690186e-02,-5.320335924625396729e-02,4.566310346126556396e-01,-3.645961582660675049e-01,3.794315829873085022e-02,-2.330567985773086548e-01,-7.911746203899383545e-02,2.259902060031890869e-01,-1.030477166175842285e+00,3.477948904037475586e-01,-4.861848950386047363e-01,1.133450865745544434e+00,-8.996995538473129272e-02,-1.379470080137252808e-01,4.783064126968383789e-01,0.000000000000000000e+00,0.000000000000000000e+00,0.000000000000000000e+00,0.000000000000000000e+00,0.000000000000000000e+00,0.000000000000000000e+00,0.000000000000000000e+00,-6.006713509559631348e-01,-4.181990623474121094e-01,8.691644668579101562e-01,7.658551335334777832e-01,-3.456225991249084473e-01,-6.311912089586257935e-02,-2.488192468881607056e-01,0.000000000000000000e+00,0.000000000000000000e+00,0.000000000000000000e+00,0.000000000000000000e+00,0.000000000000000000e+00,0.000000000000000000e+00,0.000000000000000000e+00
-5.329414457082748413e-02,-2.478987872600555420e-01,7.504676580429077148e-01,-1.678408123552799225e-02,6.681559234857559204e-02,6.174839138984680176e-01,7.835608124732971191e-01,-1.193744018673896790e-01,3.205454945564270020e-01,9.318485110998153687e-02,5.919373631477355957e-01,-3.425885438919067383e-01,-3.400494903326034546e-02,-4.253579378128051758e-01,-8.885033428668975830e-02,-4.286475479602813721e-02,4.739648401737213135e-01,-3.592728972434997559e-01,4.383352771401405334e-02,-2.362592369318008423e-01,-8.456571400165557861e-02,2.373289018869400024e-01,-9.731304049491882324e-01,3.468341529369354248e-01,-4.668378829956054688e-01,1.187919616699218750e+00,-8.357890695333480835e-02,-1.338212639093399048e-01,4.737948775291442871e-01,0.000000000000000000e+00,0.000000000000000000e+00,0.000000000000000000e+00,0.000000000000000000e+00,0.000000000000000000e+00,0.000000000000000000e+00,0.000000000000000000e+00,-6.030189394950866699e-01,-4.258845746517181396e-01,8.710427880287170410e-01,7.474966645240783691e-01,-3.535883426666259766e-01,-6.847536563873291016e-02,-2.438129931688308716e-01,0.000000000000000000e+00,0.000000000000000000e+00,0.000000000000000000e+00,0.000000000000000000e+00,0.000000000000000000e+00,0.000000000000000000e+00,0.000000000000000000e+00
-6.125920265913009644e-02,-2.563273012638092041e-01,7.472237348556518555e-01,-1.757685467600822449e-02,6.463774293661117554e-02,6.149046421051025391e-01,7.857514023780822754e-01,-1.159551665186882019e-01,3.265889585018157959e-01,8.546813577413558960e-02,5.824682116508483887e-01,-3.429305851459503174e-01,-4.163972660899162292e-02,-4.496038258075714111e-01,-9.248327463865280151e-02,-4.317524284124374390e-02,4.930420219898223877e-01,-3.553437590599060059e-01,5.181963741779327393e-02,-2.369567453861236572e-01,-8.982127159833908081e-02,2.497318089008331299e-01,-9.079731106758117676e-01,3.493388593196868896e-01,-4.396631419658660889e-01,1.236781239509582520e+00,-8.955518156290054321e-02,-1.336518824100494385e-01,4.662949144840240479e-01,0.000000000000000000e+00,0.000000000000000000e+00,0.000000000000000000e+00,0.000000000000000000e+00,0.000000000000000000e+00,0.000000000000000000e+00,0.000000000000000000e+00,-6.027389764785766602e-01,-4.398390054702758789e-01,8.726920485496520996e-01,7.207315564155578613e-01,-3.607901930809020996e-01,-7.723285257816314697e-02,-2.307596206665039062e-01,0.000000000000000000e+00,0.000000000000000000e+00,0.000000000000000000e+00,0.000000000000000000e+00,0.000000000000000000e+00,0.000000000000000000e+00,0.000000000000000000e+00
-7.023164629936218262e-02,-2.650313973426818848e-01,7.438097596168518066e-01,-1.919148862361907959e-02,6.076456978917121887e-02,6.139305830001831055e-01,7.867836952209472656e-01,-1.151306182146072388e-01,3.263523578643798828e-01,7.524181157350540161e-02,5.676203370094299316e-01,-3.475360870361328125e-01,-4.096911102533340454e-02,-4.699068665504455566e-01,-9.356337785720825195e-02,-4.050396755337715149e-02,5.070762038230895996e-01,-3.480429053306579590e-01,5.770382657647132874e-02,-2.379884272813796997e-01,-9.147954732179641724e-02,2.643882036209106445e-01,-8.328299522399902344e-01,3.566735088825225830e-01,-4.161133766174316406e-01,1.283928513526916504e+00,-7.597176730632781982e-02,-1.309041678905487061e-01,4.527126252651214600e-01,0.000000000000000000e+00,0.000000000000000000e+00,0.000000000000000000e+00,0.000000000000000000e+00,0.000000000000000000e+00,0.000000000000000000e+00,0.000000000000000000e+00,-6.013129353523254395e-01,-4.506592750549316406e-01,8.718515038490295410e-01,7.083536982536315918e-01,-3.692303299903869629e-01,-8.284503966569900513e-02,-2.154942303895950317e-01,0.000000000000000000e+00,0.000000000000000000e+00,0.000000000000000000e+00,0.000000000000000000e+00,0.000000000000000000e+00,0.000000000000000000e+00,0.000000000000000000e+00
-7.989035546779632568e-02,-2.737907171249389648e-01,7.400084137916564941e-01,-2.200859040021896362e-02,5.663806200027465820e-02,6.152541637420654297e-01,7.859835028648376465e-01,-1.211859434843063354e-01,3.209893703460693359e-01,7.196573913097381592e-02,5.569159388542175293e-01,-3.587713241577148438e-01,-3.707266598939895630e-02,-4.914020895957946777e-01,-9.629943221807479858e-02,-4.113040119409561157e-02,5.221638083457946777e-01,-3.380181193351745605e-01,6.447474658489227295e-02,-2.355601191520690918e-01,-9.267043322324752808e-02,2.802634537220001221e-01,-7.628973722457885742e-01,3.673979043960571289e-01,-3.843700289726257324e-01,1.317608833312988281e+00,-6.667700409889221191e-02,-1.352607309818267822e-01,4.412460327148437500e-01,0.000000000000000000e+00,0.000000000000000000e+00,0.000000000000000000e+00,0.000000000000000000e+00,0.000000000000000000e+00,0.000000000000000000e+00,0.000000000000000000e+00,-6.017256379127502441e-01,-4.644239544868469238e-01,8.720434904098510742e-01,7.005637884140014648e-01,-3.868012130260467529e-01,-9.119709581136703491e-02,-2.009848654270172119e-01,0.000000000000000000e+00,0.000000000000000000e+00,0.000000000000000000e+00,0.000000000000000000e+00,0.000000000000000000e+00,0.000000000000000000e+00,0.000000000000000000e+00
-8.982510119676589966e-02,-2.822377681732177734e-01,7.368134260177612305e-01,-2.555295266211032867e-02,5.500592291355133057e-02,6.165205836296081543e-01,7.849992513656616211e-01,-1.312258243560791016e-01,3.120028078556060791e-01,6.323038786649703979e-02,5.476868152618408203e-01,-3.716659247875213623e-01,-3.521762788295745850e-02,-5.134282708168029785e-01,-1.014882773160934448e-01,-4.139472171664237976e-02,5.281350016593933105e-01,-3.245759308338165283e-01,7.305087894201278687e-02,-2.289614379405975342e-01,-9.059169888496398926e-02,2.969009578227996826e-01,-6.873849630355834961e-01,3.795374631881713867e-01,-3.535627126693725586e-01,1.358676433563232422e+00,-7.001134008169174194e-02,-1.423102170228958130e-01,4.184274971485137939e-01,0.000000000000000000e+00,0.000000000000000000e+00,0.000000000000000000e+00,0.000000000000000000e+00,0.000000000000000000e+00,0.000000000000000000e+00,0.000000000000000000e+00,-5.992318391799926758e-01,-4.779670238494873047e-01,8.641097545623779297e-01,7.053147554397583008e-01,-3.906213045120239258e-01,-1.014860197901725769e-01,-1.890498101711273193e-01,0.000000000000000000e+00,0.000000000000000000e+00,0.000000000000000000e+00,0.000000000000000000e+00,0.000000000000000000e+00,0.000000000000000000e+00,0.000000000000000000e+00
-9.967482835054397583e-02,-2.900669872760772705e-01,7.327480912208557129e-01,-2.860509604215621948e-02,5.253551527857780457e-02,6.176801323890686035e-01,7.841511368751525879e-01,-1.427047103643417358e-01,3.015967607498168945e-01,6.404329836368560791e-02,5.420708060264587402e-01,-4.100422263145446777e-01,-2.187389135360717773e-02,-5.355029106140136719e-01,-1.055107191205024719e-01,-3.717833384871482849e-02,5.395582318305969238e-01,-3.147190511226654053e-01,8.552549034357070923e-02,-2.204578369855880737e-01,-9.262152761220932007e-02,3.165242969989776611e-01,-6.193201541900634766e-01,4.046384990215301514e-01,-3.256765305995941162e-01,1.394092798233032227e+00,-5.977093428373336792e-02,-1.435986608266830444e-01,3.909802138805389404e-01,0.000000000000000000e+00,0.000000000000000000e+00,0.000000000000000000e+00,0.000000000000000000e+00,0.000000000000000000e+00,0.000000000000000000e+00,0.000000000000000000e+00,-5.937085747718811035e-01,-4.885820746421813965e-01,8.533023595809936523e-01,7.168889045715332031e-01,-3.888189792633056641e-01,-1.056130528450012207e-01,-1.715440005064010620e-01,0.000000000000000000e+00,0.000000000000000000e+00,0.000000000000000000e+00,0.000000000000000000e+00,0.000000000000000000e+00,0.000000000000000000e+00,0.000000000000000000e+00
-1.089314445853233337e-01,-2.969410121440887451e-01,7.297711372375488281e-01,-3.031463921070098877e-02,5.158826336264610291e-02,6.200029253959655762e-01,7.823145389556884766e-01,-1.498788744211196899e-01,2.927533984184265137e-01,6.539839506149291992e-02,5.275320410728454590e-01,-4.598805010318756104e-01,-5.565470550209283829e-03,-5.550775527954101562e-01,-1.139767765998840332e-01,-3.074907697737216949e-02,5.481680035591125488e-01,-3.016754090785980225e-01,9.418356418609619141e-02,-2.062974721193313599e-01,-9.560971707105636597e-02,3.324810564517974854e-01,-5.428396463394165039e-01,4.299242496490478516e-01,-2.898777425289154053e-01,1.429715037345886230e+00,-4.637873545289039612e-02,-1.399476975202560425e-01,3.650007843971252441e-01,0.000000000000000000e+00,0.000000000000000000e+00,0.000000000000000000e+00,0.000000000000000000e+00,0.000000000000000000e+00,0.000000000000000000e+00,0.000000000000000000e+00,-5.800902247428894043e-01,-4.907023310661315918e-01,8.329775929450988770e-01,7.470783591270446777e-01,-3.869986832141876221e-01,-1.013793498277664185e-01,-1.625772416591644287e-01,0.000000000000000000e+00,0.000000000000000000e+00,0.000000000000000000e+00,0.000000000000000000e+00,0.000000000000000000e+00,0.000000000000000000e+00,0.000000000000000000e+00
-1.172256842255592346e-01,-3.025819957256317139e-01,7.271285057067871094e-01,-3.027807921171188354e-02,4.866202920675277710e-02,6.233783364295959473e-01,7.798171043395996094e-01,-1.559369564056396484e-01,2.868189811706542969e-01,6.687234342098236084e-02,5.217812657356262207e-01,-5.024331808090209961e-01,1.017881929874420166e-02,-5.702168345451354980e-01,-1.228453442454338074e-01,-2.337869070470333099e-02,5.654523968696594238e-01,-2.887280881404876709e-01,9.928029030561447144e-02,-1.890253126621246338e-01,-1.008322685956954956e-01,3.490252792835235596e-01,-4.579548537731170654e-01,4.573633372783660889e-01,-2.572940587997436523e-01,1.467927813529968262e+00,-2.608633786439895630e-02,-1.323869824409484863e-01,3.357211947441101074e-01,0.000000000000000000e+00,0.000000000000000000e+00,0.000000000000000000e+00,0.000000000000000000e+00,0.000000000000000000e+00,0.000000000000000000e+00,0.000000000000000000e+00,-5.614279508590698242e-01,-4.907171726226806641e-01,8.184074759483337402e-01,7.827107310295104980e-01,-3.866011798381805420e-01,-9.376674145460128784e-02,-1.577033549547195435e-01,0.000000000000000000e+00,0.000000000000000000e+00,0.000000000000000000e+00,0.000000000000000000e+00,0.000000000000000000e+00,0.000000000000000000e+00,0.000000000000000000e+00
-1.242599785327911377e-01,-3.066995739936828613e-01,7.274433374404907227e-01,-3.175957500934600830e-02,4.823062568902969360e-02,6.263206601142883301e-01,7.774236798286437988e-01,-1.627605706453323364e-01,2.798041105270385742e-01,6.870090961456298828e-02,5.098009705543518066e-01,-5.188612341880798340e-01,1.566368341445922852e-02,-5.793957710266113281e-01,-1.313574463129043579e-01,-2.015823498368263245e-02,5.646609663963317871e-01,-2.626342773437500000e-01,1.093046665191650391e-01,-1.699820458889007568e-01,-1.043017506599426270e-01,3.647611737251281738e-01,-3.726053237915039062e-01,4.855149090290069580e-01,-2.145245075225830078e-01,1.502122282981872559e+00,-1.245858520269393921e-02,-1.303479224443435669e-01,3.105109930038452148e-01,0.000000000000000000e+00,0.000000000000000000e+00,0.000000000000000000e+00,0.000000000000000000e+00,0.000000000000000000e+00,0.000000000000000000e+00,0.000000000000000000e+00,-5.302379131317138672e-01,-4.898914694786071777e-01,7.924655675888061523e-01,8.091887831687927246e-01,-3.718020319938659668e-01,-8.978189527988433838e-02,-1.571452468633651733e-01,0.000000000000000000e+00,0.000000000000000000e+00,0.000000000000000000e+00,0.000000000000000000e+00,0.000000000000000000e+00,0.000000000000000000e+00,0.000000000000000000e+00
-1.298369467258453369e-01,-3.092800378799438477e-01,7.278279662132263184e-01,-3.417993709444999695e-02,4.952425509691238403e-02,6.292583942413330078e-01,7.748631834983825684e-01,-1.752687990665435791e-01,2.738039493560791016e-01,6.899036467075347900e-02,5.058531761169433594e-01,-5.278324484825134277e-01,1.732318475842475891e-02,-5.924119949340820312e-01,-1.392380148172378540e-01,-1.774434000253677368e-02,5.681377649307250977e-01,-2.398672550916671753e-01,1.113108173012733459e-01,-1.517014205455780029e-01,-1.093386486172676086e-01,3.759086728096008301e-01,-2.840273082256317139e-01,5.138242244720458984e-01,-1.653158664703369141e-01,1.542402744293212891e+00,-3.624926554039120674e-03,-1.246507838368415833e-01,2.755223512649536133e-01,0.000000000000000000e+00,0.000000000000000000e+00,0.000000000000000000e+00,0.000000000000000000e+00,0.000000000000000000e+00,0.000000000000000000e+00,0.000000000000000000e+00,-4.998751878738403320e-01,-4.858594834804534912e-01,7.662848830223083496e-01,8.302941322326660156e-01,-3.467760980129241943e-01,-8.606038242578506470e-02,-1.473618596792221069e-01,0.000000000000000000e+00,0.000000000000000000e+00,0.000000000000000000e+00,0.000000000000000000e+00,0.000000000000000000e+00,0.000000000000000000e+00,0.000000000000000000e+00
-1.339184939861297607e-01,-3.103301823139190674e-01,7.293695211410522461e-01,-3.962400928139686584e-02,5.261326581239700317e-02,6.311820149421691895e-01,7.728331089019775391e-01,-1.902624964714050293e-01,2.720168530941009521e-01,6.901277601718902588e-02,4.980555176734924316e-01,-5.248734951019287109e-01,1.599237322807312012e-02,-6.054509282112121582e-01,-1.406742334365844727e-01,-1.430884283035993576e-02,5.623769760131835938e-01,-2.146219909191131592e-01,1.171825081110000610e-01,-1.385561078786849976e-01,-1.137009039521217346e-01,3.841711282730102539e-01,-2.050790339708328247e-01,5.434011816978454590e-01,-1.162053421139717102e-01,1.571931838989257812e+00,6.002331618219614029e-03,-1.214118003845214844e-01,2.451153099536895752e-01,0.000000000000000000e+00,0.000000000000000000e+00,0.000000000000000000e+00,0.000000000000000000e+00,0.000000000000000000e+00,0.000000000000000000e+00,0.000000000000000000e+00,-4.718916118144989014e-01,-4.765769839286804199e-01,7.420029640197753906e-01,8.354214429855346680e-01,-3.194781541824340820e-01,-8.658237010240554810e-02,-1.416894048452377319e-01,0.000000000000000000e+00,0.000000000000000000e+00,0.000000000000000000e+00,0.000000000000000000e+00,0.000000000000000000e+00,0.000000000000000000e+00,0.000000000000000000e+00
-1.365780532360076904e-01,-3.100531995296478271e-01,7.306395769119262695e-01,-4.641630500555038452e-02,5.637677013874053955e-02,6.310147643089294434e-01,7.723260521888732910e-01,-2.022393196821212769e-01,2.739898860454559326e-01,7.040381431579589844e-02,4.869158864021301270e-01,-5.220402479171752930e-01,1.532080955803394318e-02,-6.210473179817199707e-01,-1.357092261314392090e-01,-7.861459627747535706e-03,5.588691234588623047e-01,-1.959913969039916992e-01,1.193568706512451172e-01,-1.302505582571029663e-01,-1.197970211505889893e-01,3.903271555900573730e-01,-1.288844347000122070e-01,5.679017901420593262e-01,-7.057938724756240845e-02,1.596237659454345703e+00,6.607771385461091995e-03,-1.154247745871543884e-01,2.128846794366836548e-01,0.000000000000000000e+00,0.000000000000000000e+00,0.000000000000000000e+00,0.000000000000000000e+00,0.000000000000000000e+00,0.000000000000000000e+00,0.000000000000000000e+00,-4.517968893051147461e-01,-4.629012346267700195e-01,7.227957248687744141e-01,8.355385661125183105e-01,-2.937394678592681885e-01,-8.526705950498580933e-02,-1.372894197702407837e-01,0.000000000000000000e+00,0.000000000000000000e+00,0.000000000000000000e+00,0.000000000000000000e+00,0.000000000000000000e+00,0.000000000000000000e+00,0.000000000000000000e+00
-1.379050314426422119e-01,-3.088826239109039307e-01,7.313909530639648438e-01,-5.195004120469093323e-02,6.068561971187591553e-02,6.315279006958007812e-01,7.712269425392150879e-01,-2.125066071748733521e-01,2.753241062164306641e-01,7.405233383178710938e-02,4.767711162567138672e-01,-5.187712311744689941e-01,1.417918130755424500e-02,-6.333503723144531250e-01,-1.343523710966110229e-01,-5.598772782832384109e-03,5.559845566749572754e-01,-1.901778876781463623e-01,1.164365783333778381e-01,-1.226753890514373779e-01,-1.215669214725494385e-01,3.957376182079315186e-01,-6.865394860506057739e-02,5.845593810081481934e-01,-1.898670569062232971e-02,1.613143444061279297e+00,-6.913305725902318954e-03,-1.096910536289215088e-01,1.941727697849273682e-01,0.000000000000000000e+00,0.000000000000000000e+00,0.000000000000000000e+00,0.000000000000000000e+00,0.000000000000000000e+00,0.000000000000000000e+00,0.000000000000000000e+00,-4.343867897987365723e-01,-4.506596624851226807e-01,7.021693587303161621e-01,8.323174118995666504e-01,-2.676219940185546875e-01,-8.389168977737426758e-02,-1.374457031488418579e-01,0.000000000000000000e+00,0.000000000000000000e+00,0.000000000000000000e+00,0.000000000000000000e+00,0.000000000000000000e+00,0.000000000000000000e+00,0.000000000000000000e+00
-1.380949616432189941e-01,-3.071414828300476074e-01,7.318433523178100586e-01,-5.665401369333267212e-02,6.423411518335342407e-02,6.311314105987548828e-01,7.709328532218933105e-01,-2.172501534223556519e-01,2.777961492538452148e-01,7.716070860624313354e-02,4.648369252681732178e-01,-5.159305334091186523e-01,1.170620601624250412e-02,-6.408628225326538086e-01,-1.310677528381347656e-01,-4.715024027973413467e-03,5.505501627922058105e-01,-1.886307299137115479e-01,1.134025529026985168e-01,-1.211585924029350281e-01,-1.236767694354057312e-01,3.969214558601379395e-01,-2.593762986361980438e-02,5.921088457107543945e-01,1.392966043204069138e-02,1.618821144104003906e+00,-1.683191582560539246e-02,-1.069980859756469727e-01,1.892507523298263550e-01,0.000000000000000000e+00,0.000000000000000000e+00,0.000000000000000000e+00,0.000000000000000000e+00,0.000000000000000000e+00,0.000000000000000000e+00,0.000000000000000000e+00,-4.294093251228332520e-01,-4.399772286415100098e-01,6.953649520874023438e-01,8.207609653472900391e-01,-2.566346228122711182e-01,-8.508171141147613525e-02,-1.452095657587051392e-01,0.000000000000000000e+00,0.000000000000000000e+00,0.000000000000000000e+00,0.000000000000000000e+00,0.000000000000000000e+00,0.000000000000000000e+00,0.000000000000000000e+00
-1.372207701206207275e-01,-3.052349090576171875e-01,7.316701412200927734e-01,-5.949612706899642944e-02,6.564226001501083374e-02,6.315779089927673340e-01,7.702341079711914062e-01,-2.187798470258712769e-01,2.818997502326965332e-01,7.816462218761444092e-02,4.594539701938629150e-01,-5.167062878608703613e-01,9.158092550933361053e-03,-6.425411105155944824e-01,-1.268980503082275391e-01,-2.935823053121566772e-03,5.491260290145874023e-01,-1.959017366170883179e-01,1.049945428967475891e-01,-1.255278736352920532e-01,-1.249423176050186157e-01,3.968133628368377686e-01,-6.069059483706951141e-03,5.884888172149658203e-01,2.848962321877479553e-02,1.623368740081787109e+00,-2.347964607179164886e-02,-1.038431599736213684e-01,1.933744400739669800e-01,0.000000000000000000e+00,0.000000000000000000e+00,0.000000000000000000e+00,0.000000000000000000e+00,0.000000000000000000e+00,0.000000000000000000e+00,0.000000000000000000e+00,-4.347736239433288574e-01,-4.297713637351989746e-01,6.967877149581909180e-01,8.100830912590026855e-01,-2.571690976619720459e-01,-8.239559084177017212e-02,-1.578667461872100830e-01,0.000000000000000000e+00,0.000000000000000000e+00,0.000000000000000000e+00,0.000000000000000000e+00,0.000000000000000000e+00,0.000000000000000000e+00,0.000000000000000000e+00
-1.353891938924789429e-01,-3.034405410289764404e-01,7.316849231719970703e-01,-6.127352267503738403e-02,6.641652435064315796e-02,6.317716836929321289e-01,7.698694467544555664e-01,-2.196408957242965698e-01,2.874890267848968506e-01,8.126162737607955933e-02,4.590299725532531738e-01,-5.137596130371093750e-01,7.678459398448467255e-03,-6.393383145332336426e-01,-1.214830875396728516e-01,-1.453824806958436966e-04,5.426099896430969238e-01,-2.035265713930130005e-01,9.747476130723953247e-02,-1.328577846288681030e-01,-1.263163089752197266e-01,3.958252668380737305e-01,-1.304187625646591187e-02,5.755819678306579590e-01,2.772559784352779388e-02,1.625633358955383301e+00,-3.604638576507568359e-02,-1.033241152763366699e-01,2.080825865268707275e-01,0.000000000000000000e+00,0.000000000000000000e+00,0.000000000000000000e+00,0.000000000000000000e+00,0.000000000000000000e+00,0.000000000000000000e+00,0.000000000000000000e+00,-4.471325278282165527e-01,-4.192619621753692627e-01,7.073878049850463867e-01,8.026288747787475586e-01,-2.623987793922424316e-01,-8.057386428117752075e-02,-1.727746725082397461e-01,0.000000000000000000e+00,0.000000000000000000e+00,0.000000000000000000e+00,0.000000000000000000e+00,0.000000000000000000e+00,0.000000000000000000e+00,0.000000000000000000e+00
-1.326815485954284668e-01,-3.019517064094543457e-01,7.320092320442199707e-01,-6.350567936897277832e-02,6.677347421646118164e-02,6.309509277343750000e-01,7.703306078910827637e-01,-2.218246012926101685e-01,2.962874770164489746e-01,8.397809416055679321e-02,4.627857506275177002e-01,-5.074588060379028320e-01,6.481321994215250015e-03,-6.381575465202331543e-01,-1.114418357610702515e-01,4.105711821466684341e-03,5.394006371498107910e-01,-2.076165974140167236e-01,9.263775497674942017e-02,-1.461938172578811646e-01,-1.276901811361312866e-01,3.925136923789978027e-01,-4.146984592080116272e-02,5.532930493354797363e-01,1.474295835942029953e-02,1.629739642143249512e+00,-5.584347248077392578e-02,-1.034619063138961792e-01,2.287049293518066406e-01,0.000000000000000000e+00,0.000000000000000000e+00,0.000000000000000000e+00,0.000000000000000000e+00,0.000000000000000000e+00,0.000000000000000000e+00,0.000000000000000000e+00,-4.693805277347564697e-01,-4.099392294883728027e-01,7.284220457077026367e-01,7.983464002609252930e-01,-2.780606448650360107e-01,-7.989185303449630737e-02,-1.883065700531005859e-01,0.000000000000000000e+00,0.000000000000000000e+00,0.000000000000000000e+00,0.000000000000000000e+00,0.000000000000000000e+00,0.000000000000000000e+00,0.000000000000000000e+00
-1.291447579860687256e-01,-3.008918464183807373e-01,7.329200506210327148e-01,-6.443444639444351196e-02,6.642289459705352783e-02,6.307861208915710449e-01,7.704187631607055664e-01,-2.263096719980239868e-01,3.057321906089782715e-01,8.624247461557388306e-02,4.747709333896636963e-01,-4.920957982540130615e-01,1.801230013370513916e-03,-6.320971846580505371e-01,-1.025128513574600220e-01,6.311074830591678619e-03,5.322507023811340332e-01,-2.096946388483047485e-01,8.405270427465438843e-02,-1.621414870023727417e-01,-1.269531995058059692e-01,3.905568718910217285e-01,-9.329479932785034180e-02,5.212417244911193848e-01,-2.080932445824146271e-02,1.626260876655578613e+00,-7.654276490211486816e-02,-1.074980571866035461e-01,2.487223297357559204e-01,0.000000000000000000e+00,0.000000000000000000e+00,0.000000000000000000e+00,0.000000000000000000e+00,0.000000000000000000e+00,0.000000000000000000e+00,0.000000000000000000e+00,-5.004563927650451660e-01,-3.990851044654846191e-01,7.614663243293762207e-01,8.011932969093322754e-01,-3.045878708362579346e-01,-7.662232220172882080e-02,-2.006595879793167114e-01,0.000000000000000000e+00,0.000000000000000000e+00,0.000000000000000000e+00,0.000000000000000000e+00,0.000000000000000000e+00,0.000000000000000000e+00,0.000000000000000000e+00
-1.249030008912086487e-01,-3.002072274684906006e-01,7.337136268615722656e-01,-6.472191214561462402e-02,6.488560140132904053e-02,6.306391358375549316e-01,7.706459760665893555e-01,-2.310510128736495972e-01,3.177084922790527344e-01,8.847648650407791138e-02,4.923180639743804932e-01,-4.754318296909332275e-01,-3.449388546869158745e-03,-6.235958337783813477e-01,-9.256656467914581299e-02,6.323446985334157944e-03,5.255563259124755859e-01,-2.122298926115036011e-01,7.832853496074676514e-02,-1.832366734743118286e-01,-1.260134875774383545e-01,3.879374265670776367e-01,-1.676463782787322998e-01,4.829980731010437012e-01,-6.521686166524887085e-02,1.609021902084350586e+00,-1.094362139701843262e-01,-1.148093417286872864e-01,2.739831507205963135e-01,0.000000000000000000e+00,0.000000000000000000e+00,0.000000000000000000e+00,0.000000000000000000e+00,0.000000000000000000e+00,0.000000000000000000e+00,0.000000000000000000e+00,-5.353424549102783203e-01,-3.891227543354034424e-01,7.983934283256530762e-01,7.974352240562438965e-01,-3.325789868831634521e-01,-7.273360341787338257e-02,-2.206007540225982666e-01,0.000000000000000000e+00,0.000000000000000000e+00,0.000000000000000000e+00,0.000000000000000000e+00,0.000000000000000000e+00,0.000000000000000000e+00,0.000000000000000000e+00
-1.200768202543258667e-01,-2.996455729007720947e-01,7.347382903099060059e-01,-6.411168724298477173e-02,6.444372981786727905e-02,6.297680139541625977e-01,7.714459896087646484e-01,-2.372567355632781982e-01,3.268774151802062988e-01,8.862592279911041260e-02,5.129569172859191895e-01,-4.525334835052490234e-01,-1.390144973993301392e-02,-6.118549108505249023e-01,-8.598782867193222046e-02,8.710306137800216675e-04,5.100807547569274902e-01,-2.153586745262145996e-01,7.609120756387710571e-02,-2.057089954614639282e-01,-1.197272986173629761e-01,3.878222703933715820e-01,-2.762892544269561768e-01,4.453907310962677002e-01,-1.294311285018920898e-01,1.570101141929626465e+00,-1.417129188776016235e-01,-1.255197376012802124e-01,3.045284450054168701e-01,0.000000000000000000e+00,0.000000000000000000e+00,0.000000000000000000e+00,0.000000000000000000e+00,0.000000000000000000e+00,0.000000000000000000e+00,0.000000000000000000e+00,-5.790041089057922363e-01,-3.791554570198059082e-01,8.420204520225524902e-01,7.956190705299377441e-01,-3.600729107856750488e-01,-6.980582326650619507e-02,-2.424054145812988281e-01,0.000000000000000000e+00,0.000000000000000000e+00,0.000000000000000000e+00,0.000000000000000000e+00,0.000000000000000000e+00,0.000000000000000000e+00,0.000000000000000000e+00
-1.148013621568679810e-01,-2.988495826721191406e-01,7.364719510078430176e-01,-6.393654644489288330e-02,6.551080197095870972e-02,6.290879249572753906e-01,7.719253897666931152e-01,-2.409967333078384399e-01,3.330466449260711670e-01,8.663044869899749756e-02,5.219233036041259766e-01,-4.212400019168853760e-01,-2.812305465340614319e-02,-5.999740362167358398e-01,-8.117011189460754395e-02,-7.388244848698377609e-03,4.892187118530273438e-01,-2.143134921789169312e-01,7.526902854442596436e-02,-2.290194630622863770e-01,-1.107460707426071167e-01,3.845294117927551270e-01,-4.196248948574066162e-01,4.212720096111297607e-01,-1.914833486080169678e-01,1.507320761680603027e+00,-1.834079921245574951e-01,-1.382305473089218140e-01,3.430796563625335693e-01,0.000000000000000000e+00,0.000000000000000000e+00,0.000000000000000000e+00,0.000000000000000000e+00,0.000000000000000000e+00,0.000000000000000000e+00,0.000000000000000000e+00,-6.175960898399353027e-01,-3.653745651245117188e-01,8.748485445976257324e-01,7.977690100669860840e-01,-3.704988658428192139e-01,-7.036921381950378418e-02,-2.648174762725830078e-01,0.000000000000000000e+00,0.000000000000000000e+00,0.000000000000000000e+00,0.000000000000000000e+00,0.000000000000000000e+00,0.000000000000000000e+00,0.000000000000000000e+00
-1.092688739299774170e-01,-2.974489629268646240e-01,7.376199364662170410e-01,-6.395234912633895874e-02,6.774728745222091675e-02,6.274155378341674805e-01,7.730913162231445312e-01,-2.437328100204467773e-01,3.373810052871704102e-01,8.419464528560638428e-02,5.300343036651611328e-01,-3.923954367637634277e-01,-3.465793654322624207e-02,-5.918007493019104004e-01,-7.476745545864105225e-02,-9.641613811254501343e-03,4.711709022521972656e-01,-2.167668193578720093e-01,7.599577307701110840e-02,-2.540526390075683594e-01,-1.031007915735244751e-01,3.842201530933380127e-01,-5.895774960517883301e-01,4.086801707744598389e-01,-2.575566172599792480e-01,1.439369201660156250e+00,-2.269335240125656128e-01,-1.460500806570053101e-01,3.700045347213745117e-01,0.000000000000000000e+00,0.000000000000000000e+00,0.000000000000000000e+00,0.000000000000000000e+00,0.000000000000000000e+00,0.000000000000000000e+00,0.000000000000000000e+00,-6.573144793510437012e-01,-3.533971309661865234e-01,9.061668515205383301e-01,7.977398633956909180e-01,-3.719631135463714600e-01,-7.208723574876785278e-02,-2.720631062984466553e-01,0.000000000000000000e+00,0.000000000000000000e+00,0.000000000000000000e+00,0.000000000000000000e+00,0.000000000000000000e+00,0.000000000000000000e+00,0.000000000000000000e+00
-1.037276610732078552e-01,-2.952792048454284668e-01,7.389408946037292480e-01,-6.365057826042175293e-02,7.103942334651947021e-02,6.270604133605957031e-01,7.731088399887084961e-01,-2.426268309354782104e-01,3.398718833923339844e-01,8.496405184268951416e-02,5.304554700851440430e-01,-3.563632369041442871e-01,-4.922534152865409851e-02,-5.864421129226684570e-01,-7.317178696393966675e-02,-1.480519771575927734e-02,4.595895111560821533e-01,-2.204092293977737427e-01,7.370273023843765259e-02,-2.743936181068420410e-01,-9.390985965728759766e-02,3.851954638957977295e-01,-7.611798048019409180e-01,4.011563956737518311e-01,-3.275125622749328613e-01,1.361304879188537598e+00,-2.436819672584533691e-01,-1.601850241422653198e-01,3.953691124916076660e-01,0.000000000000000000e+00,0.000000000000000000e+00,0.000000000000000000e+00,0.000000000000000000e+00,0.000000000000000000e+00,0.000000000000000000e+00,0.000000000000000000e+00,-6.908499598503112793e-01,-3.490000367164611816e-01,9.321371912956237793e-01,8.012268543243408203e-01,-3.784778714179992676e-01,-7.467544078826904297e-02,-2.772578597068786621e-01,0.000000000000000000e+00,0.000000000000000000e+00,0.000000000000000000e+00,0.000000000000000000e+00,0.000000000000000000e+00,0.000000000000000000e+00,0.000000000000000000e+00
-9.819918125867843628e-02,-2.922355830669403076e-01,7.406491637229919434e-01,-6.444577127695083618e-02,7.698650658130645752e-02,6.287737488746643066e-01,7.710793614387512207e-01,-2.354742735624313354e-01,3.389737010002136230e-01,9.046239405870437622e-02,5.095642209053039551e-01,-3.175713121891021729e-01,-6.291531771421432495e-02,-5.881586074829101562e-01,-7.548923790454864502e-02,-1.791050098836421967e-02,4.549797177314758301e-01,-2.251253575086593628e-01,7.186993211507797241e-02,-2.857089340686798096e-01,-8.781930804252624512e-02,3.884741663932800293e-01,-9.658473134040832520e-01,4.008395671844482422e-01,-4.045778512954711914e-01,1.264618158340454102e+00,-2.517391443252563477e-01,-1.682303249835968018e-01,4.310932159423828125e-01,0.000000000000000000e+00,0.000000000000000000e+00,0.000000000000000000e+00,0.000000000000000000e+00,0.000000000000000000e+00,0.000000000000000000e+00,0.000000000000000000e+00,-7.137182950973510742e-01,-3.495075702667236328e-01,9.365177750587463379e-01,8.112379908561706543e-01,-3.723773658275604248e-01,-7.800169289112091064e-02,-2.959754467010498047e-01,0.000000000000000000e+00,0.000000000000000000e+00,0.000000000000000000e+00,0.000000000000000000e+00,0.000000000000000000e+00,0.000000000000000000e+00,0.000000000000000000e+00
-9.280694276094436646e-02,-2.880829870700836182e-01,7.420513629913330078e-01,-6.847586482763290405e-02,8.461652696132659912e-02,6.308455467224121094e-01,7.682350277900695801e-01,-2.292618006467819214e-01,3.402267098426818848e-01,9.485180675983428955e-02,4.796541631221771240e-01,-2.859866023063659668e-01,-7.912817597389221191e-02,-5.974813699722290039e-01,-7.473057508468627930e-02,-1.707604527473449707e-02,4.539378881454467773e-01,-2.282629311084747314e-01,7.767169922590255737e-02,-2.984302341938018799e-01,-8.039773255586624146e-02,3.797115087509155273e-01,-1.164924383163452148e+00,4.165751934051513672e-01,-4.723747372627258301e-01,1.161397099494934082e+00,-2.587871253490447998e-01,-1.767094731330871582e-01,4.694937169551849365e-01,0.000000000000000000e+00,0.000000000000000000e+00,0.000000000000000000e+00,0.000000000000000000e+00,0.000000000000000000e+00,0.000000000000000000e+00,0.000000000000000000e+00,-7.176578044891357422e-01,-3.496927618980407715e-01,9.461538195610046387e-01,8.238121867179870605e-01,-3.748563528060913086e-01,-6.855117529630661011e-02,-3.093768656253814697e-01,0.000000000000000000e+00,0.000000000000000000e+00,0.000000000000000000e+00,0.000000000000000000e+00,0.000000000000000000e+00,0.000000000000000000e+00,0.000000000000000000e+00
-8.772457391023635864e-02,-2.832898795604705811e-01,7.444634437561035156e-01,-7.422442734241485596e-02,9.437349438667297363e-02,6.328787207603454590e-01,7.648848891258239746e-01,-2.278479188680648804e-01,3.384891152381896973e-01,9.764086455106735229e-02,4.467429518699645996e-01,-2.536161839962005615e-01,-9.624017030000686646e-02,-6.092042326927185059e-01,-7.506811618804931641e-02,-1.770273223519325256e-02,4.479581415653228760e-01,-2.244511544704437256e-01,8.311869949102401733e-02,-3.145181536674499512e-01,-7.020196318626403809e-02,3.648783862590789795e-01,-1.358238577842712402e+00,4.395661056041717529e-01,-5.426969528198242188e-01,1.073047518730163574e+00,-2.512395381927490234e-01,-1.836062371730804443e-01,4.945541918277740479e-01,0.000000000000000000e+00,0.000000000000000000e+00,0.000000000000000000e+00,0.000000000000000000e+00,0.000000000000000000e+00,0.000000000000000000e+00,0.000000000000000000e+00,-7.123695611953735352e-01,-3.488719165325164795e-01,9.459644556045532227e-01,8.404518961906433105e-01,-3.719169497489929199e-01,-5.921133607625961304e-02,-3.142204880714416504e-01,0.000000000000000000e+00,0.000000000000000000e+00,0.000000000000000000e+00,0.000000000000000000e+00,0.000000000000000000e+00,0.000000000000000000e+00,0.000000000000000000e+00
-8.302811533212661743e-02,-2.782669663429260254e-01,7.460860610008239746e-01,-7.988267391920089722e-02,1.033765450119972229e-01,6.347571611404418945e-01,7.615874409675598145e-01,-2.313411831855773926e-01,3.361691832542419434e-01,9.316438436508178711e-02,4.235810339450836182e-01,-2.308446764945983887e-01,-1.124261766672134399e-01,-6.223499178886413574e-01,-7.465828955173492432e-02,-1.633153110742568970e-02,4.470099508762359619e-01,-2.232353538274765015e-01,8.667189627885818481e-02,-3.316851258277893066e-01,-5.649100616574287415e-02,3.436734378337860107e-01,-1.511188149452209473e+00,4.553373157978057861e-01,-5.919973254203796387e-01,9.957833886146545410e-01,-2.467495352029800415e-01,-2.006271034479141235e-01,5.135504007339477539e-01,0.000000000000000000e+00,0.000000000000000000e+00,0.000000000000000000e+00,0.000000000000000000e+00,0.000000000000000000e+00,0.000000000000000000e+00,0.000000000000000000e+00,-6.918542981147766113e-01,-3.432218134403228760e-01,9.448460936546325684e-01,8.600845336914062500e-01,-3.617841303348541260e-01,-5.452718958258628845e-02,-3.192808926105499268e-01,0.000000000000000000e+00,0.000000000000000000e+00,0.000000000000000000e+00,0.000000000000000000e+00,0.000000000000000000e+00,0.000000000000000000e+00,0.000000000000000000e+00
-7.877269387245178223e-02,-2.736430168151855469e-01,7.473186850547790527e-01,-8.561331033706665039e-02,1.108752712607383728e-01,6.374800801277160645e-01,7.576253414154052734e-01,-2.345976680517196655e-01,3.368288874626159668e-01,9.283493459224700928e-02,3.999893069267272949e-01,-2.119695246219635010e-01,-1.272011399269104004e-01,-6.337980031967163086e-01,-7.402793318033218384e-02,-1.647998578846454620e-02,4.462735950946807861e-01,-2.222565859556198120e-01,8.944135904312133789e-02,-3.520684540271759033e-01,-4.255959019064903259e-02,3.281652629375457764e-01,-1.656420707702636719e+00,4.794868826866149902e-01,-6.424508690834045410e-01,9.349649548530578613e-01,-2.300512343645095825e-01,-2.138602286577224731e-01,5.257883071899414062e-01,0.000000000000000000e+00,0.000000000000000000e+00,0.000000000000000000e+00,0.000000000000000000e+00,0.000000000000000000e+00,0.000000000000000000e+00,0.000000000000000000e+00,-6.791554689407348633e-01,-3.431018590927124023e-01,9.389348626136779785e-01,8.748462200164794922e-01,-3.622560203075408936e-01,-5.472241714596748352e-02,-3.297694325447082520e-01,0.000000000000000000e+00,0.000000000000000000e+00,0.000000000000000000e+00,0.000000000000000000e+00,0.000000000000000000e+00,0.000000000000000000e+00,0.000000000000000000e+00
-7.514651864767074585e-02,-2.697901427745819092e-01,7.498155832290649414e-01,-8.930929005146026611e-02,1.182411760091781616e-01,6.379999518394470215e-01,7.556447386741638184e-01,-2.372174561023712158e-01,3.326900005340576172e-01,9.148032963275909424e-02,3.803302943706512451e-01,-1.810087412595748901e-01,-1.432003825902938843e-01,-6.403905749320983887e-01,-7.328131049871444702e-02,-1.212018541991710663e-02,4.374920129776000977e-01,-2.129206061363220215e-01,8.823238313198089600e-02,-3.598923385143280029e-01,-2.708076685667037964e-02,3.160666823387145996e-01,-1.771157383918762207e+00,5.068601965904235840e-01,-6.963884234428405762e-01,8.933061361312866211e-01,-1.743308156728744507e-01,-2.126716226339340210e-01,5.413224697113037109e-01,0.000000000000000000e+00,0.000000000000000000e+00,0.000000000000000000e+00,0.000000000000000000e+00,0.000000000000000000e+00,0.000000000000000000e+00,0.000000000000000000e+00,-6.670959591865539551e-01,-3.430459797382354736e-01,9.320352077484130859e-01,8.983223438262939453e-01,-3.711918890476226807e-01,-5.134194716811180115e-02,-3.311865925788879395e-01,0.000000000000000000e+00,0.000000000000000000e+00,0.000000000000000000e+00,0.000000000000000000e+00,0.000000000000000000e+00,0.000000000000000000e+00,0.000000000000000000e+00
-7.221961021423339844e-02,-2.669410705566406250e-01,7.514287233352661133e-01,-9.071619063615798950e-02,1.204961910843849182e-01,6.402220129966735840e-01,7.532376646995544434e-01,-2.377571016550064087e-01,3.328183591365814209e-01,8.842889219522476196e-02,3.736995756626129150e-01,-1.619493365287780762e-01,-1.531224101781845093e-01,-6.358099579811096191e-01,-7.213300466537475586e-02,-9.961612522602081299e-03,4.275940656661987305e-01,-2.076560407876968384e-01,8.368221670389175415e-02,-3.696153461933135986e-01,-1.421559881418943405e-02,3.084102272987365723e-01,-1.862050294876098633e+00,5.285384058952331543e-01,-7.449277043342590332e-01,8.562723398208618164e-01,-1.265928447246551514e-01,-2.114025354385375977e-01,5.555667877197265625e-01,0.000000000000000000e+00,0.000000000000000000e+00,0.000000000000000000e+00,0.000000000000000000e+00,0.000000000000000000e+00,0.000000000000000000e+00,0.000000000000000000e+00,-6.565541625022888184e-01,-3.411706686019897461e-01,9.241558313369750977e-01,9.226487874984741211e-01,-3.717466592788696289e-01,-5.197994410991668701e-02,-3.387266993522644043e-01,0.000000000000000000e+00,0.000000000000000000e+00,0.000000000000000000e+00,0.000000000000000000e+00,0.000000000000000000e+00,0.000000000000000000e+00,0.000000000000000000e+00
-7.009445130825042725e-02,-2.650910317897796631e-01,7.526466250419616699e-01,-9.200564771890640259e-02,1.224284321069717407e-01,6.406780481338500977e-01,7.523814439773559570e-01,-2.398283779621124268e-01,3.335536420345306396e-01,8.762236684560775757e-02,3.721333742141723633e-01,-1.483931541442871094e-01,-1.579346209764480591e-01,-6.310136318206787109e-01,-6.897365301847457886e-02,-5.157420411705970764e-03,4.135533571243286133e-01,-2.013192325830459595e-01,8.194352686405181885e-02,-3.715792298316955566e-01,-5.712526384741067886e-03,3.041815757751464844e-01,-1.934602022171020508e+00,5.459165573120117188e-01,-7.930310368537902832e-01,8.313850760459899902e-01,-8.005132526159286499e-02,-2.053769975900650024e-01,5.559224486351013184e-01,0.000000000000000000e+00,0.000000000000000000e+00,0.000000000000000000e+00,0.000000000000000000e+00,0.000000000000000000e+00,0.000000000000000000e+00,0.000000000000000000e+00,-6.482244729995727539e-01,-3.404583930969238281e-01,9.154125452041625977e-01,9.452261328697204590e-01,-3.684981763362884521e-01,-5.443494021892547607e-02,-3.371028602123260498e-01,0.000000000000000000e+00,0.000000000000000000e+00,0.000000000000000000e+00,0.000000000000000000e+00,0.000000000000000000e+00,0.000000000000000000e+00,0.000000000000000000e+00
-6.880947947502136230e-02,-2.642138004302978516e-01,7.537949085235595703e-01,-9.149073809385299683e-02,1.226910725235939026e-01,6.417868733406066895e-01,7.514559030532836914e-01,-2.396302968263626099e-01,3.330063223838806152e-01,8.741863071918487549e-02,3.727044761180877686e-01,-1.375251710414886475e-01,-1.617803871631622314e-01,-6.227577328681945801e-01,-6.948550045490264893e-02,-4.959549289196729660e-03,4.011314809322357178e-01,-1.955153495073318481e-01,8.287555724382400513e-02,-3.710914552211761475e-01,2.175166970118880272e-03,3.044432401657104492e-01,-1.978407502174377441e+00,5.584483742713928223e-01,-8.266861438751220703e-01,8.146379590034484863e-01,-4.406555369496345520e-02,-1.986637115478515625e-01,5.547488331794738770e-01,0.000000000000000000e+00,0.000000000000000000e+00,0.000000000000000000e+00,0.000000000000000000e+00,0.000000000000000000e+00,0.000000000000000000e+00,0.000000000000000000e+00,-6.409783363342285156e-01,-3.413044512271881104e-01,9.028884768486022949e-01,9.671891331672668457e-01,-3.628159463405609131e-01,-5.415234342217445374e-02,-3.368946611881256104e-01,0.000000000000000000e+00,0.000000000000000000e+00,0.000000000000000000e+00,0.000000000000000000e+00,0.000000000000000000e+00,0.000000000000000000e+00,0.000000000000000000e+00
-6.829355657100677490e-02,-2.640784680843353271e-01,7.545208930969238281e-01,-8.990063518285751343e-02,1.219362467527389526e-01,6.424114704132080078e-01,7.512369155883789062e-01,-2.373713999986648560e-01,3.314411640167236328e-01,8.672932535409927368e-02,3.749807178974151611e-01,-1.319673061370849609e-01,-1.628528833389282227e-01,-6.144514679908752441e-01,-7.023335248231887817e-02,-2.616340061649680138e-03,3.920195102691650391e-01,-1.914326548576354980e-01,8.490034192800521851e-02,-3.696636259555816650e-01,7.812115363776683807e-03,3.073921501636505127e-01,-2.002947568893432617e+00,5.662726759910583496e-01,-8.485535979270935059e-01,7.995810508728027344e-01,-1.910092122852802277e-02,-1.950559318065643311e-01,5.552732944488525391e-01,0.000000000000000000e+00,0.000000000000000000e+00,0.000000000000000000e+00,0.000000000000000000e+00,0.000000000000000000e+00,0.000000000000000000e+00,0.000000000000000000e+00,-6.358955502510070801e-01,-3.433492183685302734e-01,8.930456638336181641e-01,9.817475676536560059e-01,-3.600227236747741699e-01,-5.309057608246803284e-02,-3.394264280796051025e-01,0.000000000000000000e+00,0.000000000000000000e+00,0.000000000000000000e+00,0.000000000000000000e+00,0.000000000000000000e+00,0.000000000000000000e+00,0.000000000000000000e+00
-6.842090934514999390e-02,-2.644554376602172852e-01,7.550929188728332520e-01,-8.816324919462203979e-02,1.207403838634490967e-01,6.433153152465820312e-01,7.508624792098999023e-01,-2.343174964189529419e-01,3.297742009162902832e-01,8.716221153736114502e-02,3.753702342510223389e-01,-1.289513707160949707e-01,-1.630964875221252441e-01,-6.049190163612365723e-01,-7.212701439857482910e-02,-1.531627262011170387e-03,3.807486593723297119e-01,-1.869373023509979248e-01,8.832108229398727417e-02,-3.678582608699798584e-01,1.323663815855979919e-02,3.124939799308776855e-01,-2.017182588577270508e+00,5.702975988388061523e-01,-8.632668256759643555e-01,7.858437895774841309e-01,1.023231307044625282e-03,-1.928954273462295532e-01,5.562914609909057617e-01,0.000000000000000000e+00,0.000000000000000000e+00,0.000000000000000000e+00,0.000000000000000000e+00,0.000000000000000000e+00,0.000000000000000000e+00,0.000000000000000000e+00,-6.321448087692260742e-01,-3.446809947490692139e-01,8.825120329856872559e-01,9.946178197860717773e-01,-3.547708094120025635e-01,-5.102559924125671387e-02,-3.457287251949310303e-01,0.000000000000000000e+00,0.000000000000000000e+00,0.000000000000000000e+00,0.000000000000000000e+00,0.000000000000000000e+00,0.000000000000000000e+00,0.000000000000000000e+00
-6.902410089969635010e-02,-2.651283740997314453e-01,7.554653882980346680e-01,-8.703468739986419678e-02,1.206124871969223022e-01,6.442009210586547852e-01,7.502551078796386719e-01,-2.337596714496612549e-01,3.265629708766937256e-01,8.645917475223541260e-02,3.739386200904846191e-01,-1.274589896202087402e-01,-1.626110225915908813e-01,-5.996137261390686035e-01,-7.550135254859924316e-02,-1.241415389813482761e-03,3.716489672660827637e-01,-1.828934550285339355e-01,9.185151010751724243e-02,-3.644526302814483643e-01,1.963019371032714844e-02,3.187450766563415527e-01,-2.025063037872314453e+00,5.702671408653259277e-01,-8.700779080390930176e-01,7.750948667526245117e-01,1.530906185507774353e-02,-1.906840056180953979e-01,5.611320734024047852e-01,0.000000000000000000e+00,0.000000000000000000e+00,0.000000000000000000e+00,0.000000000000000000e+00,0.000000000000000000e+00,0.000000000000000000e+00,0.000000000000000000e+00,-6.307295560836791992e-01,-3.469203710556030273e-01,8.739652633666992188e-01,1.004335522651672363e+00,-3.499792218208312988e-01,-4.964509978890419006e-02,-3.505633771419525146e-01,0.000000000000000000e+00,0.000000000000000000e+00,0.000000000000000000e+00,0.000000000000000000e+00,0.000000000000000000e+00,0.000000000000000000e+00,0.000000000000000000e+00
-6.999245285987854004e-02,-2.659417390823364258e-01,7.557958960533142090e-01,-8.604008704423904419e-02,1.208706051111221313e-01,6.444129347801208496e-01,7.501462101936340332e-01,-2.340478152036666870e-01,3.228209316730499268e-01,8.653146773576736450e-02,3.733313679695129395e-01,-1.265935152769088745e-01,-1.613595783710479736e-01,-5.961597561836242676e-01,-7.896212488412857056e-02,-6.125798099674284458e-04,3.634271621704101562e-01,-1.784860938787460327e-01,9.535321593284606934e-02,-3.615186810493469238e-01,2.441263571381568909e-02,3.253321945667266846e-01,-2.025134325027465820e+00,5.707696080207824707e-01,-8.715022802352905273e-01,7.622234821319580078e-01,2.515386976301670074e-02,-1.894278377294540405e-01,5.683308243751525879e-01,0.000000000000000000e+00,0.000000000000000000e+00,0.000000000000000000e+00,0.000000000000000000e+00,0.000000000000000000e+00,0.000000000000000000e+00,0.000000000000000000e+00,-6.308919787406921387e-01,-3.473260402679443359e-01,8.673844933509826660e-01,1.011860370635986328e+00,-3.488465547561645508e-01,-4.680163785815238953e-02,-3.556224107742309570e-01,0.000000000000000000e+00,0.000000000000000000e+00,0.000000000000000000e+00,0.000000000000000000e+00,0.000000000000000000e+00,0.000000000000000000e+00,0.000000000000000000e+00
-7.121767103672027588e-02,-2.667494118213653564e-01,7.561982870101928711e-01,-8.550114929676055908e-02,1.217468678951263428e-01,6.446285247802734375e-01,7.498808503150939941e-01,-2.354810237884521484e-01,3.181507587432861328e-01,8.565063029527664185e-02,3.711492419242858887e-01,-1.251968592405319214e-01,-1.603288203477859497e-01,-5.951017141342163086e-01,-8.290221542119979858e-02,1.326267811236903071e-04,3.567523658275604248e-01,-1.736570596694946289e-01,9.754455834627151489e-02,-3.590356707572937012e-01,2.955389767885208130e-02,3.307225108146667480e-01,-2.018659353256225586e+00,5.697669386863708496e-01,-8.675746917724609375e-01,7.559943795204162598e-01,2.012864500284194946e-02,-1.888838559389114380e-01,5.690420269966125488e-01,0.000000000000000000e+00,0.000000000000000000e+00,0.000000000000000000e+00,0.000000000000000000e+00,0.000000000000000000e+00,0.000000000000000000e+00,0.000000000000000000e+00,-6.312880516052246094e-01,-3.483844399452209473e-01,8.633646965026855469e-01,1.015068411827087402e+00,-3.454186320304870605e-01,-4.443994909524917603e-02,-3.538778722286224365e-01,0.000000000000000000e+00,0.000000000000000000e+00,0.000000000000000000e+00,0.000000000000000000e+00,0.000000000000000000e+00,0.000000000000000000e+00,0.000000000000000000e+00
-7.265522330999374390e-02,-2.674592137336730957e-01,7.567290663719177246e-01,-8.537592738866806030e-02,1.228477135300636292e-01,6.444205045700073242e-01,7.498944401741027832e-01,-2.375536710023880005e-01,3.139045834541320801e-01,8.627676963806152344e-02,3.691600263118743896e-01,-1.228916198015213013e-01,-1.586787700653076172e-01,-5.939847230911254883e-01,-8.624801039695739746e-02,1.410381752066314220e-03,3.475957512855529785e-01,-1.663876026868820190e-01,1.009644567966461182e-01,-3.573799133300781250e-01,3.419596329331398010e-02,3.373500108718872070e-01,-2.008773326873779297e+00,5.668795704841613770e-01,-8.600839376449584961e-01,7.609362602233886719e-01,6.617336999624967575e-03,-1.904620528221130371e-01,5.667585134506225586e-01,0.000000000000000000e+00,0.000000000000000000e+00,0.000000000000000000e+00,0.000000000000000000e+00,0.000000000000000000e+00,0.000000000000000000e+00,0.000000000000000000e+00,-6.323398947715759277e-01,-3.495163321495056152e-01,8.610162138938903809e-01,1.015163779258728027e+00,-3.379130363464355469e-01,-4.208940267562866211e-02,-3.510509431362152100e-01,0.000000000000000000e+00,0.000000000000000000e+00,0.000000000000000000e+00,0.000000000000000000e+00,0.000000000000000000e+00,0.000000000000000000e+00,0.000000000000000000e+00
-7.430176436901092529e-02,-2.680722475051879883e-01,7.572712898254394531e-01,-8.510381728410720825e-02,1.235321238636970520e-01,6.441980004310607910e-01,7.500040531158447266e-01,-2.395766377449035645e-01,3.094151318073272705e-01,8.490554988384246826e-02,3.687391579151153564e-01,-1.203775554895401001e-01,-1.558814495801925659e-01,-5.913341045379638672e-01,-8.924515545368194580e-02,3.818107768893241882e-03,3.373441100120544434e-01,-1.591869294643402100e-01,1.035254374146461487e-01,-3.555063605308532715e-01,3.700705990195274353e-02,3.420321047306060791e-01,-1.993195891380310059e+00,5.624888539314270020e-01,-8.544788956642150879e-01,7.724403142929077148e-01,-7.311407476663589478e-03,-1.934273391962051392e-01,5.595378279685974121e-01,0.000000000000000000e+00,0.000000000000000000e+00,0.000000000000000000e+00,0.000000000000000000e+00,0.000000000000000000e+00,0.000000000000000000e+00,0.000000000000000000e+00,-6.332843899726867676e-01,-3.492047488689422607e-01,8.635276556015014648e-01,1.016730189323425293e+00,-3.321686983108520508e-01,-4.179816693067550659e-02,-3.469489216804504395e-01,0.000000000000000000e+00,0.000000000000000000e+00,0.000000000000000000e+00,0.000000000000000000e+00,0.000000000000000000e+00,0.000000000000000000e+00,0.000000000000000000e+00
-7.621184736490249634e-02,-2.686713635921478271e-01,7.578946948051452637e-01,-8.470394462347030640e-02,1.238083764910697937e-01,6.440314054489135742e-01,7.501468658447265625e-01,-2.403667122125625610e-01,3.052945137023925781e-01,8.519745618104934692e-02,3.678790926933288574e-01,-1.187812760472297668e-01,-1.536247730255126953e-01,-5.884795188903808594e-01,-9.265729039907455444e-02,4.561623092740774155e-03,3.291014432907104492e-01,-1.523688435554504395e-01,1.071360856294631958e-01,-3.541394472122192383e-01,3.868081793189048767e-02,3.499603569507598877e-01,-1.974383115768432617e+00,5.602818727493286133e-01,-8.498312234878540039e-01,7.939751744270324707e-01,-2.563977241516113281e-02,-1.950963437557220459e-01,5.454922318458557129e-01,0.000000000000000000e+00,0.000000000000000000e+00,0.000000000000000000e+00,0.000000000000000000e+00,0.000000000000000000e+00,0.000000000000000000e+00,0.000000000000000000e+00,-6.361412405967712402e-01,-3.497813642024993896e-01,8.643155694007873535e-01,1.015961647033691406e+00,-3.264633119106292725e-01,-4.114395007491111755e-02,-3.421435356140136719e-01,0.000000000000000000e+00,0.000000000000000000e+00,0.000000000000000000e+00,0.000000000000000000e+00,0.000000000000000000e+00,0.000000000000000000e+00,0.000000000000000000e+00
-7.839798182249069214e-02,-2.693004906177520752e-01,7.585647702217102051e-01,-8.458507061004638672e-02,1.244309246540069580e-01,6.436418294906616211e-01,7.503915429115295410e-01,-2.403485924005508423e-01,2.998141050338745117e-01,8.320866525173187256e-02,3.637219667434692383e-01,-1.179991289973258972e-01,-1.514259576797485352e-01,-5.871825218200683594e-01,-9.621789306402206421e-02,5.443157628178596497e-03,3.220077157020568848e-01,-1.451165825128555298e-01,1.130408123135566711e-01,-3.529054224491119385e-01,3.837392479181289673e-02,3.599110841751098633e-01,-1.957783699035644531e+00,5.499298572540283203e-01,-8.433300256729125977e-01,8.323627114295959473e-01,-4.025571793317794800e-02,-1.946710646152496338e-01,5.243339538574218750e-01,0.000000000000000000e+00,0.000000000000000000e+00,0.000000000000000000e+00,0.000000000000000000e+00,0.000000000000000000e+00,0.000000000000000000e+00,0.000000000000000000e+00,-6.415545940399169922e-01,-3.513191342353820801e-01,8.649933934211730957e-01,1.015082359313964844e+00,-3.211560249328613281e-01,-3.996428102254867554e-02,-3.385033905506134033e-01,0.000000000000000000e+00,0.000000000000000000e+00,0.000000000000000000e+00,0.000000000000000000e+00,0.000000000000000000e+00,0.000000000000000000e+00,0.000000000000000000e+00
-8.090157806873321533e-02,-2.701413333415985107e-01,7.590605616569519043e-01,-8.421378582715988159e-02,1.251934766769409180e-01,6.429186463356018066e-01,7.509262561798095703e-01,-2.420057952404022217e-01,2.948416173458099365e-01,8.596065640449523926e-02,3.637036979198455811e-01,-1.191059425473213196e-01,-1.471552252769470215e-01,-5.878545045852661133e-01,-1.002905219793319702e-01,7.329105399549007416e-03,3.178311586380004883e-01,-1.386309862136840820e-01,1.190143749117851257e-01,-3.497756421566009521e-01,3.776728361845016479e-02,3.662541508674621582e-01,-1.923035740852355957e+00,5.350884199142456055e-01,-8.438436985015869141e-01,8.820779919624328613e-01,-6.105061620473861694e-02,-1.959764659404754639e-01,4.937057197093963623e-01,0.000000000000000000e+00,0.000000000000000000e+00,0.000000000000000000e+00,0.000000000000000000e+00,0.000000000000000000e+00,0.000000000000000000e+00,0.000000000000000000e+00,-6.477065682411193848e-01,-3.543482720851898193e-01,8.669713735580444336e-01,1.014002561569213867e+00,-3.082460761070251465e-01,-4.044906049966812134e-02,-3.287836313247680664e-01,0.000000000000000000e+00,0.000000000000000000e+00,0.000000000000000000e+00,0.000000000000000000e+00,0.000000000000000000e+00,0.000000000000000000e+00,0.000000000000000000e+00
-8.368409425020217896e-02,-2.713133692741394043e-01,7.595113515853881836e-01,-8.327349275350570679e-02,1.239478215575218201e-01,6.419883966445922852e-01,7.520328164100646973e-01,-2.409366369247436523e-01,2.910952866077423096e-01,8.484806120395660400e-02,3.663088083267211914e-01,-1.227997019886970520e-01,-1.427580565214157104e-01,-5.848195552825927734e-01,-1.025732159614562988e-01,8.450631983578205109e-03,3.136205077171325684e-01,-1.314334720373153687e-01,1.265280991792678833e-01,-3.477712869644165039e-01,3.313434123992919922e-02,3.730496764183044434e-01,-1.876136183738708496e+00,5.118021965026855469e-01,-8.363700509071350098e-01,9.432899355888366699e-01,-8.552770316600799561e-02,-1.930775940418243408e-01,4.656105637550354004e-01,0.000000000000000000e+00,0.000000000000000000e+00,0.000000000000000000e+00,0.000000000000000000e+00,0.000000000000000000e+00,0.000000000000000000e+00,0.000000000000000000e+00,-6.543223261833190918e-01,-3.545625507831573486e-01,8.690669536590576172e-01,1.013609528541564941e+00,-2.924921810626983643e-01,-3.910877555608749390e-02,-3.218128681182861328e-01,0.000000000000000000e+00,0.000000000000000000e+00,0.000000000000000000e+00,0.000000000000000000e+00,0.000000000000000000e+00,0.000000000000000000e+00,0.000000000000000000e+00
-8.671151846647262573e-02,-2.729015052318572998e-01,7.599893808364868164e-01,-8.144656568765640259e-02,1.214497536420822144e-01,6.413184404373168945e-01,7.532112002372741699e-01,-2.394061833620071411e-01,2.885023057460784912e-01,8.645889908075332642e-02,3.735536932945251465e-01,-1.282377243041992188e-01,-1.379786431789398193e-01,-5.799015760421752930e-01,-1.049290299415588379e-01,9.715652093291282654e-03,3.110888898372650146e-01,-1.234081983566284180e-01,1.307268589735031128e-01,-3.417049944400787354e-01,3.053662180900573730e-02,3.741248548030853271e-01,-1.810312986373901367e+00,4.858078658580780029e-01,-8.251393437385559082e-01,9.965326189994812012e-01,-1.003597080707550049e-01,-1.888587474822998047e-01,4.477302432060241699e-01,0.000000000000000000e+00,0.000000000000000000e+00,0.000000000000000000e+00,0.000000000000000000e+00,0.000000000000000000e+00,0.000000000000000000e+00,0.000000000000000000e+00,-6.563649773597717285e-01,-3.525010347366333008e-01,8.690416812896728516e-01,1.017855644226074219e+00,-2.715652585029602051e-01,-3.354073315858840942e-02,-3.169932067394256592e-01,0.000000000000000000e+00,0.000000000000000000e+00,0.000000000000000000e+00,0.000000000000000000e+00,0.000000000000000000e+00,0.000000000000000000e+00,0.000000000000000000e+00
-8.987479656934738159e-02,-2.748480141162872314e-01,7.605898976325988770e-01,-7.982622832059860229e-02,1.173089742660522461e-01,6.401911377906799316e-01,7.549977898597717285e-01,-2.329242676496505737e-01,2.895397543907165527e-01,9.220991283655166626e-02,3.767943680286407471e-01,-1.363421529531478882e-01,-1.332923024892807007e-01,-5.727592110633850098e-01,-1.028234958648681641e-01,1.648869737982749939e-02,3.076152801513671875e-01,-1.117108613252639771e-01,1.397096961736679077e-01,-3.409166634082794189e-01,2.501459792256355286e-02,3.818828761577606201e-01,-1.721554636955261230e+00,4.556841552257537842e-01,-8.008733987808227539e-01,1.058166980743408203e+00,-1.229653060436248779e-01,-1.867831349372863770e-01,4.260442852973937988e-01,0.000000000000000000e+00,0.000000000000000000e+00,0.000000000000000000e+00,0.000000000000000000e+00,0.000000000000000000e+00,0.000000000000000000e+00,0.000000000000000000e+00,-6.656714677810668945e-01,-3.488698005676269531e-01,8.761603832244873047e-01,1.016961336135864258e+00,-2.673289477825164795e-01,-3.698647022247314453e-02,-3.170216381549835205e-01,0.000000000000000000e+00,0.000000000000000000e+00,0.000000000000000000e+00,0.000000000000000000e+00,0.000000000000000000e+00,0.000000000000000000e+00,0.000000000000000000e+00
-9.304272383451461792e-02,-2.770368158817291260e-01,7.611654996871948242e-01,-7.613253593444824219e-02,1.130399033427238464e-01,6.391761898994445801e-01,7.568880915641784668e-01,-2.253347486257553101e-01,2.857792377471923828e-01,9.214428812265396118e-02,3.824471831321716309e-01,-1.404866427183151245e-01,-1.296837329864501953e-01,-5.635781288146972656e-01,-1.043620705604553223e-01,2.095101960003376007e-02,3.059227168560028076e-01,-1.053621098399162292e-01,1.367953568696975708e-01,-3.375985026359558105e-01,2.248986624181270599e-02,3.885338902473449707e-01,-1.611197948455810547e+00,4.288857877254486084e-01,-7.723466753959655762e-01,1.126842737197875977e+00,-1.338270902633666992e-01,-1.800134181976318359e-01,4.020538330078125000e-01,0.000000000000000000e+00,0.000000000000000000e+00,0.000000000000000000e+00,0.000000000000000000e+00,0.000000000000000000e+00,0.000000000000000000e+00,0.000000000000000000e+00,-6.695562601089477539e-01,-3.477192223072052002e-01,8.700364232063293457e-01,1.011440157890319824e+00,-2.578933238983154297e-01,-4.178706184029579163e-02,-3.086097538471221924e-01,0.000000000000000000e+00,0.000000000000000000e+00,0.000000000000000000e+00,0.000000000000000000e+00,0.000000000000000000e+00,0.000000000000000000e+00,0.000000000000000000e+00
-9.600800275802612305e-02,-2.790991067886352539e-01,7.623124718666076660e-01,-7.186468690633773804e-02,1.062485054135322571e-01,6.368523240089416504e-01,7.602406144142150879e-01,-2.114250510931015015e-01,2.857379615306854248e-01,9.488807618618011475e-02,3.888508677482604980e-01,-1.405841112136840820e-01,-1.223465278744697571e-01,-5.462855696678161621e-01,-1.007428467273712158e-01,2.820827625691890717e-02,2.977186739444732666e-01,-9.367474913597106934e-02,1.353051364421844482e-01,-3.338523209095001221e-01,1.698323525488376617e-02,3.969528675079345703e-01,-1.473970532417297363e+00,3.828446865081787109e-01,-7.337427735328674316e-01,1.208998560905456543e+00,-1.375505030155181885e-01,-1.662514805793762207e-01,3.895067870616912842e-01,0.000000000000000000e+00,0.000000000000000000e+00,0.000000000000000000e+00,0.000000000000000000e+00,0.000000000000000000e+00,0.000000000000000000e+00,0.000000000000000000e+00,-6.756474375724792480e-01,-3.471578955650329590e-01,8.723396062850952148e-01,1.005859732627868652e+00,-2.543276250362396240e-01,-3.977040201425552368e-02,-3.075026273727416992e-01,0.000000000000000000e+00,0.000000000000000000e+00,0.000000000000000000e+00,0.000000000000000000e+00,0.000000000000000000e+00,0.000000000000000000e+00,0.000000000000000000e+00
-9.853819012641906738e-02,-2.807217836380004883e-01,7.631833553314208984e-01,-6.774728745222091675e-02,9.854034334421157837e-02,6.350273489952087402e-01,7.631778120994567871e-01,-1.995923668146133423e-01,2.880135476589202881e-01,9.560568630695343018e-02,4.021764397621154785e-01,-1.436156481504440308e-01,-1.122624799609184265e-01,-5.309981107711791992e-01,-9.657137840986251831e-02,3.090606071054935455e-02,2.985077500343322754e-01,-8.595167845487594604e-02,1.305180788040161133e-01,-3.315662145614624023e-01,8.856815285980701447e-03,4.068932831287384033e-01,-1.316223144531250000e+00,3.465661406517028809e-01,-6.821389198303222656e-01,1.302139878273010254e+00,-1.298640072345733643e-01,-1.542601585388183594e-01,3.740025162696838379e-01,0.000000000000000000e+00,0.000000000000000000e+00,0.000000000000000000e+00,0.000000000000000000e+00,0.000000000000000000e+00,0.000000000000000000e+00,0.000000000000000000e+00,-6.773536205291748047e-01,-3.433746993541717529e-01,8.654535412788391113e-01,9.977942705154418945e-01,-2.357248365879058838e-01,-4.857062920928001404e-02,-3.039873242378234863e-01,0.000000000000000000e+00,0.000000000000000000e+00,0.000000000000000000e+00,0.000000000000000000e+00,0.000000000000000000e+00,0.000000000000000000e+00,0.000000000000000000e+00
-1.003309488296508789e-01,-2.814361751079559326e-01,7.639032006263732910e-01,-6.389813125133514404e-02,8.969545364379882812e-02,6.320973634719848633e-01,7.670232653617858887e-01,-1.834350079298019409e-01,2.961670756340026855e-01,1.067242175340652466e-01,4.177486598491668701e-01,-1.501801908016204834e-01,-9.993109107017517090e-02,-5.119585394859313965e-01,-8.870985358953475952e-02,3.296544775366783142e-02,2.984936535358428955e-01,-8.344992250204086304e-02,1.343841403722763062e-01,-3.313236832618713379e-01,-4.184114746749401093e-03,4.098531305789947510e-01,-1.131276845932006836e+00,3.223891556262969971e-01,-6.112401485443115234e-01,1.382082343101501465e+00,-1.085763499140739441e-01,-1.473056972026824951e-01,3.437246084213256836e-01,0.000000000000000000e+00,0.000000000000000000e+00,0.000000000000000000e+00,0.000000000000000000e+00,0.000000000000000000e+00,0.000000000000000000e+00,0.000000000000000000e+00,-6.754527091979980469e-01,-3.397664129734039307e-01,8.583483695983886719e-01,9.779896140098571777e-01,-2.334088385105133057e-01,-6.318686902523040771e-02,-2.814541757106781006e-01,0.000000000000000000e+00,0.000000000000000000e+00,0.000000000000000000e+00,0.000000000000000000e+00,0.000000000000000000e+00,0.000000000000000000e+00,0.000000000000000000e+00
-1.010942533612251282e-01,-2.807335853576660156e-01,7.637250423431396484e-01,-6.113570183515548706e-02,8.429434150457382202e-02,6.288564205169677734e-01,7.705170512199401855e-01,-1.767229288816452026e-01,3.019012212753295898e-01,1.131846606731414795e-01,4.413001835346221924e-01,-1.560832858085632324e-01,-9.003110975027084351e-02,-5.030589103698730469e-01,-8.230619132518768311e-02,3.769127279520034790e-02,3.070324957370758057e-01,-9.018098562955856323e-02,1.321786642074584961e-01,-3.315778374671936035e-01,-2.093869633972644806e-02,4.081949293613433838e-01,-9.447560310363769531e-01,3.092616796493530273e-01,-5.516734123229980469e-01,1.467896938323974609e+00,-6.147507950663566589e-02,-1.387774646282196045e-01,2.911161780357360840e-01,0.000000000000000000e+00,0.000000000000000000e+00,0.000000000000000000e+00,0.000000000000000000e+00,0.000000000000000000e+00,0.000000000000000000e+00,0.000000000000000000e+00,-6.699323654174804688e-01,-3.330945074558258057e-01,8.469454646110534668e-01,9.514313340187072754e-01,-2.273079454898834229e-01,-7.092192769050598145e-02,-2.488728016614913940e-01,0.000000000000000000e+00,0.000000000000000000e+00,0.000000000000000000e+00,0.000000000000000000e+00,0.000000000000000000e+00,0.000000000000000000e+00,0.000000000000000000e+00
-1.005227118730545044e-01,-2.784636914730072021e-01,7.624593973159790039e-01,-5.987127125263214111e-02,7.701203227043151855e-02,6.282901167869567871e-01,7.718394398689270020e-01,-1.772279739379882812e-01,3.154615163803100586e-01,1.129323616623878479e-01,4.809719920158386230e-01,-1.681173741817474365e-01,-8.238709717988967896e-02,-4.916613399982452393e-01,-7.492107897996902466e-02,2.981867641210556030e-02,3.213700652122497559e-01,-1.071188151836395264e-01,1.285026371479034424e-01,-3.219814002513885498e-01,-3.073297441005706787e-02,3.937710523605346680e-01,-7.594210505485534668e-01,3.088877797126770020e-01,-4.938615262508392334e-01,1.542586088180541992e+00,-1.603880152106285095e-02,-1.426893323659896851e-01,2.637206614017486572e-01,0.000000000000000000e+00,0.000000000000000000e+00,0.000000000000000000e+00,0.000000000000000000e+00,0.000000000000000000e+00,0.000000000000000000e+00,0.000000000000000000e+00,-6.538647413253784180e-01,-3.422289788722991943e-01,8.466659784317016602e-01,9.149656891822814941e-01,-2.554261386394500732e-01,-7.924369722604751587e-02,-2.296679168939590454e-01,0.000000000000000000e+00,0.000000000000000000e+00,0.000000000000000000e+00,0.000000000000000000e+00,0.000000000000000000e+00,0.000000000000000000e+00,0.000000000000000000e+00
-9.842639416456222534e-02,-2.743988335132598877e-01,7.610320448875427246e-01,-5.648969486355781555e-02,7.199532538652420044e-02,6.245652437210083008e-01,7.755925655364990234e-01,-1.605640947818756104e-01,3.223510980606079102e-01,1.185395345091819763e-01,4.984574615955352783e-01,-1.748959124088287354e-01,-8.271328359842300415e-02,-4.848197698593139648e-01,-6.986435502767562866e-02,2.321542985737323761e-02,3.466783165931701660e-01,-1.351582705974578857e-01,1.294846683740615845e-01,-3.045292496681213379e-01,-4.070664197206497192e-02,3.803012669086456299e-01,-5.563788414001464844e-01,3.220937550067901611e-01,-4.401143789291381836e-01,1.566667199134826660e+00,3.883544728159904480e-02,-1.403644531965255737e-01,2.348125129938125610e-01,0.000000000000000000e+00,0.000000000000000000e+00,0.000000000000000000e+00,0.000000000000000000e+00,0.000000000000000000e+00,0.000000000000000000e+00,0.000000000000000000e+00,-6.231192350387573242e-01,-3.571744263172149658e-01,8.353915810585021973e-01,8.769993782043457031e-01,-2.717857062816619873e-01,-8.000586926937103271e-02,-2.087246328592300415e-01,0.000000000000000000e+00,0.000000000000000000e+00,0.000000000000000000e+00,0.000000000000000000e+00,0.000000000000000000e+00,0.000000000000000000e+00,0.000000000000000000e+00
-9.472489356994628906e-02,-2.687093615531921387e-01,7.611694335937500000e-01,-5.371883884072303772e-02,6.836111098527908325e-02,6.216907501220703125e-01,7.784225344657897949e-01,-1.534688472747802734e-01,3.284974098205566406e-01,1.163145303726196289e-01,5.257671475410461426e-01,-1.550148874521255493e-01,-9.140833467245101929e-02,-4.725621640682220459e-01,-6.438872963190078735e-02,1.717307232320308685e-02,3.617221415042877197e-01,-1.560311615467071533e-01,1.180800348520278931e-01,-2.775487005710601807e-01,-4.688284546136856079e-02,3.565694391727447510e-01,-3.267932534217834473e-01,3.340193033218383789e-01,-3.913846015930175781e-01,1.594057917594909668e+00,1.105477586388587952e-01,-1.402904838323593140e-01,1.822876781225204468e-01,0.000000000000000000e+00,0.000000000000000000e+00,0.000000000000000000e+00,0.000000000000000000e+00,0.000000000000000000e+00,0.000000000000000000e+00,0.000000000000000000e+00,-5.668654441833496094e-01,-3.717916607856750488e-01,8.097177147865295410e-01,8.597439527511596680e-01,-2.726594209671020508e-01,-8.890113234519958496e-02,-1.901343613862991333e-01,0.000000000000000000e+00,0.000000000000000000e+00,0.000000000000000000e+00,0.000000000000000000e+00,0.000000000000000000e+00,0.000000000000000000e+00,0.000000000000000000e+00
-8.957698196172714233e-02,-2.616985142230987549e-01,7.622264623641967773e-01,-5.433340370655059814e-02,6.930190324783325195e-02,6.172708868980407715e-01,7.818067669868469238e-01,-1.517516672611236572e-01,3.360224962234497070e-01,1.201499700546264648e-01,5.407822728157043457e-01,-1.202752664685249329e-01,-1.005677506327629089e-01,-4.663871526718139648e-01,-5.400387570261955261e-02,2.085114829242229462e-02,3.672452569007873535e-01,-1.711010485887527466e-01,1.088053360581398010e-01,-2.513726949691772461e-01,-5.225012451410293579e-02,3.270888924598693848e-01,-1.324995458126068115e-01,3.523084521293640137e-01,-3.058541715145111084e-01,1.619153380393981934e+00,1.299914866685867310e-01,-1.392261832952499390e-01,1.294439136981964111e-01,0.000000000000000000e+00,0.000000000000000000e+00,0.000000000000000000e+00,0.000000000000000000e+00,0.000000000000000000e+00,0.000000000000000000e+00,0.000000000000000000e+00,-4.973466098308563232e-01,-3.868686854839324951e-01,7.651053071022033691e-01,8.466529846191406250e-01,-2.457446157932281494e-01,-9.700895100831985474e-02,-1.447897404432296753e-01,0.000000000000000000e+00,0.000000000000000000e+00,0.000000000000000000e+00,0.000000000000000000e+00,0.000000000000000000e+00,0.000000000000000000e+00,0.000000000000000000e+00
-8.334896713495254517e-02,-2.542241513729095459e-01,7.644540071487426758e-01,-5.613457411527633667e-02,7.076649367809295654e-02,6.125766634941101074e-01,7.852329611778259277e-01,-1.596173644065856934e-01,3.485154807567596436e-01,1.247472614049911499e-01,5.621064901351928711e-01,-6.134064495563507080e-02,-1.172173395752906799e-01,-4.561471343040466309e-01,-3.910370543599128723e-02,3.026017174124717712e-02,3.616451919078826904e-01,-1.765650510787963867e-01,9.794845432043075562e-02,-2.198630273342132568e-01,-5.503947660326957703e-02,2.980976104736328125e-01,3.594759479165077209e-02,3.932451009750366211e-01,-2.163160443305969238e-01,1.622857213020324707e+00,1.519528925418853760e-01,-1.251633912324905396e-01,7.437824457883834839e-02,0.000000000000000000e+00,0.000000000000000000e+00,0.000000000000000000e+00,0.000000000000000000e+00,0.000000000000000000e+00,0.000000000000000000e+00,0.000000000000000000e+00,-4.382231831550598145e-01,-4.062263667583465576e-01,7.191410660743713379e-01,8.410780429840087891e-01,-2.311264574527740479e-01,-9.753394126892089844e-02,-1.002217382192611694e-01,0.000000000000000000e+00,0.000000000000000000e+00,0.000000000000000000e+00,0.000000000000000000e+00,0.000000000000000000e+00,0.000000000000000000e+00,0.000000000000000000e+00
-7.674751430749893188e-02,-2.471199035644531250e-01,7.664788961410522461e-01,-5.423106625676155090e-02,6.849972903728485107e-02,6.077569723129272461e-01,7.893023490905761719e-01,-1.694670021533966064e-01,3.559125959873199463e-01,1.087246537208557129e-01,6.000995635986328125e-01,-4.554976243525743484e-03,-1.384004056453704834e-01,-4.332594573497772217e-01,-2.670786157250404358e-02,3.295472636818885803e-02,3.539600968360900879e-01,-1.862580925226211548e-01,8.266255259513854980e-02,-1.832950562238693237e-01,-5.771154910326004028e-02,2.865397632122039795e-01,1.740913689136505127e-01,4.372802972793579102e-01,-1.248898133635520935e-01,1.627825140953063965e+00,1.584170460700988770e-01,-1.100361794233322144e-01,4.329988360404968262e-02,0.000000000000000000e+00,0.000000000000000000e+00,0.000000000000000000e+00,0.000000000000000000e+00,0.000000000000000000e+00,0.000000000000000000e+00,0.000000000000000000e+00,-3.915339410305023193e-01,-4.290682673454284668e-01,6.804432272911071777e-01,8.297414183616638184e-01,-2.164926975965499878e-01,-9.329248219728469849e-02,-7.377663999795913696e-02,0.000000000000000000e+00,0.000000000000000000e+00,0.000000000000000000e+00,0.000000000000000000e+00,0.000000000000000000e+00,0.000000000000000000e+00,0.000000000000000000e+00
-7.071722298860549927e-02,-2.406617403030395508e-01,7.675959467887878418e-01,-4.878565296530723572e-02,6.652244925498962402e-02,6.002820730209350586e-01,7.955225706100463867e-01,-1.857522726058959961e-01,3.498113155364990234e-01,8.270964771509170532e-02,6.530268788337707520e-01,-6.097928062081336975e-02,-1.256436854600906372e-01,-4.087795615196228027e-01,-1.985885947942733765e-02,3.865697979927062988e-02,3.465323150157928467e-01,-2.021826058626174927e-01,6.990223377943038940e-02,-1.419794857501983643e-01,-6.569424271583557129e-02,2.812985777854919434e-01,2.816000580787658691e-01,4.713051617145538330e-01,-5.097384750843048096e-02,1.636959075927734375e+00,1.435731202363967896e-01,-9.731228649616241455e-02,2.880695462226867676e-02,0.000000000000000000e+00,0.000000000000000000e+00,0.000000000000000000e+00,0.000000000000000000e+00,0.000000000000000000e+00,0.000000000000000000e+00,0.000000000000000000e+00,-3.580723404884338379e-01,-4.467041194438934326e-01,6.508188247680664062e-01,8.341084718704223633e-01,-1.942236125469207764e-01,-8.237683027982711792e-02,-6.700346618890762329e-02,0.000000000000000000e+00,0.000000000000000000e+00,0.000000000000000000e+00,0.000000000000000000e+00,0.000000000000000000e+00,0.000000000000000000e+00,0.000000000000000000e+00
-6.520647555589675903e-02,-2.355719506740570068e-01,7.690548300743103027e-01,-3.870411589741706848e-02,6.237995624542236328e-02,5.935237407684326172e-01,8.014613389968872070e-01,-2.167658507823944092e-01,3.385927379131317139e-01,5.710758268833160400e-02,7.208282947540283203e-01,-2.213017940521240234e-01,-7.297313958406448364e-02,-3.768577873706817627e-01,-2.052523195743560791e-02,4.328001290559768677e-02,3.399224877357482910e-01,-2.150029093027114868e-01,6.072436645627021790e-02,-1.007578000426292419e-01,-7.749443501234054565e-02,2.829636037349700928e-01,3.517602384090423584e-01,5.011976361274719238e-01,6.180981639772653580e-03,1.629442691802978516e+00,1.207109466195106506e-01,-8.872065693140029907e-02,1.659619435667991638e-02,0.000000000000000000e+00,0.000000000000000000e+00,0.000000000000000000e+00,0.000000000000000000e+00,0.000000000000000000e+00,0.000000000000000000e+00,0.000000000000000000e+00,-3.365732729434967041e-01,-4.621611535549163818e-01,6.311091780662536621e-01,8.420950770378112793e-01,-1.816157400608062744e-01,-6.902839988470077515e-02,-6.048035249114036560e-02,0.000000000000000000e+00,0.000000000000000000e+00,0.000000000000000000e+00,0.000000000000000000e+00,0.000000000000000000e+00,0.000000000000000000e+00,0.000000000000000000e+00
-6.045514345169067383e-02,-2.321245074272155762e-01,7.706337571144104004e-01,-2.948682755231857300e-02,5.604442954063415527e-02,5.893033742904663086e-01,8.054260611534118652e-01,-2.457416802644729614e-01,3.286934494972229004e-01,4.693037644028663635e-02,7.904224395751953125e-01,-2.772700488567352295e-01,-4.976409301161766052e-02,-3.428404033184051514e-01,-2.090716734528541565e-02,4.223812371492385864e-02,3.306999504566192627e-01,-2.191920727491378784e-01,5.433850362896919250e-02,-6.380914896726608276e-02,-8.390951901674270630e-02,2.847311794757843018e-01,3.829209506511688232e-01,5.250345468521118164e-01,5.756782740354537964e-02,1.616527318954467773e+00,9.560266882181167603e-02,-8.104483038187026978e-02,1.551136188209056854e-02,0.000000000000000000e+00,0.000000000000000000e+00,0.000000000000000000e+00,0.000000000000000000e+00,0.000000000000000000e+00,0.000000000000000000e+00,0.000000000000000000e+00,-3.241282403469085693e-01,-4.733160138130187988e-01,6.082381010055541992e-01,8.528870940208435059e-01,-1.648839563131332397e-01,-5.988646298646926880e-02,-5.820970982313156128e-02,0.000000000000000000e+00,0.000000000000000000e+00,0.000000000000000000e+00,0.000000000000000000e+00,0.000000000000000000e+00,0.000000000000000000e+00,0.000000000000000000e+00
-5.653476715087890625e-02,-2.300850600004196167e-01,7.723953127861022949e-01,-2.117847464978694916e-02,5.106548964977264404e-02,5.879727602005004883e-01,8.069893717765808105e-01,-2.796584963798522949e-01,3.095803558826446533e-01,5.378569290041923523e-02,8.594403862953186035e-01,-3.078746795654296875e-01,-3.399575874209403992e-02,-3.088217377662658691e-01,-2.569212950766086578e-02,3.641361743211746216e-02,3.113723099231719971e-01,-2.183357775211334229e-01,5.024133250117301941e-02,-3.116659633815288544e-02,-8.756788074970245361e-02,2.815736532211303711e-01,3.801877498626708984e-01,5.360806584358215332e-01,9.206075966358184814e-02,1.601001143455505371e+00,6.212677806615829468e-02,-8.130565285682678223e-02,2.699428983032703400e-02,0.000000000000000000e+00,0.000000000000000000e+00,0.000000000000000000e+00,0.000000000000000000e+00,0.000000000000000000e+00,0.000000000000000000e+00,0.000000000000000000e+00,-3.178134262561798096e-01,-4.835734069347381592e-01,5.899174213409423828e-01,8.680183291435241699e-01,-1.501031219959259033e-01,-5.759567394852638245e-02,-5.819032341241836548e-02,0.000000000000000000e+00,0.000000000000000000e+00,0.000000000000000000e+00,0.000000000000000000e+00,0.000000000000000000e+00,0.000000000000000000e+00,0.000000000000000000e+00
-5.356487259268760681e-02,-2.289775758981704712e-01,7.732929587364196777e-01,-1.664791442453861237e-02,4.850703105330467224e-02,5.867460966110229492e-01,8.081453442573547363e-01,-3.106470704078674316e-01,2.864845693111419678e-01,7.111237943172454834e-02,9.087747931480407715e-01,-3.404216170310974121e-01,-1.768873259425163269e-02,-2.833192050457000732e-01,-2.748268097639083862e-02,3.230661898851394653e-02,2.867363095283508301e-01,-2.164946347475051880e-01,5.047913268208503723e-02,-7.869905792176723480e-03,-9.011053293943405151e-02,2.760056257247924805e-01,3.500027954578399658e-01,5.346921086311340332e-01,1.034276559948921204e-01,1.587088108062744141e+00,2.849665842950344086e-02,-8.791362494230270386e-02,4.889955744147300720e-02,0.000000000000000000e+00,0.000000000000000000e+00,0.000000000000000000e+00,0.000000000000000000e+00,0.000000000000000000e+00,0.000000000000000000e+00,0.000000000000000000e+00,-3.203844130039215088e-01,-4.871572554111480713e-01,5.805474519729614258e-01,8.863838315010070801e-01,-1.360268741846084595e-01,-6.140360608696937561e-02,-6.123544648289680481e-02,0.000000000000000000e+00,0.000000000000000000e+00,0.000000000000000000e+00,0.000000000000000000e+00,0.000000000000000000e+00,0.000000000000000000e+00,0.000000000000000000e+00
-5.140005052089691162e-02,-2.284895479679107666e-01,7.740846276283264160e-01,-1.323596946895122528e-02,4.615998640656471252e-02,5.873193144798278809e-01,8.079295158386230469e-01,-3.408021926879882812e-01,2.607762813568115234e-01,8.696834743022918701e-02,9.354281425476074219e-01,-3.571948707103729248e-01,-7.622708217240869999e-04,-2.657932043075561523e-01,-2.911098301410675049e-02,2.855581231415271759e-02,2.735215127468109131e-01,-2.147091478109359741e-01,5.128310620784759521e-02,9.873795323073863983e-03,-8.994132280349731445e-02,2.726461589336395264e-01,3.038495481014251709e-01,5.251629352569580078e-01,1.037495583295822144e-01,1.570612072944641113e+00,-1.110315090045332909e-03,-9.025597572326660156e-02,7.051421701908111572e-02,0.000000000000000000e+00,0.000000000000000000e+00,0.000000000000000000e+00,0.000000000000000000e+00,0.000000000000000000e+00,0.000000000000000000e+00,0.000000000000000000e+00,-3.278926610946655273e-01,-4.894374012947082520e-01,5.804716348648071289e-01,9.050292372703552246e-01,-1.393713057041168213e-01,-6.268262863159179688e-02,-6.797112524509429932e-02,0.000000000000000000e+00,0.000000000000000000e+00,0.000000000000000000e+00,0.000000000000000000e+00,0.000000000000000000e+00,0.000000000000000000e+00,0.000000000000000000e+00
-4.989102482795715332e-02,-2.283726781606674194e-01,7.750148773193359375e-01,-8.988017216324806213e-03,4.370487853884696960e-02,5.894440412521362305e-01,8.065759539604187012e-01,-3.684424757957458496e-01,2.363361716270446777e-01,1.034615114331245422e-01,9.495897889137268066e-01,-3.635767102241516113e-01,1.498417835682630539e-02,-2.504678070545196533e-01,-3.416294977068901062e-02,2.240130491554737091e-02,2.671368122100830078e-01,-2.140199542045593262e-01,4.841960594058036804e-02,1.788079924881458282e-02,-8.759672939777374268e-02,2.717711329460144043e-01,2.434111535549163818e-01,5.041231513023376465e-01,8.340337872505187988e-02,1.544425725936889648e+00,-2.760524861514568329e-02,-9.424126893281936646e-02,8.259421586990356445e-02,0.000000000000000000e+00,0.000000000000000000e+00,0.000000000000000000e+00,0.000000000000000000e+00,0.000000000000000000e+00,0.000000000000000000e+00,0.000000000000000000e+00,-3.377056121826171875e-01,-4.871376156806945801e-01,5.852196216583251953e-01,9.225667119026184082e-01,-1.528666168451309204e-01,-6.450636684894561768e-02,-7.371222972869873047e-02,0.000000000000000000e+00,0.000000000000000000e+00,0.000000000000000000e+00,0.000000000000000000e+00,0.000000000000000000e+00,0.000000000000000000e+00,0.000000000000000000e+00
