-4.332395736128091812e-03,-3.560914099216461182e-02,7.837954759597778320e-01,3.343379870057106018e-02,2.365339751122519374e-04,9.513577818870544434e-01,3.062686324119567871e-01,-1.992076821625232697e-02,1.097247302532196045e-01,-4.466074407100677490e-01,2.773089110851287842e-01,-2.202905863523483276e-01,-4.645645618438720703e-02,-1.001778617501258850e-01,-2.507606521248817444e-02,4.404968023300170898e-01,3.029636144638061523e-01,-1.699180305004119873e-01,1.526065021753311157e-01,2.058797143399715424e-02,-4.134909436106681824e-02,1.596398204565048218e-01,9.023123979568481445e-02,4.090381264686584473e-01,-4.940294921398162842e-01,7.079327702522277832e-01,-2.995863370597362518e-02,-8.577595651149749756e-02,7.906412705779075623e-03,0.000000000000000000e+00,0.000000000000000000e+00,0.000000000000000000e+00,0.000000000000000000e+00,0.000000000000000000e+00,0.000000000000000000e+00,0.000000000000000000e+00,-3.452390432357788086e-01,-6.083728075027465820e-01,7.020962834358215332e-01,2.929946780204772949e-01,6.297437846660614014e-02,-1.041748449206352234e-01,6.515301764011383057e-02,0.000000000000000000e+00,0.000000000000000000e+00,0.000000000000000000e+00,0.000000000000000000e+00,0.000000000000000000e+00,0.000000000000000000e+00,0.000000000000000000e+00
-1.029484719038009644e-02,-4.621389880776405334e-02,7.825763821601867676e-01,3.079142980277538300e-02,3.295487957075238228e-03,9.457350373268127441e-01,3.234599232673645020e-01,-2.828082442283630371e-02,8.439154177904129028e-02,-5.129565596580505371e-01,3.133822679519653320e-01,-2.301575094461441040e-01,-4.234891012310981750e-02,-1.257178485393524170e-01,-3.053459338843822479e-02,4.788410365581512451e-01,3.217716217041015625e-01,-1.668786108493804932e-01,1.609870344400405884e-01,-3.403231874108314514e-02,-3.360808268189430237e-02,1.474530994892120361e-01,4.105608910322189331e-02,3.439474701881408691e-01,-4.675868153572082520e-01,9.276043772697448730e-01,-4.372462257742881775e-02,-1.133583039045333862e-01,1.549934502691030502e-02,0.000000000000000000e+00,0.000000000000000000e+00,0.000000000000000000e+00,0.000000000000000000e+00,0.000000000000000000e+00,0.000000000000000000e+00,0.000000000000000000e+00,-3.854699730873107910e-01,-6.247242093086242676e-01,7.194055914878845215e-01,3.186011314392089844e-01,1.001600176095962524e-01,-1.314400285482406616e-01,6.505632400512695312e-02,0.000000000000000000e+00,0.000000000000000000e+00,0.000000000000000000e+00,0.000000000000000000e+00,0.000000000000000000e+00,0.000000000000000000e+00,0.000000000000000000e+00
-1.740620657801628113e-02,-5.875076353549957275e-02,7.823699712753295898e-01,2.935633435845375061e-02,3.096373751759529114e-03,9.346978068351745605e-01,3.542155027389526367e-01,-1.197375915944576263e-02,5.924493074417114258e-02,-5.311018824577331543e-01,3.409544527530670166e-01,-2.462822347879409790e-01,-3.614839911460876465e-02,-1.434416472911834717e-01,-2.806057222187519073e-02,5.351407527923583984e-01,3.164894878864288330e-01,-1.418383717536926270e-01,1.767073273658752441e-01,-7.276117801666259766e-02,-3.047644719481468201e-02,1.389601081609725952e-01,1.324508152902126312e-02,3.328846693038940430e-01,-4.428249597549438477e-01,1.051047325134277344e+00,-2.715890109539031982e-02,-9.594032913446426392e-02,2.645960450172424316e-02,0.000000000000000000e+00,0.000000000000000000e+00,0.000000000000000000e+00,0.000000000000000000e+00,0.000000000000000000e+00,0.000000000000000000e+00,0.000000000000000000e+00,-3.766295611858367920e-01,-6.398838162422180176e-01,6.934908032417297363e-01,3.199638724327087402e-01,1.021681651473045349e-01,-1.320082396268844604e-01,5.790502205491065979e-02,0.000000000000000000e+00,0.000000000000000000e+00,0.000000000000000000e+00,0.000000000000000000e+00,0.000000000000000000e+00,0.000000000000000000e+00,0.000000000000000000e+00
-2.547775767743587494e-02,-7.386005669832229614e-02,7.804319262504577637e-01,2.631419710814952850e-02,1.725625246763229370e-03,9.233963489532470703e-01,3.829410076141357422e-01,4.866099043283611536e-04,4.029174521565437317e-02,-5.135478377342224121e-01,3.579816818237304688e-01,-2.853885889053344727e-01,-2.531266957521438599e-02,-1.620837897062301636e-01,-3.059451282024383545e-02,5.781031250953674316e-01,3.012387752532958984e-01,-1.224969252943992615e-01,1.991840004920959473e-01,-1.115941256284713745e-01,-2.443880960345268250e-02,1.392275393009185791e-01,-2.215704694390296936e-02,3.454030156135559082e-01,-4.356092512607574463e-01,1.122965574264526367e+00,2.325801178812980652e-03,-9.129156917333602905e-02,4.169304668903350830e-02,0.000000000000000000e+00,0.000000000000000000e+00,0.000000000000000000e+00,0.000000000000000000e+00,0.000000000000000000e+00,0.000000000000000000e+00,0.000000000000000000e+00,-3.638865649700164795e-01,-6.546936631202697754e-01,6.722345352172851562e-01,3.305445313453674316e-01,9.454195201396942139e-02,-1.221517622470855713e-01,4.589616879820823669e-02,0.000000000000000000e+00,0.000000000000000000e+00,0.000000000000000000e+00,0.000000000000000000e+00,0.000000000000000000e+00,0.000000000000000000e+00,0.000000000000000000e+00
-3.426880016922950745e-02,-9.102663397789001465e-02,7.770593762397766113e-01,2.713165618479251862e-02,-5.977239343337714672e-04,9.102486968040466309e-01,4.131716191768646240e-01,6.803225725889205933e-03,2.712806873023509979e-02,-4.522041678428649902e-01,3.640571236610412598e-01,-3.309399485588073730e-01,5.409311503171920776e-03,-1.784314215183258057e-01,-3.800161927938461304e-02,6.140854954719543457e-01,2.819021642208099365e-01,-9.321463853120803833e-02,2.362166643142700195e-01,-1.519911587238311768e-01,-2.017861977219581604e-02,1.513880938291549683e-01,-6.825086474418640137e-02,3.767738342285156250e-01,-4.085423350334167480e-01,1.154843926429748535e+00,2.198530547320842743e-02,-8.980631828308105469e-02,6.709925085306167603e-02,0.000000000000000000e+00,0.000000000000000000e+00,0.000000000000000000e+00,0.000000000000000000e+00,0.000000000000000000e+00,0.000000000000000000e+00,0.000000000000000000e+00,-3.474085330963134766e-01,-6.596261262893676758e-01,6.303018331527709961e-01,3.549950420856475830e-01,1.013254374265670776e-01,-1.113718003034591675e-01,1.660382188856601715e-02,0.000000000000000000e+00,0.000000000000000000e+00,0.000000000000000000e+00,0.000000000000000000e+00,0.000000000000000000e+00,0.000000000000000000e+00,0.000000000000000000e+00
-4.281146451830863953e-02,-1.079334691166877747e-01,7.765114307403564453e-01,2.781757526099681854e-02,-7.519622799009084702e-03,8.977527022361755371e-01,4.395563006401062012e-01,1.661182008683681488e-02,3.155091404914855957e-02,-3.803040981292724609e-01,3.526674211025238037e-01,-3.566973209381103516e-01,3.093807213008403778e-02,-1.954991221427917480e-01,-4.049231857061386108e-02,6.235108375549316406e-01,2.551115751266479492e-01,-2.210147306323051453e-02,2.616396248340606689e-01,-1.985032558441162109e-01,-8.037954568862915039e-03,1.730786859989166260e-01,-1.203178241848945618e-01,4.165126383304595947e-01,-3.727460205554962158e-01,1.187768340110778809e+00,9.104045107960700989e-03,-8.928527683019638062e-02,8.734927326440811157e-02,0.000000000000000000e+00,0.000000000000000000e+00,0.000000000000000000e+00,0.000000000000000000e+00,0.000000000000000000e+00,0.000000000000000000e+00,0.000000000000000000e+00,-3.176175057888031006e-01,-6.656481027603149414e-01,5.739398002624511719e-01,3.744076788425445557e-01,1.176493912935256958e-01,-9.754212200641632080e-02,-2.365371398627758026e-02,0.000000000000000000e+00,0.000000000000000000e+00,0.000000000000000000e+00,0.000000000000000000e+00,0.000000000000000000e+00,0.000000000000000000e+00,0.000000000000000000e+00
-5.260932072997093201e-02,-1.278500854969024658e-01,7.763125300407409668e-01,2.665137499570846558e-02,-1.048065908253192902e-02,8.804019689559936523e-01,4.733626544475555420e-01,2.554843947291374207e-02,3.392627462744712830e-02,-2.767499089241027832e-01,3.304906189441680908e-01,-3.795439302921295166e-01,6.035532429814338684e-02,-2.556440532207489014e-01,-7.342249900102615356e-02,5.737369060516357422e-01,2.355880588293075562e-01,8.945558220148086548e-03,2.615220248699188232e-01,-2.258066236972808838e-01,1.681825728155672550e-03,1.965893208980560303e-01,-1.678353250026702881e-01,4.673821032047271729e-01,-3.393619358539581299e-01,1.205466389656066895e+00,1.311487401835620403e-03,-9.435822814702987671e-02,1.082267314195632935e-01,0.000000000000000000e+00,0.000000000000000000e+00,0.000000000000000000e+00,0.000000000000000000e+00,0.000000000000000000e+00,0.000000000000000000e+00,0.000000000000000000e+00,-2.904976606369018555e-01,-6.751685738563537598e-01,5.221280455589294434e-01,3.989452719688415527e-01,1.165074110031127930e-01,-9.257896244525909424e-02,-6.536665558815002441e-02,0.000000000000000000e+00,0.000000000000000000e+00,0.000000000000000000e+00,0.000000000000000000e+00,0.000000000000000000e+00,0.000000000000000000e+00,0.000000000000000000e+00
-6.164900586009025574e-02,-1.467892527580261230e-01,7.758530974388122559e-01,2.371857129037380219e-02,-1.159428525716066360e-02,8.605307340621948242e-01,5.087139606475830078e-01,2.535861358046531677e-02,3.311888128519058228e-02,-1.825776547193527222e-01,3.192370235919952393e-01,-3.957257270812988281e-01,7.841061055660247803e-02,-3.122472763061523438e-01,-9.752151370048522949e-02,4.834104776382446289e-01,2.356593757867813110e-01,7.556758355349302292e-03,2.615239024162292480e-01,-2.337937206029891968e-01,1.196365989744663239e-02,2.160571515560150146e-01,-2.267582714557647705e-01,5.276116728782653809e-01,-2.983582019805908203e-01,1.223907589912414551e+00,-1.136075891554355621e-02,-1.017122119665145874e-01,1.306313276290893555e-01,0.000000000000000000e+00,0.000000000000000000e+00,0.000000000000000000e+00,0.000000000000000000e+00,0.000000000000000000e+00,0.000000000000000000e+00,0.000000000000000000e+00,-2.552928626537322998e-01,-6.768284440040588379e-01,4.451594352722167969e-01,4.366099536418914795e-01,1.106811687350273132e-01,-9.455947577953338623e-02,-1.096458286046981812e-01,0.000000000000000000e+00,0.000000000000000000e+00,0.000000000000000000e+00,0.000000000000000000e+00,0.000000000000000000e+00,0.000000000000000000e+00,0.000000000000000000e+00
-7.058129459619522095e-02,-1.649154424667358398e-01,7.765883207321166992e-01,1.863605901598930359e-02,-1.139141060411930084e-02,8.394860029220581055e-01,5.429421663284301758e-01,2.139944955706596375e-02,3.446255996823310852e-02,-8.799286186695098877e-02,3.028995990753173828e-01,-4.017444252967834473e-01,9.324144572019577026e-02,-3.668327033519744873e-01,-1.209896951913833618e-01,3.632230758666992188e-01,2.807685732841491699e-01,-1.041486486792564392e-02,2.574597597122192383e-01,-2.377116829156875610e-01,2.181696891784667969e-02,2.282065004110336304e-01,-2.544421553611755371e-01,5.861184597015380859e-01,-2.597574293613433838e-01,1.229268431663513184e+00,-2.606037072837352753e-02,-1.015136986970901489e-01,1.528815180063247681e-01,0.000000000000000000e+00,0.000000000000000000e+00,0.000000000000000000e+00,0.000000000000000000e+00,0.000000000000000000e+00,0.000000000000000000e+00,0.000000000000000000e+00,-2.255986928939819336e-01,-6.837664842605590820e-01,3.882074952125549316e-01,4.486275613307952881e-01,1.043626740574836731e-01,-1.052459329366683960e-01,-1.532004773616790771e-01,0.000000000000000000e+00,0.000000000000000000e+00,0.000000000000000000e+00,0.000000000000000000e+00,0.000000000000000000e+00,0.000000000000000000e+00,0.000000000000000000e+00
-7.883831858634948730e-02,-1.815859824419021606e-01,7.785889506340026855e-01,1.146699301898479462e-02,-1.042976137250661850e-02,8.152315616607666016e-01,5.789276957511901855e-01,1.556125469505786896e-02,4.004381597042083740e-02,5.655230488628149033e-03,2.821007370948791504e-01,-3.942783176898956299e-01,1.060803532600402832e-01,-4.082821905612945557e-01,-1.412412077188491821e-01,2.169611454010009766e-01,3.678711056709289551e-01,-4.084446281194686890e-02,2.235655039548873901e-01,-2.368165850639343262e-01,2.951320074498653412e-02,2.265727221965789795e-01,-2.744025290012359619e-01,6.380718946456909180e-01,-2.165392339229583740e-01,1.239871859550476074e+00,-3.098066337406635284e-02,-9.865864366292953491e-02,1.737024337053298950e-01,0.000000000000000000e+00,0.000000000000000000e+00,0.000000000000000000e+00,0.000000000000000000e+00,0.000000000000000000e+00,0.000000000000000000e+00,0.000000000000000000e+00,-2.027633339166641235e-01,-7.027654647827148438e-01,3.571357429027557373e-01,4.538178145885467529e-01,9.264011681079864502e-02,-1.121332272887229919e-01,-1.771180331707000732e-01,0.000000000000000000e+00,0.000000000000000000e+00,0.000000000000000000e+00,0.000000000000000000e+00,0.000000000000000000e+00,0.000000000000000000e+00,0.000000000000000000e+00
-8.695898205041885376e-02,-1.969856917858123779e-01,7.801471352577209473e-01,4.755110014230012894e-03,-8.599527180194854736e-03,7.892093658447265625e-01,6.140456199645996094e-01,1.045611873269081116e-02,4.699001088738441467e-02,1.057970672845840454e-01,2.614717185497283936e-01,-3.881619870662689209e-01,1.113574206829071045e-01,-4.401993453502655029e-01,-1.719635874032974243e-01,5.118814110755920410e-02,5.080262422561645508e-01,-9.240435808897018433e-02,1.654204577207565308e-01,-2.298031747341156006e-01,3.989111259579658508e-02,2.162454426288604736e-01,-2.773347198963165283e-01,6.743757724761962891e-01,-1.724508553743362427e-01,1.238765239715576172e+00,-3.061317838728427887e-02,-9.473228454589843750e-02,1.839388757944107056e-01,0.000000000000000000e+00,0.000000000000000000e+00,0.000000000000000000e+00,0.000000000000000000e+00,0.000000000000000000e+00,0.000000000000000000e+00,0.000000000000000000e+00,-1.708721667528152466e-01,-7.236564755439758301e-01,3.227552473545074463e-01,4.360318779945373535e-01,8.325741440057754517e-02,-1.228971108794212341e-01,-1.957340240478515625e-01,0.000000000000000000e+00,0.000000000000000000e+00,0.000000000000000000e+00,0.000000000000000000e+00,0.000000000000000000e+00,0.000000000000000000e+00,0.000000000000000000e+00
-9.493374079465866089e-02,-2.107534259557723999e-01,7.812546491622924805e-01,-5.731868441216647625e-04,-6.106266286224126816e-03,7.625894546508789062e-01,6.468536853790283203e-01,7.572748698294162750e-03,5.093294382095336914e-02,1.991724073886871338e-01,2.405751049518585205e-01,-3.824656009674072266e-01,1.165460124611854553e-01,-4.447118043899536133e-01,-2.006735950708389282e-01,-7.519393414258956909e-02,6.447795629501342773e-01,-1.569291204214096069e-01,1.078868508338928223e-01,-2.230673283338546753e-01,4.728540778160095215e-02,1.993758827447891235e-01,-2.799061834812164307e-01,7.027485370635986328e-01,-1.326207518577575684e-01,1.245627880096435547e+00,-3.149565309286117554e-02,-9.362958371639251709e-02,1.979752928018569946e-01,0.000000000000000000e+00,0.000000000000000000e+00,0.000000000000000000e+00,0.000000000000000000e+00,0.000000000000000000e+00,0.000000000000000000e+00,0.000000000000000000e+00,-1.312297433614730835e-01,-7.604930400848388672e-01,2.968994677066802979e-01,3.970093131065368652e-01,7.943606376647949219e-02,-1.392446011304855347e-01,-2.058214396238327026e-01,0.000000000000000000e+00,0.000000000000000000e+00,0.000000000000000000e+00,0.000000000000000000e+00,0.000000000000000000e+00,0.000000000000000000e+00,0.000000000000000000e+00
-1.027805730700492859e-01,-2.229305058717727661e-01,7.818849682807922363e-01,-2.479870105162262917e-03,-3.681995440274477005e-03,7.333111166954040527e-01,6.798787713050842285e-01,1.025925576686859131e-02,4.990842193365097046e-02,2.837752997875213623e-01,2.225116491317749023e-01,-3.754381239414215088e-01,1.234269142150878906e-01,-4.317032098770141602e-01,-2.205719351768493652e-01,-1.608407795429229736e-01,7.634845972061157227e-01,-2.135591506958007812e-01,6.404685229063034058e-02,-2.196911871433258057e-01,5.191521346569061279e-02,1.797505468130111694e-01,-2.766194939613342285e-01,7.320712804794311523e-01,-9.758383035659790039e-02,1.235335230827331543e+00,-2.117294818162918091e-02,-9.700629860162734985e-02,2.139901667833328247e-01,0.000000000000000000e+00,0.000000000000000000e+00,0.000000000000000000e+00,0.000000000000000000e+00,0.000000000000000000e+00,0.000000000000000000e+00,0.000000000000000000e+00,-9.693511575460433960e-02,-8.054420948028564453e-01,2.686393558979034424e-01,3.412855565547943115e-01,7.299225032329559326e-02,-1.579320579767227173e-01,-2.169939130544662476e-01,0.000000000000000000e+00,0.000000000000000000e+00,0.000000000000000000e+00,0.000000000000000000e+00,0.000000000000000000e+00,0.000000000000000000e+00,0.000000000000000000e+00
-1.104628592729568481e-01,-2.339156568050384521e-01,7.822498083114624023e-01,-3.619787283241748810e-03,-5.710543482564389706e-04,7.022813558578491211e-01,7.118901014328002930e-01,1.265312917530536652e-02,4.775735363364219666e-02,3.684818148612976074e-01,2.066494822502136230e-01,-3.695127665996551514e-01,1.348746120929718018e-01,-3.877398371696472168e-01,-2.377687543630599976e-01,-2.367060780525207520e-01,8.555482625961303711e-01,-2.630174160003662109e-01,2.954003773629665375e-02,-2.123174667358398438e-01,5.252857133746147156e-02,1.538477391004562378e-01,-2.723942697048187256e-01,7.590238451957702637e-01,-7.203698903322219849e-02,1.225599169731140137e+00,-6.939856801182031631e-03,-9.836370497941970825e-02,2.257904112339019775e-01,0.000000000000000000e+00,0.000000000000000000e+00,0.000000000000000000e+00,0.000000000000000000e+00,0.000000000000000000e+00,0.000000000000000000e+00,0.000000000000000000e+00,-6.592296808958053589e-02,-8.649150133132934570e-01,2.405080199241638184e-01,2.751768529415130615e-01,6.595420092344284058e-02,-1.719924658536911011e-01,-2.172315269708633423e-01,0.000000000000000000e+00,0.000000000000000000e+00,0.000000000000000000e+00,0.000000000000000000e+00,0.000000000000000000e+00,0.000000000000000000e+00,0.000000000000000000e+00
-1.181060001254081726e-01,-2.439138889312744141e-01,7.820484042167663574e-01,-3.638001158833503723e-03,4.477860871702432632e-03,6.681700944900512695e-01,7.439861893653869629e-01,1.319168973714113235e-02,4.227628186345100403e-02,4.554035663604736328e-01,1.933286935091018677e-01,-3.639302551746368408e-01,1.485548466444015503e-01,-3.272367715835571289e-01,-2.513170242309570312e-01,-2.935684025287628174e-01,9.180587530136108398e-01,-2.907454967498779297e-01,9.683902375400066376e-03,-1.961730271577835083e-01,5.074850842356681824e-02,1.264587640762329102e-01,-2.668230831623077393e-01,7.768600583076477051e-01,-5.264011025428771973e-02,1.211766004562377930e+00,1.010661385953426361e-02,-9.921113401651382446e-02,2.299117594957351685e-01,0.000000000000000000e+00,0.000000000000000000e+00,0.000000000000000000e+00,0.000000000000000000e+00,0.000000000000000000e+00,0.000000000000000000e+00,0.000000000000000000e+00,-3.243790939450263977e-02,-9.227808713912963867e-01,1.972485631704330444e-01,2.026241123676300049e-01,7.237015664577484131e-02,-1.779396831989288330e-01,-2.140761166810989380e-01,0.000000000000000000e+00,0.000000000000000000e+00,0.000000000000000000e+00,0.000000000000000000e+00,0.000000000000000000e+00,0.000000000000000000e+00,0.000000000000000000e+00
-1.250620931386947632e-01,-2.530659735202789307e-01,7.815145254135131836e-01,-4.929395392537117004e-03,1.173590775579214096e-02,6.339232325553894043e-01,7.732912302017211914e-01,7.537331432104110718e-03,3.806564211845397949e-02,5.432468056678771973e-01,1.802636086940765381e-01,-3.582704961299896240e-01,1.554438024759292603e-01,-2.644389271736145020e-01,-2.476669549942016602e-01,-3.375497460365295410e-01,9.405107498168945312e-01,-3.028250038623809814e-01,8.670297451317310333e-03,-1.853801608085632324e-01,4.786048829555511475e-02,9.596645087003707886e-02,-2.584443986415863037e-01,7.880182266235351562e-01,-4.544554650783538818e-02,1.193146109580993652e+00,3.634774312376976013e-02,-9.827419370412826538e-02,2.308398187160491943e-01,0.000000000000000000e+00,0.000000000000000000e+00,0.000000000000000000e+00,0.000000000000000000e+00,0.000000000000000000e+00,0.000000000000000000e+00,0.000000000000000000e+00,-1.612943969666957855e-02,-9.753051996231079102e-01,1.694933325052261353e-01,1.418982148170471191e-01,6.745366007089614868e-02,-1.842080056667327881e-01,-2.102434784173965454e-01,0.000000000000000000e+00,0.000000000000000000e+00,0.000000000000000000e+00,0.000000000000000000e+00,0.000000000000000000e+00,0.000000000000000000e+00,0.000000000000000000e+00
-1.318885833024978638e-01,-2.619964778423309326e-01,7.805328369140625000e-01,-5.972212646156549454e-03,2.061537094414234161e-02,5.976254343986511230e-01,8.014881014823913574e-01,-9.448522469028830528e-04,3.342112898826599121e-02,6.369479298591613770e-01,1.676457226276397705e-01,-3.545750677585601807e-01,1.639572530984878540e-01,-1.900802254676818848e-01,-2.418223917484283447e-01,-3.857476115226745605e-01,9.110434055328369141e-01,-3.002714812755584717e-01,1.757258176803588867e-02,-1.665551215410232544e-01,4.371432214975357056e-02,6.733691692352294922e-02,-2.522434592247009277e-01,7.885462045669555664e-01,-4.837740212678909302e-02,1.174012303352355957e+00,6.067835167050361633e-02,-9.620996564626693726e-02,2.277146279811859131e-01,0.000000000000000000e+00,0.000000000000000000e+00,0.000000000000000000e+00,0.000000000000000000e+00,0.000000000000000000e+00,0.000000000000000000e+00,0.000000000000000000e+00,-9.120540693402290344e-03,-1.020016789436340332e+00,1.455727815628051758e-01,8.353071659803390503e-02,5.890261009335517883e-02,-1.842949241399765015e-01,-2.076253592967987061e-01,0.000000000000000000e+00,0.000000000000000000e+00,0.000000000000000000e+00,0.000000000000000000e+00,0.000000000000000000e+00,0.000000000000000000e+00,0.000000000000000000e+00
-1.382392644882202148e-01,-2.709767222404479980e-01,7.797943949699401855e-01,-7.030739914625883102e-03,2.784597501158714294e-02,5.646166205406188965e-01,8.248534798622131348e-01,-1.032970566302537918e-02,3.167866170406341553e-02,7.160901427268981934e-01,1.556992977857589722e-01,-3.475569784641265869e-01,1.668585240840911865e-01,-1.209615916013717651e-01,-2.260568290948867798e-01,-4.187828302383422852e-01,8.421784639358520508e-01,-2.875682413578033447e-01,3.541532903909683228e-02,-1.536941379308700562e-01,4.111660644412040710e-02,4.173915460705757141e-02,-2.531041502952575684e-01,7.834799289703369141e-01,-7.248150557279586792e-02,1.147865891456604004e+00,9.458821266889572144e-02,-9.111709892749786377e-02,2.187659740447998047e-01,0.000000000000000000e+00,0.000000000000000000e+00,0.000000000000000000e+00,0.000000000000000000e+00,0.000000000000000000e+00,0.000000000000000000e+00,0.000000000000000000e+00,-1.314518786966800690e-02,-1.065405130386352539e+00,1.298405826091766357e-01,2.679102681577205658e-02,4.076842963695526123e-02,-1.829126626253128052e-01,-2.012009620666503906e-01,0.000000000000000000e+00,0.000000000000000000e+00,0.000000000000000000e+00,0.000000000000000000e+00,0.000000000000000000e+00,0.000000000000000000e+00,0.000000000000000000e+00
-1.446835845708847046e-01,-2.805237174034118652e-01,7.780640721321105957e-01,-7.094175554811954498e-03,3.734357655048370361e-02,5.294504165649414062e-01,8.474888801574707031e-01,-2.741654589772224426e-02,3.076012618839740753e-02,7.958353161811828613e-01,1.531090885400772095e-01,-3.449899852275848389e-01,1.654736250638961792e-01,-5.506165325641632080e-02,-2.083919793367385864e-01,-4.598739743232727051e-01,7.275087237358093262e-01,-2.943075001239776611e-01,5.455051735043525696e-02,-1.365056335926055908e-01,3.354234993457794189e-02,2.014017105102539062e-02,-2.634804546833038330e-01,7.756127715110778809e-01,-1.004860103130340576e-01,1.119825839996337891e+00,1.101153716444969177e-01,-8.754391968250274658e-02,2.216873914003372192e-01,0.000000000000000000e+00,0.000000000000000000e+00,0.000000000000000000e+00,0.000000000000000000e+00,0.000000000000000000e+00,0.000000000000000000e+00,0.000000000000000000e+00,-2.507914602756500244e-02,-1.096003770828247070e+00,1.176220774650573730e-01,-3.178196772933006287e-02,3.801765665411949158e-02,-1.836492568254470825e-01,-1.983800083398818970e-01,0.000000000000000000e+00,0.000000000000000000e+00,0.000000000000000000e+00,0.000000000000000000e+00,0.000000000000000000e+00,0.000000000000000000e+00,0.000000000000000000e+00
-1.514587998390197754e-01,-2.904082536697387695e-01,7.760599851608276367e-01,-5.621991120278835297e-03,4.537774249911308289e-02,4.921766817569732666e-01,8.692936301231384277e-01,-4.462892934679985046e-02,3.500936925411224365e-02,8.727940917015075684e-01,1.613066196441650391e-01,-3.475036025047302246e-01,1.721120476722717285e-01,1.263492507860064507e-03,-1.915985792875289917e-01,-4.874671995639801025e-01,6.225218176841735840e-01,-2.900534570217132568e-01,7.080070674419403076e-02,-1.134755238890647888e-01,2.393660321831703186e-02,-8.902354165911674500e-04,-2.832023501396179199e-01,7.657942175865173340e-01,-1.398739069700241089e-01,1.074047684669494629e+00,1.097158715128898621e-01,-9.252436459064483643e-02,2.197246849536895752e-01,0.000000000000000000e+00,0.000000000000000000e+00,0.000000000000000000e+00,0.000000000000000000e+00,0.000000000000000000e+00,0.000000000000000000e+00,0.000000000000000000e+00,-4.917592182755470276e-02,-1.126426219940185547e+00,1.145661100745201111e-01,-8.960150182247161865e-02,4.404601827263832092e-02,-1.850053668022155762e-01,-2.002366632223129272e-01,0.000000000000000000e+00,0.000000000000000000e+00,0.000000000000000000e+00,0.000000000000000000e+00,0.000000000000000000e+00,0.000000000000000000e+00,0.000000000000000000e+00
-1.579159945249557495e-01,-3.009526133537292480e-01,7.746255397796630859e-01,-1.133126090280711651e-03,4.949397221207618713e-02,4.658452570438385010e-01,8.834801912307739258e-01,-6.271747499704360962e-02,3.988600149750709534e-02,9.048247337341308594e-01,1.793181896209716797e-01,-3.388617932796478271e-01,1.713874936103820801e-01,4.117490723729133606e-02,-1.712838858366012573e-01,-4.765824675559997559e-01,5.146579146385192871e-01,-2.981991469860076904e-01,7.872983813285827637e-02,-1.040883436799049377e-01,1.545269787311553955e-02,-6.376302335411310196e-03,-3.220589160919189453e-01,7.631503939628601074e-01,-1.922799348831176758e-01,1.018815279006958008e+00,1.200405061244964600e-01,-9.804923087358474731e-02,2.121376693248748779e-01,0.000000000000000000e+00,0.000000000000000000e+00,0.000000000000000000e+00,0.000000000000000000e+00,0.000000000000000000e+00,0.000000000000000000e+00,0.000000000000000000e+00,-8.615928143262863159e-02,-1.151169896125793457e+00,1.134031563997268677e-01,-1.468359380960464478e-01,5.444387346506118774e-02,-1.877830475568771362e-01,-1.990135312080383301e-01,0.000000000000000000e+00,0.000000000000000000e+00,0.000000000000000000e+00,0.000000000000000000e+00,0.000000000000000000e+00,0.000000000000000000e+00,0.000000000000000000e+00
-1.642334759235382080e-01,-3.117823302745819092e-01,7.734050750732421875e-01,5.192871671169996262e-03,5.104439705610275269e-02,4.416346848011016846e-01,8.957266807556152344e-01,-7.978539168834686279e-02,5.110013857483863831e-02,9.275121688842773438e-01,2.109329998493194580e-01,-3.270173370838165283e-01,1.697599738836288452e-01,6.519820541143417358e-02,-1.565040647983551025e-01,-4.630956351757049561e-01,4.329923093318939209e-01,-3.222905397415161133e-01,7.465001940727233887e-02,-9.118083864450454712e-02,1.048354245722293854e-02,-6.623032968491315842e-03,-3.707787692546844482e-01,7.588314414024353027e-01,-2.477216720581054688e-01,9.414861202239990234e-01,1.131388917565345764e-01,-1.096542179584503174e-01,2.038778662681579590e-01,0.000000000000000000e+00,0.000000000000000000e+00,0.000000000000000000e+00,0.000000000000000000e+00,0.000000000000000000e+00,0.000000000000000000e+00,0.000000000000000000e+00,-1.375632286071777344e-01,-1.170093536376953125e+00,1.192490831017494202e-01,-1.868681609630584717e-01,6.408398598432540894e-02,-1.860369145870208740e-01,-2.034518420696258545e-01,0.000000000000000000e+00,0.000000000000000000e+00,0.000000000000000000e+00,0.000000000000000000e+00,0.000000000000000000e+00,0.000000000000000000e+00,0.000000000000000000e+00
-1.702497601509094238e-01,-3.227846324443817139e-01,7.726989984512329102e-01,1.013574562966823578e-02,4.930446296930313110e-02,4.209507107734680176e-01,9.056858420372009277e-01,-9.700369089841842651e-02,7.145044952630996704e-02,9.327387213706970215e-01,2.504463493824005127e-01,-3.143182992935180664e-01,1.635588109493255615e-01,8.058002591133117676e-02,-1.427804529666900635e-01,-4.425060153007507324e-01,3.681488633155822754e-01,-3.669651746749877930e-01,6.406520307064056396e-02,-7.870268076658248901e-02,1.009031385183334351e-02,3.211869334336370230e-04,-4.383503198623657227e-01,7.583839893341064453e-01,-3.184120059013366699e-01,8.503012061119079590e-01,1.047907471656799316e-01,-1.240552887320518494e-01,1.943505257368087769e-01,0.000000000000000000e+00,0.000000000000000000e+00,0.000000000000000000e+00,0.000000000000000000e+00,0.000000000000000000e+00,0.000000000000000000e+00,0.000000000000000000e+00,-2.131910175085067749e-01,-1.184064984321594238e+00,1.390232443809509277e-01,-2.184753865003585815e-01,6.246177852153778076e-02,-1.815602630376815796e-01,-2.218075990676879883e-01,0.000000000000000000e+00,0.000000000000000000e+00,0.000000000000000000e+00,0.000000000000000000e+00,0.000000000000000000e+00,0.000000000000000000e+00,0.000000000000000000e+00
-1.759576350450515747e-01,-3.334314823150634766e-01,7.738797068595886230e-01,1.486893836408853531e-02,4.489593207836151123e-02,4.019065201282501221e-01,9.144585132598876953e-01,-1.151183322072029114e-01,9.669508039951324463e-02,9.167577624320983887e-01,2.970397174358367920e-01,-2.837386727333068848e-01,1.507134884595870972e-01,9.218692034482955933e-02,-1.331015676259994507e-01,-4.289311766624450684e-01,3.197210729122161865e-01,-3.846968114376068115e-01,5.794703215360641479e-02,-6.442653387784957886e-02,1.335159409791231155e-02,1.025150250643491745e-02,-5.156776309013366699e-01,7.643510103225708008e-01,-3.873596787452697754e-01,7.603352665901184082e-01,8.871113508939743042e-02,-1.385149061679840088e-01,1.737685650587081909e-01,0.000000000000000000e+00,0.000000000000000000e+00,0.000000000000000000e+00,0.000000000000000000e+00,0.000000000000000000e+00,0.000000000000000000e+00,0.000000000000000000e+00,-2.966735064983367920e-01,-1.195292711257934570e+00,1.663886457681655884e-01,-2.471468597650527954e-01,5.932373926043510437e-02,-1.817281693220138550e-01,-2.237560600042343140e-01,0.000000000000000000e+00,0.000000000000000000e+00,0.000000000000000000e+00,0.000000000000000000e+00,0.000000000000000000e+00,0.000000000000000000e+00,0.000000000000000000e+00
-1.813199222087860107e-01,-3.432554602622985840e-01,7.756565213203430176e-01,2.036095596849918365e-02,3.777298331260681152e-02,3.814319074153900146e-01,9.234004020690917969e-01,-1.428916752338409424e-01,1.260717064142227173e-01,8.574272990226745605e-01,3.580187857151031494e-01,-2.382660359144210815e-01,1.227303221821784973e-01,1.003857776522636414e-01,-1.261936575174331665e-01,-4.006703794002532959e-01,2.907079160213470459e-01,-3.855767846107482910e-01,5.613031610846519470e-02,-4.741565510630607605e-02,1.833913102746009827e-02,2.324297837913036346e-02,-6.044160723686218262e-01,7.796743512153625488e-01,-4.730765819549560547e-01,6.562327742576599121e-01,7.750970870256423950e-02,-1.551045030355453491e-01,1.500047594308853149e-01,0.000000000000000000e+00,0.000000000000000000e+00,0.000000000000000000e+00,0.000000000000000000e+00,0.000000000000000000e+00,0.000000000000000000e+00,0.000000000000000000e+00,-4.040883779525756836e-01,-1.201438784599304199e+00,2.122521549463272095e-01,-2.821581363677978516e-01,4.664783552289009094e-02,-1.802674531936645508e-01,-2.276429980993270874e-01,0.000000000000000000e+00,0.000000000000000000e+00,0.000000000000000000e+00,0.000000000000000000e+00,0.000000000000000000e+00,0.000000000000000000e+00,0.000000000000000000e+00
-1.869187504053115845e-01,-3.521353304386138916e-01,7.773791551589965820e-01,2.436697855591773987e-02,2.941441908478736877e-02,3.611065149307250977e-01,9.317420125007629395e-01,-1.795769333839416504e-01,1.556110829114913940e-01,7.903221845626831055e-01,4.165865480899810791e-01,-1.953403651714324951e-01,8.574477583169937134e-02,1.069253981113433838e-01,-1.175281330943107605e-01,-3.679241240024566650e-01,2.687748968601226807e-01,-3.787868916988372803e-01,5.497356131672859192e-02,-3.400830179452896118e-02,2.695508487522602081e-02,3.404883295297622681e-02,-7.026093602180480957e-01,7.971314787864685059e-01,-5.567448139190673828e-01,5.564140677452087402e-01,5.302918702363967896e-02,-1.675252318382263184e-01,1.397148519754409790e-01,0.000000000000000000e+00,0.000000000000000000e+00,0.000000000000000000e+00,0.000000000000000000e+00,0.000000000000000000e+00,0.000000000000000000e+00,0.000000000000000000e+00,-5.221900939941406250e-01,-1.192349195480346680e+00,2.794853448867797852e-01,-2.995229363441467285e-01,3.164511546492576599e-02,-1.783028542995452881e-01,-2.368364334106445312e-01,0.000000000000000000e+00,0.000000000000000000e+00,0.000000000000000000e+00,0.000000000000000000e+00,0.000000000000000000e+00,0.000000000000000000e+00,0.000000000000000000e+00
-1.927124112844467163e-01,-3.593814969062805176e-01,7.792772054672241211e-01,2.933628857135772705e-02,2.044274657964706421e-02,3.363611400127410889e-01,9.410539865493774414e-01,-2.304417490959167480e-01,1.805441677570343018e-01,6.857834458351135254e-01,4.746372699737548828e-01,-1.740174144506454468e-01,4.368183389306068420e-02,1.135724484920501709e-01,-1.127774864435195923e-01,-3.249139785766601562e-01,2.497124820947647095e-01,-3.656238615512847900e-01,5.879854038357734680e-02,-1.886179856956005096e-02,3.504134714603424072e-02,4.463432356715202332e-02,-7.942499518394470215e-01,8.177569508552551270e-01,-6.311782598495483398e-01,4.643189013004302979e-01,1.587269827723503113e-02,-1.756925135850906372e-01,1.393878608942031860e-01,0.000000000000000000e+00,0.000000000000000000e+00,0.000000000000000000e+00,0.000000000000000000e+00,0.000000000000000000e+00,0.000000000000000000e+00,0.000000000000000000e+00,-6.472710967063903809e-01,-1.155386209487915039e+00,3.611839115619659424e-01,-3.087983131408691406e-01,2.618580870330333710e-02,-1.743272542953491211e-01,-2.578928768634796143e-01,0.000000000000000000e+00,0.000000000000000000e+00,0.000000000000000000e+00,0.000000000000000000e+00,0.000000000000000000e+00,0.000000000000000000e+00,0.000000000000000000e+00
-1.984604895114898682e-01,-3.651520311832427979e-01,7.820835113525390625e-01,3.501288965344429016e-02,1.320668589323759079e-02,3.175379335880279541e-01,9.475069046020507812e-01,-2.688130736351013184e-01,2.044295519590377808e-01,6.106112003326416016e-01,5.209759473800659180e-01,-1.790716499090194702e-01,2.647741511464118958e-02,1.169248223304748535e-01,-1.142740026116371155e-01,-2.887007594108581543e-01,2.380869686603546143e-01,-3.450700640678405762e-01,6.043515354394912720e-02,-1.577590033411979675e-02,3.996427729725837708e-02,5.118313431739807129e-02,-8.854582309722900391e-01,8.283333182334899902e-01,-6.992255449295043945e-01,3.850335478782653809e-01,-2.571103908121585846e-02,-1.796656548976898193e-01,1.447890102863311768e-01,0.000000000000000000e+00,0.000000000000000000e+00,0.000000000000000000e+00,0.000000000000000000e+00,0.000000000000000000e+00,0.000000000000000000e+00,0.000000000000000000e+00,-7.605069279670715332e-01,-1.102022528648376465e+00,4.377665221691131592e-01,-3.048286437988281250e-01,3.556160256266593933e-02,-1.678131371736526489e-01,-2.724480628967285156e-01,0.000000000000000000e+00,0.000000000000000000e+00,0.000000000000000000e+00,0.000000000000000000e+00,0.000000000000000000e+00,0.000000000000000000e+00,0.000000000000000000e+00
-2.037157416343688965e-01,-3.692507743835449219e-01,7.849076986312866211e-01,4.101894423365592957e-02,7.945696823298931122e-03,2.992867529392242432e-01,9.532480239868164062e-01,-2.925568222999572754e-01,2.340319454669952393e-01,5.539242029190063477e-01,5.562309026718139648e-01,-1.635648608207702637e-01,1.180041022598743439e-02,1.151727065443992615e-01,-1.206968948245048523e-01,-2.540501952171325684e-01,2.331898659467697144e-01,-3.261928558349609375e-01,6.260935962200164795e-02,-1.566316001117229462e-02,4.098398983478546143e-02,5.460555106401443481e-02,-9.703751206398010254e-01,8.485379815101623535e-01,-7.586439251899719238e-01,3.050590753555297852e-01,-7.102485001087188721e-02,-1.823936551809310913e-01,1.438886076211929321e-01,0.000000000000000000e+00,0.000000000000000000e+00,0.000000000000000000e+00,0.000000000000000000e+00,0.000000000000000000e+00,0.000000000000000000e+00,0.000000000000000000e+00,-8.479543924331665039e-01,-1.041453003883361816e+00,4.974651932716369629e-01,-3.016747832298278809e-01,7.529076188802719116e-02,-1.599978357553482056e-01,-2.650621533393859863e-01,0.000000000000000000e+00,0.000000000000000000e+00,0.000000000000000000e+00,0.000000000000000000e+00,0.000000000000000000e+00,0.000000000000000000e+00,0.000000000000000000e+00
-2.082490026950836182e-01,-3.713454604148864746e-01,7.873407602310180664e-01,4.583922028541564941e-02,5.968832876533269882e-03,2.814947366714477539e-01,9.584486484527587891e-01,-3.013920187950134277e-01,2.514396011829376221e-01,5.009938478469848633e-01,5.566697716712951660e-01,-1.410408616065979004e-01,3.793193260207772255e-03,1.061396002769470215e-01,-1.280630379915237427e-01,-2.163364887237548828e-01,2.321098744869232178e-01,-3.101164698600769043e-01,6.728962063789367676e-02,-1.781851612031459808e-02,3.866454213857650757e-02,5.780345946550369263e-02,-1.049164533615112305e+00,8.689602613449096680e-01,-8.063093423843383789e-01,2.502687871456146240e-01,-1.068689599633216858e-01,-1.767790466547012329e-01,1.335336416959762573e-01,0.000000000000000000e+00,0.000000000000000000e+00,0.000000000000000000e+00,0.000000000000000000e+00,0.000000000000000000e+00,0.000000000000000000e+00,0.000000000000000000e+00,-9.084206223487854004e-01,-9.680882096290588379e-01,5.418207049369812012e-01,-3.078308701515197754e-01,1.368747651576995850e-01,-1.434275954961776733e-01,-2.377774715423583984e-01,0.000000000000000000e+00,0.000000000000000000e+00,0.000000000000000000e+00,0.000000000000000000e+00,0.000000000000000000e+00,0.000000000000000000e+00,0.000000000000000000e+00
-2.118431478738784790e-01,-3.713471293449401855e-01,7.893220186233520508e-01,4.937316477298736572e-02,4.451042041182518005e-03,2.671788036823272705e-01,9.623709917068481445e-01,-3.033564388751983643e-01,2.598167657852172852e-01,4.547797143459320068e-01,5.425261855125427246e-01,-1.134917661547660828e-01,-9.657327085733413696e-03,9.838043898344039917e-02,-1.345692276954650879e-01,-1.825765222311019897e-01,2.335836887359619141e-01,-2.961687147617340088e-01,6.751722842454910278e-02,-2.529823221266269684e-02,3.664800152182579041e-02,5.741840973496437073e-02,-1.121335744857788086e+00,8.831766843795776367e-01,-8.463143110275268555e-01,2.124275416135787964e-01,-1.295709758996963501e-01,-1.738443672657012939e-01,1.365676820278167725e-01,0.000000000000000000e+00,0.000000000000000000e+00,0.000000000000000000e+00,0.000000000000000000e+00,0.000000000000000000e+00,0.000000000000000000e+00,0.000000000000000000e+00,-9.494937062263488770e-01,-9.151191711425781250e-01,5.708813667297363281e-01,-3.229748308658599854e-01,1.742005348205566406e-01,-1.256711781024932861e-01,-2.144972085952758789e-01,0.000000000000000000e+00,0.000000000000000000e+00,0.000000000000000000e+00,0.000000000000000000e+00,0.000000000000000000e+00,0.000000000000000000e+00,0.000000000000000000e+00
-2.144673019647598267e-01,-3.692024946212768555e-01,7.908537387847900391e-01,5.027242377400398254e-02,4.102099686861038208e-03,2.536365091800689697e-01,9.659836292266845703e-01,-2.949900329113006592e-01,2.589293420314788818e-01,4.118088185787200928e-01,4.921302795410156250e-01,-8.653932809829711914e-02,-2.153310179710388184e-02,9.258385002613067627e-02,-1.374859064817428589e-01,-1.522113829851150513e-01,2.282838374376296997e-01,-2.791355252265930176e-01,7.792662829160690308e-02,-3.071735613048076630e-02,3.602429106831550598e-02,5.087802186608314514e-02,-1.188315391540527344e+00,8.928973078727722168e-01,-8.922836780548095703e-01,1.734178215265274048e-01,-1.234286352992057800e-01,-1.686233133077621460e-01,1.320266425609588623e-01,0.000000000000000000e+00,0.000000000000000000e+00,0.000000000000000000e+00,0.000000000000000000e+00,0.000000000000000000e+00,0.000000000000000000e+00,0.000000000000000000e+00,-9.631494879722595215e-01,-8.535296320915222168e-01,5.869087576866149902e-01,-3.437900841236114502e-01,2.232275456190109253e-01,-1.115947142243385315e-01,-1.884120255708694458e-01,0.000000000000000000e+00,0.000000000000000000e+00,0.000000000000000000e+00,0.000000000000000000e+00,0.000000000000000000e+00,0.000000000000000000e+00,0.000000000000000000e+00
-2.161511182785034180e-01,-3.653904199600219727e-01,7.910807132720947266e-01,4.785577580332756042e-02,4.870984703302383423e-03,2.394477874040603638e-01,9.697169065475463867e-01,-2.757488489151000977e-01,2.544232606887817383e-01,3.728897869586944580e-01,4.268967509269714355e-01,-5.707741156220436096e-02,-3.482233732938766479e-02,8.225425332784652710e-02,-1.337136775255203247e-01,-1.156684979796409607e-01,2.278348356485366821e-01,-2.700354754924774170e-01,8.200660347938537598e-02,-4.676294326782226562e-02,3.583960235118865967e-02,4.462182149291038513e-02,-1.261315703392028809e+00,8.994204998016357422e-01,-9.339994192123413086e-01,1.623083055019378662e-01,-1.002536937594413757e-01,-1.554331630468368530e-01,1.310772299766540527e-01,0.000000000000000000e+00,0.000000000000000000e+00,0.000000000000000000e+00,0.000000000000000000e+00,0.000000000000000000e+00,0.000000000000000000e+00,0.000000000000000000e+00,-9.737850427627563477e-01,-8.091561794281005859e-01,5.936546921730041504e-01,-3.719334304332733154e-01,2.517318129539489746e-01,-9.608087688684463501e-02,-1.608312427997589111e-01,0.000000000000000000e+00,0.000000000000000000e+00,0.000000000000000000e+00,0.000000000000000000e+00,0.000000000000000000e+00,0.000000000000000000e+00,0.000000000000000000e+00
-2.169940769672393799e-01,-3.602303862571716309e-01,7.903077602386474609e-01,4.441355913877487183e-02,4.720917437225580215e-03,2.278506159782409668e-01,9.726712107658386230e-01,-2.501878440380096436e-01,2.535640299320220947e-01,3.386441469192504883e-01,3.594014048576354980e-01,-2.830876596271991730e-02,-5.082393065094947815e-02,7.528828829526901245e-02,-1.290665268898010254e-01,-8.565140515565872192e-02,2.313958257436752319e-01,-2.693871259689331055e-01,8.225975185632705688e-02,-6.156615540385246277e-02,3.768563270568847656e-02,4.057036712765693665e-02,-1.321662306785583496e+00,8.978100419044494629e-01,-9.664458036422729492e-01,1.615036576986312866e-01,-8.214761316776275635e-02,-1.458380669355392456e-01,1.361752748489379883e-01,0.000000000000000000e+00,0.000000000000000000e+00,0.000000000000000000e+00,0.000000000000000000e+00,0.000000000000000000e+00,0.000000000000000000e+00,0.000000000000000000e+00,-9.751806855201721191e-01,-7.600030303001403809e-01,5.947821140289306641e-01,-3.985016345977783203e-01,2.752904593944549561e-01,-8.562051504850387573e-02,-1.426174938678741455e-01,0.000000000000000000e+00,0.000000000000000000e+00,0.000000000000000000e+00,0.000000000000000000e+00,0.000000000000000000e+00,0.000000000000000000e+00,0.000000000000000000e+00
-2.170295864343643188e-01,-3.539482951164245605e-01,7.885707020759582520e-01,3.841120004653930664e-02,3.005204489454627037e-03,2.182577103376388550e-01,9.751303195953369141e-01,-2.236985266208648682e-01,2.552669942378997803e-01,3.096778392791748047e-01,2.921855151653289795e-01,4.879546817392110825e-03,-6.499835103750228882e-02,7.238440215587615967e-02,-1.194196194410324097e-01,-6.192903220653533936e-02,2.375568002462387085e-01,-2.723600864410400391e-01,8.173103630542755127e-02,-8.353385329246520996e-02,4.169473797082901001e-02,3.394663706421852112e-02,-1.374036908149719238e+00,8.931426405906677246e-01,-9.932362437248229980e-01,1.797970086336135864e-01,-4.264395311474800110e-02,-1.312574595212936401e-01,1.482040137052536011e-01,0.000000000000000000e+00,0.000000000000000000e+00,0.000000000000000000e+00,0.000000000000000000e+00,0.000000000000000000e+00,0.000000000000000000e+00,0.000000000000000000e+00,-9.773702025413513184e-01,-7.242326140403747559e-01,5.989186167716979980e-01,-4.231548309326171875e-01,2.630935311317443848e-01,-7.630658894777297974e-02,-1.362635791301727295e-01,0.000000000000000000e+00,0.000000000000000000e+00,0.000000000000000000e+00,0.000000000000000000e+00,0.000000000000000000e+00,0.000000000000000000e+00,0.000000000000000000e+00
-2.164513617753982544e-01,-3.469775617122650146e-01,7.868421077728271484e-01,3.260155394673347473e-02,1.845774007961153984e-03,2.109039872884750366e-01,9.769612550735473633e-01,-2.017796635627746582e-01,2.557110190391540527e-01,2.889626324176788330e-01,2.452333718538284302e-01,3.039317391812801361e-02,-7.377373427152633667e-02,6.940703094005584717e-02,-1.120763719081878662e-01,-4.432192444801330566e-02,2.465965449810028076e-01,-2.762731313705444336e-01,7.834593951702117920e-02,-1.048678159713745117e-01,4.436603188514709473e-02,2.903080917894840240e-02,-1.401843428611755371e+00,8.872441053390502930e-01,-1.002745747566223145e+00,2.037450075149536133e-01,-4.354774579405784607e-02,-1.227282881736755371e-01,1.498635411262512207e-01,0.000000000000000000e+00,0.000000000000000000e+00,0.000000000000000000e+00,0.000000000000000000e+00,0.000000000000000000e+00,0.000000000000000000e+00,0.000000000000000000e+00,-9.731045961380004883e-01,-6.883469223976135254e-01,5.949326157569885254e-01,-4.539122879505157471e-01,2.535352706909179688e-01,-7.283894717693328857e-02,-1.325467526912689209e-01,0.000000000000000000e+00,0.000000000000000000e+00,0.000000000000000000e+00,0.000000000000000000e+00,0.000000000000000000e+00,0.000000000000000000e+00,0.000000000000000000e+00
-2.154255956411361694e-01,-3.395634591579437256e-01,7.850841879844665527e-01,2.885834127664566040e-02,1.855803770013153553e-03,2.054766416549682617e-01,9.782347083091735840e-01,-1.845916062593460083e-01,2.566516101360321045e-01,2.817302942276000977e-01,2.227364182472229004e-01,3.884490951895713806e-02,-7.626126706600189209e-02,6.587660312652587891e-02,-1.118269413709640503e-01,-3.382061049342155457e-02,2.583068311214447021e-01,-2.861889004707336426e-01,7.447531819343566895e-02,-1.214155703783035278e-01,4.798815399408340454e-02,2.380201593041419983e-02,-1.410121321678161621e+00,8.785492181777954102e-01,-1.002014040946960449e+00,2.368554174900054932e-01,-5.603981018066406250e-02,-1.169634833931922913e-01,1.464224904775619507e-01,0.000000000000000000e+00,0.000000000000000000e+00,0.000000000000000000e+00,0.000000000000000000e+00,0.000000000000000000e+00,0.000000000000000000e+00,0.000000000000000000e+00,-9.696044921875000000e-01,-6.632482409477233887e-01,5.906398892402648926e-01,-4.741927683353424072e-01,2.483351677656173706e-01,-6.797131150960922241e-02,-1.248941496014595032e-01,0.000000000000000000e+00,0.000000000000000000e+00,0.000000000000000000e+00,0.000000000000000000e+00,0.000000000000000000e+00,0.000000000000000000e+00,0.000000000000000000e+00
-2.140143811702728271e-01,-3.318422436714172363e-01,7.839833498001098633e-01,2.556920610368251801e-02,1.444951980374753475e-03,2.022862136363983154e-01,9.789915084838867188e-01,-1.731541007757186890e-01,2.566500008106231689e-01,2.821024060249328613e-01,2.103466689586639404e-01,3.630955889821052551e-02,-6.961267441511154175e-02,6.363992393016815186e-02,-1.132529899477958679e-01,-2.693604677915573120e-02,2.722799479961395264e-01,-2.888641357421875000e-01,7.048752158880233765e-02,-1.400464028120040894e-01,4.955227300524711609e-02,1.640290580689907074e-02,-1.409216880798339844e+00,8.653624057769775391e-01,-9.959349036216735840e-01,2.666934132575988770e-01,-6.417453289031982422e-02,-1.119122058153152466e-01,1.540703326463699341e-01,0.000000000000000000e+00,0.000000000000000000e+00,0.000000000000000000e+00,0.000000000000000000e+00,0.000000000000000000e+00,0.000000000000000000e+00,0.000000000000000000e+00,-9.594380259513854980e-01,-6.342123746871948242e-01,5.870823860168457031e-01,-4.905955493450164795e-01,2.424356937408447266e-01,-6.588170677423477173e-02,-1.267106384038925171e-01,0.000000000000000000e+00,0.000000000000000000e+00,0.000000000000000000e+00,0.000000000000000000e+00,0.000000000000000000e+00,0.000000000000000000e+00,0.000000000000000000e+00
-2.123531550168991089e-01,-3.239355981349945068e-01,7.825725674629211426e-01,2.279444783926010132e-02,1.206879620440304279e-03,2.002858668565750122e-01,9.794715642929077148e-01,-1.647775322198867798e-01,2.573078870773315430e-01,2.920523881912231445e-01,2.087268829345703125e-01,1.572387479245662689e-02,-6.017591059207916260e-02,5.997478961944580078e-02,-1.167456656694412231e-01,-2.235312014818191528e-02,2.914285659790039062e-01,-2.945740520954132080e-01,7.183060050010681152e-02,-1.562350839376449585e-01,4.943251609802246094e-02,1.125200558453798294e-02,-1.414329171180725098e+00,8.579553365707397461e-01,-9.957944154739379883e-01,2.981843352317810059e-01,-5.407440662384033203e-02,-1.056928262114524841e-01,1.615927815437316895e-01,0.000000000000000000e+00,0.000000000000000000e+00,0.000000000000000000e+00,0.000000000000000000e+00,0.000000000000000000e+00,0.000000000000000000e+00,0.000000000000000000e+00,-9.570697546005249023e-01,-6.143443584442138672e-01,5.879831910133361816e-01,-5.029906630516052246e-01,2.329687923192977905e-01,-6.188399717211723328e-02,-1.335035562515258789e-01,0.000000000000000000e+00,0.000000000000000000e+00,0.000000000000000000e+00,0.000000000000000000e+00,0.000000000000000000e+00,0.000000000000000000e+00,0.000000000000000000e+00
-2.104849517345428467e-01,-3.159894049167633057e-01,7.818723320960998535e-01,2.057477459311485291e-02,1.054009306244552135e-03,1.999077498912811279e-01,9.795981049537658691e-01,-1.597840189933776855e-01,2.557892501354217529e-01,3.009189963340759277e-01,2.141786664724349976e-01,-8.469556458294391632e-03,-4.745966941118240356e-02,5.759601294994354248e-02,-1.215556561946868896e-01,-1.874908059835433960e-02,3.087833523750305176e-01,-2.921657860279083252e-01,7.293824851512908936e-02,-1.692481040954589844e-01,4.853912070393562317e-02,6.857129279524087906e-03,-1.406061887741088867e+00,8.490345478057861328e-01,-9.851881861686706543e-01,3.256425559520721436e-01,-6.869332492351531982e-02,-1.028490960597991943e-01,1.689084768295288086e-01,0.000000000000000000e+00,0.000000000000000000e+00,0.000000000000000000e+00,0.000000000000000000e+00,0.000000000000000000e+00,0.000000000000000000e+00,0.000000000000000000e+00,-9.463984966278076172e-01,-5.936239957809448242e-01,5.797869563102722168e-01,-5.167353749275207520e-01,2.364883720874786377e-01,-6.358582526445388794e-02,-1.380230188369750977e-01,0.000000000000000000e+00,0.000000000000000000e+00,0.000000000000000000e+00,0.000000000000000000e+00,0.000000000000000000e+00,0.000000000000000000e+00,0.000000000000000000e+00
-2.083896994590759277e-01,-3.081069886684417725e-01,7.814403772354125977e-01,1.827608421444892883e-02,2.252189908176660538e-03,2.005673348903656006e-01,9.795068502426147461e-01,-1.572531461715698242e-01,2.509313225746154785e-01,3.019863367080688477e-01,2.183967679738998413e-01,-3.818353638052940369e-02,-2.824504859745502472e-02,5.347872525453567505e-02,-1.274961978197097778e-01,-1.919377595186233521e-02,3.248686194419860840e-01,-2.861888110637664795e-01,8.140742778778076172e-02,-1.764604300260543823e-01,4.494213312864303589e-02,8.005959680303931236e-04,-1.404912948608398438e+00,8.471961617469787598e-01,-9.857473969459533691e-01,3.417484462261199951e-01,-8.665745705366134644e-02,-1.006709039211273193e-01,1.613188832998275757e-01,0.000000000000000000e+00,0.000000000000000000e+00,0.000000000000000000e+00,0.000000000000000000e+00,0.000000000000000000e+00,0.000000000000000000e+00,0.000000000000000000e+00,-9.342923760414123535e-01,-5.871244668960571289e-01,5.676906704902648926e-01,-5.298675894737243652e-01,2.380315959453582764e-01,-6.511280685663223267e-02,-1.346500664949417114e-01,0.000000000000000000e+00,0.000000000000000000e+00,0.000000000000000000e+00,0.000000000000000000e+00,0.000000000000000000e+00,0.000000000000000000e+00,0.000000000000000000e+00
-2.060578316450119019e-01,-3.004133403301239014e-01,7.816373109817504883e-01,1.682568155229091644e-02,3.445500042289495468e-03,2.019927650690078735e-01,9.792364239692687988e-01,-1.588973850011825562e-01,2.453388720750808716e-01,3.011337518692016602e-01,2.314212024211883545e-01,-6.171660870313644409e-02,-1.591198705136775970e-02,5.172834917902946472e-02,-1.357144266366958618e-01,-2.294354140758514404e-02,3.373348116874694824e-01,-2.743004560470581055e-01,9.107718616724014282e-02,-1.776017844676971436e-01,4.277369752526283264e-02,-1.629734411835670471e-03,-1.398277878761291504e+00,8.539801836013793945e-01,-9.895759224891662598e-01,3.388587832450866699e-01,-8.782765269279479980e-02,-1.014839410781860352e-01,1.571719348430633545e-01,0.000000000000000000e+00,0.000000000000000000e+00,0.000000000000000000e+00,0.000000000000000000e+00,0.000000000000000000e+00,0.000000000000000000e+00,0.000000000000000000e+00,-9.199444651603698730e-01,-5.830270051956176758e-01,5.572261810302734375e-01,-5.429117083549499512e-01,2.391295880079269409e-01,-6.650476157665252686e-02,-1.268962621688842773e-01,0.000000000000000000e+00,0.000000000000000000e+00,0.000000000000000000e+00,0.000000000000000000e+00,0.000000000000000000e+00,0.000000000000000000e+00,0.000000000000000000e+00
-2.034075856208801270e-01,-2.930004298686981201e-01,7.823249101638793945e-01,1.509220898151397705e-02,6.144839804619550705e-03,2.048546820878982544e-01,9.786567687988281250e-01,-1.614402383565902710e-01,2.381349503993988037e-01,2.991405427455902100e-01,2.374407052993774414e-01,-7.917653769254684448e-02,-6.525791715830564499e-03,4.724534228444099426e-02,-1.428451389074325562e-01,-2.426535077393054962e-02,3.483873009681701660e-01,-2.544331550598144531e-01,1.051088348031044006e-01,-1.763164550065994263e-01,4.167112335562705994e-02,-3.893940709531307220e-03,-1.399144768714904785e+00,8.658303618431091309e-01,-1.004113316535949707e+00,3.251697421073913574e-01,-6.602877378463745117e-02,-1.022129654884338379e-01,1.540074944496154785e-01,0.000000000000000000e+00,0.000000000000000000e+00,0.000000000000000000e+00,0.000000000000000000e+00,0.000000000000000000e+00,0.000000000000000000e+00,0.000000000000000000e+00,-9.001762270927429199e-01,-5.884331464767456055e-01,5.447621941566467285e-01,-5.528133511543273926e-01,2.409301102161407471e-01,-6.816481798887252808e-02,-1.238074079155921936e-01,0.000000000000000000e+00,0.000000000000000000e+00,0.000000000000000000e+00,0.000000000000000000e+00,0.000000000000000000e+00,0.000000000000000000e+00,0.000000000000000000e+00
-2.004406899213790894e-01,-2.860535979270935059e-01,7.828921079635620117e-01,1.364400424063205719e-02,8.513353765010833740e-03,2.096136063337326050e-01,9.776520133018493652e-01,-1.653001755475997925e-01,2.299314439296722412e-01,2.918456196784973145e-01,2.446795105934143066e-01,-9.459490329027175903e-02,3.697362553793936968e-04,4.709120094776153564e-02,-1.498149484395980835e-01,-2.771497517824172974e-02,3.543357849121093750e-01,-2.346260547637939453e-01,1.174353584647178650e-01,-1.690002381801605225e-01,4.185497015714645386e-02,-4.299408756196498871e-03,-1.395972490310668945e+00,8.842608928680419922e-01,-1.020222663879394531e+00,3.034775853157043457e-01,-3.526453673839569092e-02,-1.007929816842079163e-01,1.408444494009017944e-01,0.000000000000000000e+00,0.000000000000000000e+00,0.000000000000000000e+00,0.000000000000000000e+00,0.000000000000000000e+00,0.000000000000000000e+00,0.000000000000000000e+00,-8.769674897193908691e-01,-6.024267673492431641e-01,5.312079191207885742e-01,-5.627992153167724609e-01,2.441170364618301392e-01,-6.629162281751632690e-02,-1.123407930135726929e-01,0.000000000000000000e+00,0.000000000000000000e+00,0.000000000000000000e+00,0.000000000000000000e+00,0.000000000000000000e+00,0.000000000000000000e+00,0.000000000000000000e+00
-1.971283107995986938e-01,-2.796923816204071045e-01,7.830957770347595215e-01,1.273273304104804993e-02,1.240419130772352219e-02,2.160164415836334229e-01,9.762278795242309570e-01,-1.724537909030914307e-01,2.188817113637924194e-01,2.800458669662475586e-01,2.497286051511764526e-01,-1.092270016670227051e-01,8.562755770981311798e-03,4.642444849014282227e-02,-1.586500108242034912e-01,-3.625312075018882751e-02,3.583371341228485107e-01,-2.197912335395812988e-01,1.280142962932586670e-01,-1.506775617599487305e-01,4.277400299906730652e-02,-4.434554371982812881e-03,-1.398532867431640625e+00,9.079726934432983398e-01,-1.048910856246948242e+00,2.598535716533660889e-01,3.694208804517984390e-03,-1.027549207210540771e-01,1.261740773916244507e-01,0.000000000000000000e+00,0.000000000000000000e+00,0.000000000000000000e+00,0.000000000000000000e+00,0.000000000000000000e+00,0.000000000000000000e+00,0.000000000000000000e+00,-8.571583628654479980e-01,-6.207798719406127930e-01,5.120545029640197754e-01,-5.645588636398315430e-01,2.448249757289886475e-01,-6.893888860940933228e-02,-1.032253652811050415e-01,0.000000000000000000e+00,0.000000000000000000e+00,0.000000000000000000e+00,0.000000000000000000e+00,0.000000000000000000e+00,0.000000000000000000e+00,0.000000000000000000e+00
-1.935193687677383423e-01,-2.740096747875213623e-01,7.832361459732055664e-01,1.166503038257360458e-02,1.660226471722126007e-02,2.237062007188796997e-01,9.744454026222229004e-01,-1.810336410999298096e-01,2.074366062879562378e-01,2.627215683460235596e-01,2.535798549652099609e-01,-1.222748979926109314e-01,1.509697828441858292e-02,5.050851032137870789e-02,-1.656396239995956421e-01,-4.563864320516586304e-02,3.538847565650939941e-01,-2.076659649610519409e-01,1.389539092779159546e-01,-1.249205619096755981e-01,4.346886277198791504e-02,-5.984439514577388763e-03,-1.407087564468383789e+00,9.337406158447265625e-01,-1.083525896072387695e+00,2.123833149671554565e-01,3.135799244046211243e-02,-1.074621081352233887e-01,1.011315435171127319e-01,0.000000000000000000e+00,0.000000000000000000e+00,0.000000000000000000e+00,0.000000000000000000e+00,0.000000000000000000e+00,0.000000000000000000e+00,0.000000000000000000e+00,-8.494502305984497070e-01,-6.463454961776733398e-01,4.805744588375091553e-01,-5.645262598991394043e-01,2.318337261676788330e-01,-7.536945492029190063e-02,-1.035030484199523926e-01,0.000000000000000000e+00,0.000000000000000000e+00,0.000000000000000000e+00,0.000000000000000000e+00,0.000000000000000000e+00,0.000000000000000000e+00,0.000000000000000000e+00
-1.896681487560272217e-01,-2.690310180187225342e-01,7.827457189559936523e-01,1.125241443514823914e-02,2.172669768333435059e-02,2.319566905498504639e-01,9.724183678627014160e-01,-1.899805963039398193e-01,1.951313912868499756e-01,2.474891394376754761e-01,2.542594671249389648e-01,-1.340453028678894043e-01,1.367714721709489822e-02,5.708895996212959290e-02,-1.734729409217834473e-01,-5.884698778390884399e-02,3.428677320480346680e-01,-2.035088539123535156e-01,1.420865207910537720e-01,-9.102643281221389771e-02,4.692066088318824768e-02,-3.351860214024782181e-03,-1.419388413429260254e+00,9.580545425415039062e-01,-1.129504323005676270e+00,1.507357358932495117e-01,9.381682425737380981e-02,-1.174804195761680603e-01,9.150838851928710938e-02,0.000000000000000000e+00,0.000000000000000000e+00,0.000000000000000000e+00,0.000000000000000000e+00,0.000000000000000000e+00,0.000000000000000000e+00,0.000000000000000000e+00,-8.510233163833618164e-01,-6.647427082061767578e-01,4.552319347858428955e-01,-5.624122023582458496e-01,2.156361043453216553e-01,-8.365292847156524658e-02,-1.283969879150390625e-01,0.000000000000000000e+00,0.000000000000000000e+00,0.000000000000000000e+00,0.000000000000000000e+00,0.000000000000000000e+00,0.000000000000000000e+00,0.000000000000000000e+00
-1.856410056352615356e-01,-2.649501860141754150e-01,7.829869389533996582e-01,1.093317940831184387e-02,2.696024812757968903e-02,2.428320050239562988e-01,9.696320295333862305e-01,-2.000433206558227539e-01,1.814254820346832275e-01,2.281114459037780762e-01,2.520206570625305176e-01,-1.343707591295242310e-01,1.394802052527666092e-02,7.066302001476287842e-02,-1.804478019475936890e-01,-8.371564745903015137e-02,3.203090131282806396e-01,-1.953929364681243896e-01,1.397538334131240845e-01,-4.922553524374961853e-02,4.986146837472915649e-02,-2.884401706978678703e-03,-1.427889704704284668e+00,9.717060327529907227e-01,-1.178118348121643066e+00,9.766945987939834595e-02,1.381590813398361206e-01,-1.284280568361282349e-01,8.256929367780685425e-02,0.000000000000000000e+00,0.000000000000000000e+00,0.000000000000000000e+00,0.000000000000000000e+00,0.000000000000000000e+00,0.000000000000000000e+00,0.000000000000000000e+00,-8.637982010841369629e-01,-6.776297092437744141e-01,4.343110024929046631e-01,-5.486735701560974121e-01,1.931229084730148315e-01,-9.572359174489974976e-02,-1.813474148511886597e-01,0.000000000000000000e+00,0.000000000000000000e+00,0.000000000000000000e+00,0.000000000000000000e+00,0.000000000000000000e+00,0.000000000000000000e+00,0.000000000000000000e+00
-1.815631240606307983e-01,-2.617534697055816650e-01,7.831729650497436523e-01,9.406665340065956116e-03,3.438367694616317749e-02,2.551179528236389160e-01,9.662526249885559082e-01,-2.144874632358551025e-01,1.678926348686218262e-01,2.014947086572647095e-01,2.436771094799041748e-01,-1.308241337537765503e-01,8.683319203555583954e-03,8.128991723060607910e-02,-1.841489076614379883e-01,-1.143006086349487305e-01,2.949342429637908936e-01,-1.876595169305801392e-01,1.395627558231353760e-01,1.041540503501892090e-02,4.824813082814216614e-02,-5.218101199716329575e-03,-1.451334476470947266e+00,9.670302867889404297e-01,-1.231810212135314941e+00,2.919067442417144775e-02,1.783821135759353638e-01,-1.485570222139358521e-01,8.617908507585525513e-02,0.000000000000000000e+00,0.000000000000000000e+00,0.000000000000000000e+00,0.000000000000000000e+00,0.000000000000000000e+00,0.000000000000000000e+00,0.000000000000000000e+00,-9.118529558181762695e-01,-6.895807981491088867e-01,4.258206486701965332e-01,-4.882189631462097168e-01,1.192897930741310120e-01,-1.052542775869369507e-01,-2.633531987667083740e-01,0.000000000000000000e+00,0.000000000000000000e+00,0.000000000000000000e+00,0.000000000000000000e+00,0.000000000000000000e+00,0.000000000000000000e+00,0.000000000000000000e+00
-1.774020195007324219e-01,-2.593638598918914795e-01,7.837845683097839355e-01,8.225810714066028595e-03,4.004613682627677917e-02,2.695683836936950684e-01,9.621130228042602539e-01,-2.255016863346099854e-01,1.551722437143325806e-01,1.787906140089035034e-01,2.345836013555526733e-01,-1.220603212714195251e-01,3.110282355919480324e-03,9.597398340702056885e-02,-1.854695081710815430e-01,-1.490491777658462524e-01,2.719059884548187256e-01,-1.764268130064010620e-01,1.357601135969161987e-01,7.052645832300186157e-02,4.657359793782234192e-02,-5.320938769727945328e-03,-1.469283103942871094e+00,9.459330439567565918e-01,-1.273329019546508789e+00,-6.603956688195466995e-03,1.867977529764175415e-01,-1.675801724195480347e-01,8.653186261653900146e-02,0.000000000000000000e+00,0.000000000000000000e+00,0.000000000000000000e+00,0.000000000000000000e+00,0.000000000000000000e+00,0.000000000000000000e+00,0.000000000000000000e+00,-9.876576662063598633e-01,-6.955748200416564941e-01,4.413549900054931641e-01,-3.766735792160034180e-01,4.758492484688758850e-02,-1.046070680022239685e-01,-3.413876593112945557e-01,0.000000000000000000e+00,0.000000000000000000e+00,0.000000000000000000e+00,0.000000000000000000e+00,0.000000000000000000e+00,0.000000000000000000e+00,0.000000000000000000e+00
-1.733209043741226196e-01,-2.577475607395172119e-01,7.844513058662414551e-01,7.496578153222799301e-03,4.392175003886222839e-02,2.845111489295959473e-01,9.576367139816284180e-01,-2.350440770387649536e-01,1.429871618747711182e-01,1.531012356281280518e-01,2.280303090810775757e-01,-1.092833206057548523e-01,1.798883546143770218e-03,1.097058504819869995e-01,-1.870189309120178223e-01,-1.910015940666198730e-01,2.580447196960449219e-01,-1.631117165088653564e-01,1.293950676918029785e-01,1.331693083047866821e-01,4.137633368372917175e-02,-7.658230606466531754e-03,-1.498078703880310059e+00,9.132199287414550781e-01,-1.317959189414978027e+00,-3.025094978511333466e-02,2.053571194410324097e-01,-1.825707554817199707e-01,8.485543727874755859e-02,0.000000000000000000e+00,0.000000000000000000e+00,0.000000000000000000e+00,0.000000000000000000e+00,0.000000000000000000e+00,0.000000000000000000e+00,0.000000000000000000e+00,-1.073233962059020996e+00,-7.037955522537231445e-01,4.733099937438964844e-01,-2.226078808307647705e-01,-3.833359340205788612e-03,-9.155405312776565552e-02,-4.054937064647674561e-01,0.000000000000000000e+00,0.000000000000000000e+00,0.000000000000000000e+00,0.000000000000000000e+00,0.000000000000000000e+00,0.000000000000000000e+00,0.000000000000000000e+00
-1.693534851074218750e-01,-2.567891776561737061e-01,7.851446866989135742e-01,7.922474294900894165e-03,4.554251581430435181e-02,2.969752550125122070e-01,9.537655711174011230e-01,-2.383403033018112183e-01,1.320009380578994751e-01,1.278799325227737427e-01,2.217945456504821777e-01,-9.538424760103225708e-02,-1.219675294123589993e-03,1.224589198827743530e-01,-1.876263469457626343e-01,-2.227683365345001221e-01,2.520401179790496826e-01,-1.523380577564239502e-01,1.132587119936943054e-01,1.867334842681884766e-01,3.430303186178207397e-02,-8.511769585311412811e-03,-1.531745910644531250e+00,8.858479261398315430e-01,-1.366015672683715820e+00,-4.416915774345397949e-02,2.015242725610733032e-01,-1.939022690057754517e-01,5.463545024394989014e-02,0.000000000000000000e+00,0.000000000000000000e+00,0.000000000000000000e+00,0.000000000000000000e+00,0.000000000000000000e+00,0.000000000000000000e+00,0.000000000000000000e+00,-1.171296238899230957e+00,-7.297939062118530273e-01,5.286305546760559082e-01,-4.067371133714914322e-03,-1.057375688105821609e-02,-6.717491894960403442e-02,-4.051354825496673584e-01,0.000000000000000000e+00,0.000000000000000000e+00,0.000000000000000000e+00,0.000000000000000000e+00,0.000000000000000000e+00,0.000000000000000000e+00,0.000000000000000000e+00
-1.656450033187866211e-01,-2.565477788448333740e-01,7.850458621978759766e-01,7.175541017204523087e-03,4.779887199401855469e-02,3.081587553024291992e-01,9.501062631607055664e-01,-2.407448887825012207e-01,1.258239895105361938e-01,1.113609969615936279e-01,2.114296853542327881e-01,-9.295231848955154419e-02,-1.897156354971230030e-03,1.305537372827529907e-01,-1.838380545377731323e-01,-2.451633363962173462e-01,2.484002858400344849e-01,-1.502666622400283813e-01,1.042501851916313171e-01,2.378806173801422119e-01,2.319797873497009277e-02,1.134024350903928280e-03,-1.577898740768432617e+00,8.405233621597290039e-01,-1.398811578750610352e+00,-2.963175065815448761e-02,1.759950816631317139e-01,-1.866366118192672729e-01,1.262237969785928726e-02,0.000000000000000000e+00,0.000000000000000000e+00,0.000000000000000000e+00,0.000000000000000000e+00,0.000000000000000000e+00,0.000000000000000000e+00,0.000000000000000000e+00,-1.320799708366394043e+00,-7.451581954956054688e-01,6.301661729812622070e-01,3.104920089244842529e-01,2.472447603940963745e-02,-3.836416080594062805e-02,-3.567575216293334961e-01,0.000000000000000000e+00,0.000000000000000000e+00,0.000000000000000000e+00,0.000000000000000000e+00,0.000000000000000000e+00,0.000000000000000000e+00,0.000000000000000000e+00
-1.620444208383560181e-01,-2.566311955451965332e-01,7.852697372436523438e-01,5.476809572428464890e-03,4.964039847254753113e-02,3.203580379486083984e-01,9.459791779518127441e-01,-2.384097576141357422e-01,1.209190413355827332e-01,9.264588356018066406e-02,1.899296492338180542e-01,-8.825097978115081787e-02,-5.941136740148067474e-03,1.346552371978759766e-01,-1.757111102342605591e-01,-2.575008273124694824e-01,2.508448660373687744e-01,-1.425384134054183960e-01,9.290491789579391479e-02,2.902520596981048584e-01,1.245196443051099777e-02,1.206947397440671921e-02,-1.619436383247375488e+00,7.734281420707702637e-01,-1.422753453254699707e+00,-7.671838160604238510e-03,1.248270645737648010e-01,-1.664363890886306763e-01,-3.328115493059158325e-02,0.000000000000000000e+00,0.000000000000000000e+00,0.000000000000000000e+00,0.000000000000000000e+00,0.000000000000000000e+00,0.000000000000000000e+00,0.000000000000000000e+00,-1.492680072784423828e+00,-7.226642370223999023e-01,7.610799074172973633e-01,7.030606865882873535e-01,6.595345586538314819e-02,5.708722397685050964e-03,-2.674238979816436768e-01,0.000000000000000000e+00,0.000000000000000000e+00,0.000000000000000000e+00,0.000000000000000000e+00,0.000000000000000000e+00,0.000000000000000000e+00,0.000000000000000000e+00
-1.589328199625015259e-01,-2.571280598640441895e-01,7.854902148246765137e-01,3.521072911098599434e-03,5.032831802964210510e-02,3.336350023746490479e-01,9.413513541221618652e-01,-2.362853437662124634e-01,1.165685355663299561e-01,6.846671551465988159e-02,1.690323352813720703e-01,-8.094100654125213623e-02,-1.310150139033794403e-02,1.378128975629806519e-01,-1.685015261173248291e-01,-2.787812352180480957e-01,2.585102319717407227e-01,-1.315665543079376221e-01,8.754544705152511597e-02,3.286198973655700684e-01,4.344575572758913040e-03,2.179179340600967407e-02,-1.654548048973083496e+00,7.216477990150451660e-01,-1.434198737144470215e+00,1.544962287880480289e-03,8.473740518093109131e-02,-1.516518592834472656e-01,-5.680179968476295471e-02,0.000000000000000000e+00,0.000000000000000000e+00,0.000000000000000000e+00,0.000000000000000000e+00,0.000000000000000000e+00,0.000000000000000000e+00,0.000000000000000000e+00,-1.623026013374328613e+00,-6.945124864578247070e-01,8.633353710174560547e-01,1.000413060188293457e+00,5.759873613715171814e-02,2.878722734749317169e-02,-1.861316114664077759e-01,0.000000000000000000e+00,0.000000000000000000e+00,0.000000000000000000e+00,0.000000000000000000e+00,0.000000000000000000e+00,0.000000000000000000e+00,0.000000000000000000e+00
-1.561677008867263794e-01,-2.578645050525665283e-01,7.854491472244262695e-01,2.180087845772504807e-03,4.982160776853561401e-02,3.479014039039611816e-01,9.362038373947143555e-01,-2.343184351921081543e-01,1.125937327742576599e-01,4.789907857775688171e-02,1.519975811243057251e-01,-7.184206694364547729e-02,-2.909203432500362396e-02,1.440619081258773804e-01,-1.618429869413375854e-01,-3.046032190322875977e-01,2.656897604465484619e-01,-1.217022538185119629e-01,7.380636781454086304e-02,3.539313375949859619e-01,-8.123026927933096886e-04,2.531007118523120880e-02,-1.671553611755371094e+00,6.823138594627380371e-01,-1.438372850418090820e+00,-5.030839238315820694e-03,7.390657067298889160e-02,-1.458816528320312500e-01,-6.245951354503631592e-02,0.000000000000000000e+00,0.000000000000000000e+00,0.000000000000000000e+00,0.000000000000000000e+00,0.000000000000000000e+00,0.000000000000000000e+00,0.000000000000000000e+00,-1.683791875839233398e+00,-6.729712486267089844e-01,9.114860296249389648e-01,1.172921657562255859e+00,5.534805729985237122e-02,4.075115174055099487e-02,-1.290788501501083374e-01,0.000000000000000000e+00,0.000000000000000000e+00,0.000000000000000000e+00,0.000000000000000000e+00,0.000000000000000000e+00,0.000000000000000000e+00,0.000000000000000000e+00
-1.538336127996444702e-01,-2.588859796524047852e-01,7.850571274757385254e-01,6.403326406143605709e-04,4.979239776730537415e-02,3.614746928215026855e-01,9.310511946678161621e-01,-2.350002527236938477e-01,1.096184849739074707e-01,3.085580281913280487e-02,1.365414261817932129e-01,-6.355767697095870972e-02,-3.727099671959877014e-02,1.470210999250411987e-01,-1.547748148441314697e-01,-3.247270584106445312e-01,2.741126120090484619e-01,-1.158804222941398621e-01,6.510820239782333374e-02,3.722297251224517822e-01,-7.861784659326076508e-03,3.109590895473957062e-02,-1.685902118682861328e+00,6.529800891876220703e-01,-1.435724139213562012e+00,-1.385174784809350967e-02,6.478432565927505493e-02,-1.459066122770309448e-01,-6.918259710073471069e-02,0.000000000000000000e+00,0.000000000000000000e+00,0.000000000000000000e+00,0.000000000000000000e+00,0.000000000000000000e+00,0.000000000000000000e+00,0.000000000000000000e+00,-1.721694111824035645e+00,-6.673321723937988281e-01,9.388466477394104004e-01,1.257300615310668945e+00,5.021118745207786560e-02,3.746067360043525696e-02,-9.188969433307647705e-02,0.000000000000000000e+00,0.000000000000000000e+00,0.000000000000000000e+00,0.000000000000000000e+00,0.000000000000000000e+00,0.000000000000000000e+00,0.000000000000000000e+00
-1.518187969923019409e-01,-2.599592804908752441e-01,7.848225831985473633e-01,-5.994260427542030811e-04,4.988558590412139893e-02,3.701283335685729980e-01,9.276400804519653320e-01,-2.353620678186416626e-01,1.088320240378379822e-01,1.777419075369834900e-02,1.259756386280059814e-01,-5.901033431291580200e-02,-4.274826496839523315e-02,1.476930379867553711e-01,-1.489729136228561401e-01,-3.378815352916717529e-01,2.803656458854675293e-01,-1.103000864386558533e-01,5.834329500794410706e-02,3.854594230651855469e-01,-1.418119296431541443e-02,3.550384566187858582e-02,-1.691583156585693359e+00,6.294353604316711426e-01,-1.425580382347106934e+00,-2.209815196692943573e-02,4.657466709613800049e-02,-1.461228877305984497e-01,-7.186400890350341797e-02,0.000000000000000000e+00,0.000000000000000000e+00,0.000000000000000000e+00,0.000000000000000000e+00,0.000000000000000000e+00,0.000000000000000000e+00,0.000000000000000000e+00,-1.739103436470031738e+00,-6.669377684593200684e-01,9.504525661468505859e-01,1.296617388725280762e+00,5.572459846735000610e-02,3.275187313556671143e-02,-7.221409678459167480e-02,0.000000000000000000e+00,0.000000000000000000e+00,0.000000000000000000e+00,0.000000000000000000e+00,0.000000000000000000e+00,0.000000000000000000e+00,0.000000000000000000e+00
-1.500167846679687500e-01,-2.610787749290466309e-01,7.846278548240661621e-01,-1.331484876573085785e-03,5.102961510419845581e-02,3.755455017089843750e-01,9.253970980644226074e-01,-2.390324920415878296e-01,1.081209480762481689e-01,8.451971225440502167e-03,1.223559007048606873e-01,-5.646387487649917603e-02,-4.410004988312721252e-02,1.472876667976379395e-01,-1.449381709098815918e-01,-3.469421863555908203e-01,2.815985083580017090e-01,-1.083149611949920654e-01,5.661772191524505615e-02,3.968181908130645752e-01,-2.203700318932533264e-02,4.150332883000373840e-02,-1.693228006362915039e+00,6.078927516937255859e-01,-1.413590312004089355e+00,-2.846555970609188080e-02,3.789751604199409485e-02,-1.484921723604202271e-01,-6.449698656797409058e-02,0.000000000000000000e+00,0.000000000000000000e+00,0.000000000000000000e+00,0.000000000000000000e+00,0.000000000000000000e+00,0.000000000000000000e+00,0.000000000000000000e+00,-1.747022509574890137e+00,-6.720007658004760742e-01,9.565961956977844238e-01,1.314531326293945312e+00,5.795333534479141235e-02,2.790625952184200287e-02,-6.210754439234733582e-02,0.000000000000000000e+00,0.000000000000000000e+00,0.000000000000000000e+00,0.000000000000000000e+00,0.000000000000000000e+00,0.000000000000000000e+00,0.000000000000000000e+00
-1.484402567148208618e-01,-2.621315419673919678e-01,7.843425869941711426e-01,-1.594127970747649670e-03,5.045536160469055176e-02,3.798204064369201660e-01,9.236818552017211914e-01,-2.389424145221710205e-01,1.083174943923950195e-01,-1.452593947760760784e-03,1.191568151116371155e-01,-5.426946654915809631e-02,-4.301012307405471802e-02,1.477298736572265625e-01,-1.424857825040817261e-01,-3.565750122070312500e-01,2.880927026271820068e-01,-1.073366180062294006e-01,5.367352813482284546e-02,3.973419666290283203e-01,-2.691002003848552704e-02,4.699062928557395935e-02,-1.695610284805297852e+00,5.937635898590087891e-01,-1.409145236015319824e+00,-3.918947279453277588e-02,3.418413922190666199e-02,-1.494568586349487305e-01,-4.694619774818420410e-02,0.000000000000000000e+00,0.000000000000000000e+00,0.000000000000000000e+00,0.000000000000000000e+00,0.000000000000000000e+00,0.000000000000000000e+00,0.000000000000000000e+00,-1.752175569534301758e+00,-6.759027242660522461e-01,9.630297422409057617e-01,1.312994718551635742e+00,5.263304337859153748e-02,2.347918413579463959e-02,-6.163749098777770996e-02,0.000000000000000000e+00,0.000000000000000000e+00,0.000000000000000000e+00,0.000000000000000000e+00,0.000000000000000000e+00,0.000000000000000000e+00,0.000000000000000000e+00
-1.468820869922637939e-01,-2.630716860294342041e-01,7.842858433723449707e-01,-1.541654346510767937e-03,5.090757459402084351e-02,3.831274807453155518e-01,9.222902655601501465e-01,-2.411760240793228149e-01,1.075075715780258179e-01,-8.572372607886791229e-03,1.195393130183219910e-01,-5.323572456836700439e-02,-4.434235766530036926e-02,1.471392810344696045e-01,-1.414203196763992310e-01,-3.650474250316619873e-01,2.918901443481445312e-01,-1.053374782204627991e-01,5.085466057062149048e-02,3.996518552303314209e-01,-3.096404671669006348e-02,5.258750915527343750e-02,-1.697094798088073730e+00,5.826163291931152344e-01,-1.403647303581237793e+00,-3.867751359939575195e-02,2.760269865393638611e-02,-1.481849998235702515e-01,-4.239862412214279175e-02,0.000000000000000000e+00,0.000000000000000000e+00,0.000000000000000000e+00,0.000000000000000000e+00,0.000000000000000000e+00,0.000000000000000000e+00,0.000000000000000000e+00,-1.750361800193786621e+00,-6.782897710800170898e-01,9.671729803085327148e-01,1.307799816131591797e+00,5.577789247035980225e-02,1.930460520088672638e-02,-5.805630981922149658e-02,0.000000000000000000e+00,0.000000000000000000e+00,0.000000000000000000e+00,0.000000000000000000e+00,0.000000000000000000e+00,0.000000000000000000e+00,0.000000000000000000e+00
-1.453864276409149170e-01,-2.639294564723968506e-01,7.840504050254821777e-01,-1.601613126695156097e-03,5.213538929820060730e-02,3.844062387943267822e-01,9.216893315315246582e-01,-2.441771626472473145e-01,1.076172888278961182e-01,-1.318443007767200470e-02,1.203882470726966858e-01,-5.393728613853454590e-02,-4.387088492512702942e-02,1.455583423376083374e-01,-1.409178823232650757e-01,-3.721620738506317139e-01,2.929291129112243652e-01,-1.062772274017333984e-01,4.961029812693595886e-02,4.001051485538482666e-01,-3.308421373367309570e-02,5.621410906314849854e-02,-1.697078704833984375e+00,5.733175873756408691e-01,-1.399842262268066406e+00,-3.544936701655387878e-02,2.602605335414409637e-02,-1.479012966156005859e-01,-4.113373905420303345e-02,0.000000000000000000e+00,0.000000000000000000e+00,0.000000000000000000e+00,0.000000000000000000e+00,0.000000000000000000e+00,0.000000000000000000e+00,0.000000000000000000e+00,-1.746806263923645020e+00,-6.784198880195617676e-01,9.662003517150878906e-01,1.301705360412597656e+00,6.065234914422035217e-02,1.381965260952711105e-02,-5.961092561483383179e-02,0.000000000000000000e+00,0.000000000000000000e+00,0.000000000000000000e+00,0.000000000000000000e+00,0.000000000000000000e+00,0.000000000000000000e+00,0.000000000000000000e+00
-1.440268754959106445e-01,-2.647709548473358154e-01,7.838360667228698730e-01,-1.620810129679739475e-03,5.329328775405883789e-02,3.847197890281677246e-01,9.214922189712524414e-01,-2.469802945852279663e-01,1.081297993659973145e-01,-1.789752952754497528e-02,1.218784302473068237e-01,-5.466509982943534851e-02,-4.401544108986854553e-02,1.442010998725891113e-01,-1.404555886983871460e-01,-3.781587779521942139e-01,2.928391993045806885e-01,-1.084254086017608643e-01,4.727610200643539429e-02,3.977584242820739746e-01,-3.525406494736671448e-02,6.037338823080062866e-02,-1.699081063270568848e+00,5.672982931137084961e-01,-1.397381424903869629e+00,-3.294639661908149719e-02,2.913752011954784393e-02,-1.458242833614349365e-01,-3.442301228642463684e-02,0.000000000000000000e+00,0.000000000000000000e+00,0.000000000000000000e+00,0.000000000000000000e+00,0.000000000000000000e+00,0.000000000000000000e+00,0.000000000000000000e+00,-1.745271563529968262e+00,-6.740611195564270020e-01,9.677382111549377441e-01,1.293737411499023438e+00,6.222925335168838501e-02,1.074661966413259506e-02,-6.200713291764259338e-02,0.000000000000000000e+00,0.000000000000000000e+00,0.000000000000000000e+00,0.000000000000000000e+00,0.000000000000000000e+00,0.000000000000000000e+00,0.000000000000000000e+00
-1.428186744451522827e-01,-2.655979990959167480e-01,7.835845351219177246e-01,-1.332323066890239716e-03,5.502571538090705872e-02,3.842191696166992188e-01,9.215996861457824707e-01,-2.519870698451995850e-01,1.081673726439476013e-01,-1.903801038861274719e-02,1.271692514419555664e-01,-5.642322078347206116e-02,-4.349389672279357910e-02,1.420840770006179810e-01,-1.404145359992980957e-01,-3.802029192447662354e-01,2.904605269432067871e-01,-1.113176941871643066e-01,4.261317849159240723e-02,3.951345682144165039e-01,-3.752605617046356201e-02,6.318617612123489380e-02,-1.699812412261962891e+00,5.600975751876831055e-01,-1.392374396324157715e+00,-2.369293570518493652e-02,3.391326218843460083e-02,-1.431137323379516602e-01,-3.324489668011665344e-02,0.000000000000000000e+00,0.000000000000000000e+00,0.000000000000000000e+00,0.000000000000000000e+00,0.000000000000000000e+00,0.000000000000000000e+00,0.000000000000000000e+00,-1.741210818290710449e+00,-6.658061742782592773e-01,9.613813757896423340e-01,1.285783171653747559e+00,7.657620310783386230e-02,9.777194820344448090e-03,-6.831300258636474609e-02,0.000000000000000000e+00,0.000000000000000000e+00,0.000000000000000000e+00,0.000000000000000000e+00,0.000000000000000000e+00,0.000000000000000000e+00,0.000000000000000000e+00
-1.417905390262603760e-01,-2.664081156253814697e-01,7.832394838333129883e-01,-1.527954125776886940e-03,5.620370805263519287e-02,3.839987814426422119e-01,9.216201901435852051e-01,-2.572041749954223633e-01,1.099634170532226562e-01,-1.625894941389560699e-02,1.339577734470367432e-01,-5.995728820562362671e-02,-4.322381690144538879e-02,1.441545486450195312e-01,-1.380967050790786743e-01,-3.858746290206909180e-01,2.814919650554656982e-01,-1.129502505064010620e-01,4.307141900062561035e-02,3.894663453102111816e-01,-4.242996871471405029e-02,6.779099255800247192e-02,-1.700259327888488770e+00,5.506970882415771484e-01,-1.387169241905212402e+00,-1.386437285691499710e-02,3.982873633503913879e-02,-1.401284784078598022e-01,-3.270926699042320251e-02,0.000000000000000000e+00,0.000000000000000000e+00,0.000000000000000000e+00,0.000000000000000000e+00,0.000000000000000000e+00,0.000000000000000000e+00,0.000000000000000000e+00,-1.738174557685852051e+00,-6.575929522514343262e-01,9.604926109313964844e-01,1.280179858207702637e+00,7.811594009399414062e-02,9.868162684142589569e-03,-7.392511516809463501e-02,0.000000000000000000e+00,0.000000000000000000e+00,0.000000000000000000e+00,0.000000000000000000e+00,0.000000000000000000e+00,0.000000000000000000e+00,0.000000000000000000e+00
-1.414106488227844238e-01,-2.671831250190734863e-01,7.827932238578796387e-01,-1.414335216395556927e-03,5.776814743876457214e-02,3.838576972484588623e-01,9.215824007987976074e-01,-2.658226191997528076e-01,1.097377017140388489e-01,-1.641304045915603638e-02,1.445586979389190674e-01,-6.292293220758438110e-02,-4.518293589353561401e-02,1.426078528165817261e-01,-1.384188234806060791e-01,-3.888712823390960693e-01,2.777832448482513428e-01,-1.190438196063041687e-01,4.011948406696319580e-02,3.851965963840484619e-01,-4.573597759008407593e-02,7.309355586767196655e-02,-1.699911713600158691e+00,5.383173227310180664e-01,-1.381084680557250977e+00,6.797888781875371933e-03,5.465640500187873840e-02,-1.404279470443725586e-01,-3.556547313928604126e-02,0.000000000000000000e+00,0.000000000000000000e+00,0.000000000000000000e+00,0.000000000000000000e+00,0.000000000000000000e+00,0.000000000000000000e+00,0.000000000000000000e+00,-1.737125277519226074e+00,-6.474628448486328125e-01,9.642862677574157715e-01,1.277351021766662598e+00,7.482664287090301514e-02,8.523016236722469330e-03,-7.396173477172851562e-02,0.000000000000000000e+00,0.000000000000000000e+00,0.000000000000000000e+00,0.000000000000000000e+00,0.000000000000000000e+00,0.000000000000000000e+00,0.000000000000000000e+00
-1.413929760456085205e-01,-2.677079439163208008e-01,7.824699282646179199e-01,-1.526452950201928616e-03,5.829174444079399109e-02,3.850047588348388672e-01,9.210706353187561035e-01,-2.755675911903381348e-01,1.095987558364868164e-01,-1.580820418894290924e-02,1.597482115030288696e-01,-6.626578420400619507e-02,-4.711655899882316589e-02,1.448623538017272949e-01,-1.366429626941680908e-01,-3.926889896392822266e-01,2.705186605453491211e-01,-1.216539889574050903e-01,3.638124465942382812e-02,3.797330856323242188e-01,-4.895572736859321594e-02,7.679230719804763794e-02,-1.696019053459167480e+00,5.233019590377807617e-01,-1.372753858566284180e+00,2.963514812290668488e-02,6.765011698007583618e-02,-1.367847323417663574e-01,-4.018510878086090088e-02,0.000000000000000000e+00,0.000000000000000000e+00,0.000000000000000000e+00,0.000000000000000000e+00,0.000000000000000000e+00,0.000000000000000000e+00,0.000000000000000000e+00,-1.731380105018615723e+00,-6.394409537315368652e-01,9.673613309860229492e-01,1.272194862365722656e+00,7.305568456649780273e-02,7.842768914997577667e-03,-6.849611550569534302e-02,0.000000000000000000e+00,0.000000000000000000e+00,0.000000000000000000e+00,0.000000000000000000e+00,0.000000000000000000e+00,0.000000000000000000e+00,0.000000000000000000e+00
-1.417938768863677979e-01,-2.677682042121887207e-01,7.821686863899230957e-01,-1.861217548139393330e-03,5.942820385098457336e-02,3.844044506549835205e-01,9.212480783462524414e-01,-2.860487699508666992e-01,1.101741790771484375e-01,-1.097367703914642334e-02,1.762766689062118530e-01,-7.147194445133209229e-02,-4.935177788138389587e-02,1.458638757467269897e-01,-1.353197842836380005e-01,-3.926931023597717285e-01,2.610117495059967041e-01,-1.246765255928039551e-01,3.488568216562271118e-02,3.748284876346588135e-01,-5.339641496539115906e-02,8.139450103044509888e-02,-1.685780405998229980e+00,5.083274841308593750e-01,-1.358272671699523926e+00,6.073064729571342468e-02,7.963982969522476196e-02,-1.367944926023483276e-01,-4.781110957264900208e-02,0.000000000000000000e+00,0.000000000000000000e+00,0.000000000000000000e+00,0.000000000000000000e+00,0.000000000000000000e+00,0.000000000000000000e+00,0.000000000000000000e+00,-1.723607420921325684e+00,-6.296743154525756836e-01,9.672920703887939453e-01,1.268990278244018555e+00,7.988734543323516846e-02,5.084696225821971893e-03,-5.815159901976585388e-02,0.000000000000000000e+00,0.000000000000000000e+00,0.000000000000000000e+00,0.000000000000000000e+00,0.000000000000000000e+00,0.000000000000000000e+00,0.000000000000000000e+00
-1.426253765821456909e-01,-2.671161293983459473e-01,7.816283106803894043e-01,-2.326465910300612450e-03,5.927120521664619446e-02,3.873179256916046143e-01,9.200360774993896484e-01,-2.984316945075988770e-01,1.081185415387153625e-01,-1.211415044963359833e-02,1.974872648715972900e-01,-7.804105430841445923e-02,-5.268382281064987183e-02,1.499546468257904053e-01,-1.327787041664123535e-01,-3.925970494747161865e-01,2.535754740238189697e-01,-1.273045986890792847e-01,2.860782109200954437e-02,3.692712783813476562e-01,-5.562017112970352173e-02,8.686082810163497925e-02,-1.674350023269653320e+00,4.901363849639892578e-01,-1.345910668373107910e+00,9.849078208208084106e-02,9.667564183473587036e-02,-1.385440528392791748e-01,-5.593684315681457520e-02,0.000000000000000000e+00,0.000000000000000000e+00,0.000000000000000000e+00,0.000000000000000000e+00,0.000000000000000000e+00,0.000000000000000000e+00,0.000000000000000000e+00,-1.712879061698913574e+00,-6.180047988891601562e-01,9.712808728218078613e-01,1.269787430763244629e+00,7.906951010227203369e-02,2.636822173371911049e-03,-4.494572803378105164e-02,0.000000000000000000e+00,0.000000000000000000e+00,0.000000000000000000e+00,0.000000000000000000e+00,0.000000000000000000e+00,0.000000000000000000e+00,0.000000000000000000e+00
-1.437081843614578247e-01,-2.654892206192016602e-01,7.811388969421386719e-01,-3.106937743723392487e-03,5.989915877580642700e-02,3.895449340343475342e-01,9.190523028373718262e-01,-3.126472234725952148e-01,1.064096540212631226e-01,-6.173836998641490936e-03,2.218816727399826050e-01,-8.665465563535690308e-02,-5.256186425685882568e-02,1.536782830953598022e-01,-1.317300796508789062e-01,-3.936819732189178467e-01,2.439996749162673950e-01,-1.281664371490478516e-01,2.716544643044471741e-02,3.665942251682281494e-01,-6.163968145847320557e-02,9.352540969848632812e-02,-1.654478788375854492e+00,4.711071550846099854e-01,-1.332528591156005859e+00,1.410732716321945190e-01,1.036329716444015503e-01,-1.409164518117904663e-01,-6.865520775318145752e-02,0.000000000000000000e+00,0.000000000000000000e+00,0.000000000000000000e+00,0.000000000000000000e+00,0.000000000000000000e+00,0.000000000000000000e+00,0.000000000000000000e+00,-1.702633500099182129e+00,-6.050933599472045898e-01,9.771767258644104004e-01,1.280339837074279785e+00,7.452846318483352661e-02,3.063400043174624443e-03,-3.035921789705753326e-02,0.000000000000000000e+00,0.000000000000000000e+00,0.000000000000000000e+00,0.000000000000000000e+00,0.000000000000000000e+00,0.000000000000000000e+00,0.000000000000000000e+00
-1.449007540941238403e-01,-2.626421451568603516e-01,7.805193066596984863e-01,-4.945314489305019379e-03,6.039737537503242493e-02,3.924706578254699707e-01,9.177660346031188965e-01,-3.302442729473114014e-01,1.067596077919006348e-01,5.456008482724428177e-03,2.534729540348052979e-01,-9.825146943330764771e-02,-5.038736760616302490e-02,1.599841564893722534e-01,-1.289444118738174438e-01,-3.958404660224914551e-01,2.299596220254898071e-01,-1.248640194535255432e-01,2.942721545696258545e-02,3.658836483955383301e-01,-6.824960559606552124e-02,9.890765696763992310e-02,-1.624205350875854492e+00,4.508872628211975098e-01,-1.314006090164184570e+00,1.835626065731048584e-01,1.155033260583877563e-01,-1.451197862625122070e-01,-7.387689501047134399e-02,0.000000000000000000e+00,0.000000000000000000e+00,0.000000000000000000e+00,0.000000000000000000e+00,0.000000000000000000e+00,0.000000000000000000e+00,0.000000000000000000e+00,-1.689028859138488770e+00,-5.970367789268493652e-01,9.827940464019775391e-01,1.286845922470092773e+00,7.183258980512619019e-02,1.708623371087014675e-03,-1.747897826135158539e-02,0.000000000000000000e+00,0.000000000000000000e+00,0.000000000000000000e+00,0.000000000000000000e+00,0.000000000000000000e+00,0.000000000000000000e+00,0.000000000000000000e+00
-1.460762619972229004e-01,-2.584033012390136719e-01,7.794480323791503906e-01,-5.401821341365575790e-03,6.028209626674652100e-02,3.958396613597869873e-01,9.163230061531066895e-01,-3.432437479496002197e-01,1.047076061367988586e-01,2.155008725821971893e-02,2.834866642951965332e-01,-1.118730679154396057e-01,-4.989662766456604004e-02,1.712328493595123291e-01,-1.298097670078277588e-01,-3.990646004676818848e-01,2.155350893735885620e-01,-1.274376213550567627e-01,3.117869980633258820e-02,3.681643903255462646e-01,-7.507019490003585815e-02,1.052098795771598816e-01,-1.573190689086914062e+00,4.406467080116271973e-01,-1.299169778823852539e+00,2.150451987981796265e-01,1.225980147719383240e-01,-1.512952297925949097e-01,-7.953861355781555176e-02,0.000000000000000000e+00,0.000000000000000000e+00,0.000000000000000000e+00,0.000000000000000000e+00,0.000000000000000000e+00,0.000000000000000000e+00,0.000000000000000000e+00,-1.668109655380249023e+00,-5.892319083213806152e-01,9.816877245903015137e-01,1.288397431373596191e+00,5.589275062084197998e-02,-4.093665484106168151e-05,-8.252051658928394318e-03,0.000000000000000000e+00,0.000000000000000000e+00,0.000000000000000000e+00,0.000000000000000000e+00,0.000000000000000000e+00,0.000000000000000000e+00,0.000000000000000000e+00
-1.467595249414443970e-01,-2.524496316909790039e-01,7.781456112861633301e-01,-5.866912193596363068e-03,6.222959235310554504e-02,3.993074297904968262e-01,9.146838784217834473e-01,-3.549127578735351562e-01,1.003301739692687988e-01,3.877686709165573120e-02,3.076765239238739014e-01,-1.289001256227493286e-01,-4.234233871102333069e-02,1.789101213216781616e-01,-1.337540149688720703e-01,-3.998084366321563721e-01,2.047108262777328491e-01,-1.301505565643310547e-01,3.017177805304527283e-02,3.693114817142486572e-01,-8.407223224639892578e-02,1.038685962557792664e-01,-1.497184753417968750e+00,4.306283295154571533e-01,-1.264534473419189453e+00,2.767148613929748535e-01,1.294018924236297607e-01,-1.542145460844039917e-01,-9.035747498273849487e-02,0.000000000000000000e+00,0.000000000000000000e+00,0.000000000000000000e+00,0.000000000000000000e+00,0.000000000000000000e+00,0.000000000000000000e+00,0.000000000000000000e+00,-1.637263417243957520e+00,-5.777571201324462891e-01,9.698579311370849609e-01,1.293884396553039551e+00,4.752509668469429016e-02,-2.944782841950654984e-03,8.268747478723526001e-04,0.000000000000000000e+00,0.000000000000000000e+00,0.000000000000000000e+00,0.000000000000000000e+00,0.000000000000000000e+00,0.000000000000000000e+00,0.000000000000000000e+00
-1.469931602478027344e-01,-2.447847276926040649e-01,7.770572304725646973e-01,-6.394423078745603561e-03,6.406489014625549316e-02,4.010772407054901123e-01,9.137789011001586914e-01,-3.614088594913482666e-01,9.570697695016860962e-02,5.488128587603569031e-02,3.280261456966400146e-01,-1.490481197834014893e-01,-2.587124332785606384e-02,1.880514919757843018e-01,-1.387193799018859863e-01,-3.963053822517395020e-01,1.929135322570800781e-01,-1.261607110500335693e-01,3.052758239209651947e-02,3.698891997337341309e-01,-9.212306141853332520e-02,1.024211123585700989e-01,-1.404480457305908203e+00,4.197787344455718994e-01,-1.224263429641723633e+00,3.417887091636657715e-01,1.460020393133163452e-01,-1.567803621292114258e-01,-8.765260130167007446e-02,0.000000000000000000e+00,0.000000000000000000e+00,0.000000000000000000e+00,0.000000000000000000e+00,0.000000000000000000e+00,0.000000000000000000e+00,0.000000000000000000e+00,-1.594903945922851562e+00,-5.683217048645019531e-01,9.570660591125488281e-01,1.297292351722717285e+00,3.318566828966140747e-02,-6.240984424948692322e-03,-7.924349047243595123e-04,0.000000000000000000e+00,0.000000000000000000e+00,0.000000000000000000e+00,0.000000000000000000e+00,0.000000000000000000e+00,0.000000000000000000e+00,0.000000000000000000e+00
-1.466758996248245239e-01,-2.354853004217147827e-01,7.759972810745239258e-01,-7.406860589981079102e-03,6.492225080728530884e-02,4.001539647579193115e-01,9.141154289245605469e-01,-3.661853671073913574e-01,9.307762980461120605e-02,7.101690024137496948e-02,3.555523157119750977e-01,-1.753270030021667480e-01,5.152259953320026398e-03,1.956271827220916748e-01,-1.441480517387390137e-01,-3.821254074573516846e-01,1.874647736549377441e-01,-1.152900159358978271e-01,3.534643724560737610e-02,3.667634725570678711e-01,-1.022951900959014893e-01,9.927124530076980591e-02,-1.290648221969604492e+00,3.952092528343200684e-01,-1.170867085456848145e+00,4.462743997573852539e-01,1.865871846675872803e-01,-1.575542986392974854e-01,-7.264284044504165649e-02,0.000000000000000000e+00,0.000000000000000000e+00,0.000000000000000000e+00,0.000000000000000000e+00,0.000000000000000000e+00,0.000000000000000000e+00,0.000000000000000000e+00,-1.526695728302001953e+00,-5.578759312629699707e-01,9.334997534751892090e-01,1.287117719650268555e+00,1.317379809916019440e-02,-1.258704625070095062e-02,-1.575270667672157288e-02,0.000000000000000000e+00,0.000000000000000000e+00,0.000000000000000000e+00,0.000000000000000000e+00,0.000000000000000000e+00,0.000000000000000000e+00,0.000000000000000000e+00
-1.458201706409454346e-01,-2.247079163789749146e-01,7.751555442810058594e-01,-8.616480976343154907e-03,6.680782884359359741e-02,3.991552889347076416e-01,9.144055843353271484e-01,-3.614722192287445068e-01,8.673261851072311401e-02,8.206944167613983154e-02,3.641493916511535645e-01,-2.040890157222747803e-01,3.097677230834960938e-02,2.000099718570709229e-01,-1.522042900323867798e-01,-3.672920167446136475e-01,1.869492083787918091e-01,-9.878439456224441528e-02,4.166333749890327454e-02,3.672755360603332520e-01,-1.087295413017272949e-01,9.337225556373596191e-02,-1.154220819473266602e+00,3.704545795917510986e-01,-1.110089182853698730e+00,5.735315680503845215e-01,2.145850658416748047e-01,-1.528992354869842529e-01,-6.341489404439926147e-02,0.000000000000000000e+00,0.000000000000000000e+00,0.000000000000000000e+00,0.000000000000000000e+00,0.000000000000000000e+00,0.000000000000000000e+00,0.000000000000000000e+00,-1.438157320022583008e+00,-5.452665686607360840e-01,9.008741974830627441e-01,1.290691375732421875e+00,-1.124927122145891190e-02,-2.648940309882164001e-02,-2.307091280817985535e-02,0.000000000000000000e+00,0.000000000000000000e+00,0.000000000000000000e+00,0.000000000000000000e+00,0.000000000000000000e+00,0.000000000000000000e+00,0.000000000000000000e+00
-1.444092392921447754e-01,-2.127100229263305664e-01,7.752230167388916016e-01,-9.540384635329246521e-03,6.929269433021545410e-02,3.983630537986755371e-01,9.145569205284118652e-01,-3.504514396190643311e-01,7.681874185800552368e-02,9.157916158437728882e-02,3.631320595741271973e-01,-2.290868312120437622e-01,5.773486196994781494e-02,2.011314481496810913e-01,-1.607984751462936401e-01,-3.348073065280914307e-01,1.879920512437820435e-01,-6.451730430126190186e-02,5.453432351350784302e-02,3.593211770057678223e-01,-1.182965040206909180e-01,8.617863804101943970e-02,-9.984589219093322754e-01,3.391779661178588867e-01,-1.033678293228149414e+00,7.355175614356994629e-01,2.400220781564712524e-01,-1.502607613801956177e-01,-4.337634891271591187e-02,0.000000000000000000e+00,0.000000000000000000e+00,0.000000000000000000e+00,0.000000000000000000e+00,0.000000000000000000e+00,0.000000000000000000e+00,0.000000000000000000e+00,-1.329961776733398438e+00,-5.261122584342956543e-01,8.630710840225219727e-01,1.288088202476501465e+00,-3.727658838033676147e-02,-4.156903922557830811e-02,-3.099390305578708649e-02,0.000000000000000000e+00,0.000000000000000000e+00,0.000000000000000000e+00,0.000000000000000000e+00,0.000000000000000000e+00,0.000000000000000000e+00,0.000000000000000000e+00
-1.426614969968795776e-01,-1.998012810945510864e-01,7.769929170608520508e-01,-9.367528371512889862e-03,7.104077935218811035e-02,4.008457362651824951e-01,9.133390188217163086e-01,-3.327073752880096436e-01,6.096439436078071594e-02,9.581153839826583862e-02,3.522196114063262939e-01,-2.359243631362915039e-01,7.491261512041091919e-02,1.978234499692916870e-01,-1.713205277919769287e-01,-2.951831519603729248e-01,2.044212818145751953e-01,-1.036975625902414322e-02,7.002358883619308472e-02,3.395868539810180664e-01,-1.233898848295211792e-01,7.797174155712127686e-02,-8.338418006896972656e-01,3.008423149585723877e-01,-9.372150897979736328e-01,9.522154927253723145e-01,2.675747275352478027e-01,-1.364632397890090942e-01,-1.112804748117923737e-02,0.000000000000000000e+00,0.000000000000000000e+00,0.000000000000000000e+00,0.000000000000000000e+00,0.000000000000000000e+00,0.000000000000000000e+00,0.000000000000000000e+00,-1.181648254394531250e+00,-5.024459958076477051e-01,8.210754990577697754e-01,1.279119372367858887e+00,-6.957672536373138428e-02,-5.640767142176628113e-02,-3.305168077349662781e-02,0.000000000000000000e+00,0.000000000000000000e+00,0.000000000000000000e+00,0.000000000000000000e+00,0.000000000000000000e+00,0.000000000000000000e+00,0.000000000000000000e+00
-1.406994909048080444e-01,-1.865458786487579346e-01,7.780023813247680664e-01,-9.394534863531589508e-03,7.405756413936614990e-02,4.042645692825317383e-01,9.115905761718750000e-01,-3.195692896842956543e-01,4.343355074524879456e-02,9.713954478502273560e-02,3.457335531711578369e-01,-2.464712113142013550e-01,8.954526484012603760e-02,1.905190199613571167e-01,-1.820598840713500977e-01,-2.683299183845520020e-01,2.300072312355041504e-01,2.940225228667259216e-02,7.345906645059585571e-02,3.173401057720184326e-01,-1.291664689779281616e-01,7.170409709215164185e-02,-6.856226325035095215e-01,2.838423550128936768e-01,-8.100984096527099609e-01,1.154179811477661133e+00,2.633484899997711182e-01,-1.113107874989509583e-01,1.883179694414138794e-02,0.000000000000000000e+00,0.000000000000000000e+00,0.000000000000000000e+00,0.000000000000000000e+00,0.000000000000000000e+00,0.000000000000000000e+00,0.000000000000000000e+00,-1.022709369659423828e+00,-4.684138894081115723e-01,7.801142334938049316e-01,1.260252833366394043e+00,-9.706220030784606934e-02,-6.474940478801727295e-02,-2.786699309945106506e-02,0.000000000000000000e+00,0.000000000000000000e+00,0.000000000000000000e+00,0.000000000000000000e+00,0.000000000000000000e+00,0.000000000000000000e+00,0.000000000000000000e+00
-1.389522552490234375e-01,-1.731346398591995239e-01,7.785452008247375488e-01,-1.017762348055839539e-02,7.386081665754318237e-02,4.116648137569427490e-01,9.082803130149841309e-01,-3.016476631164550781e-01,2.894621342420578003e-02,9.959476441144943237e-02,3.398900926113128662e-01,-2.653274834156036377e-01,1.085587367415428162e-01,1.694318354129791260e-01,-1.940576881170272827e-01,-2.583711743354797363e-01,2.806225717067718506e-01,9.654108434915542603e-02,8.269909024238586426e-02,2.843726277351379395e-01,-1.261807680130004883e-01,6.338729709386825562e-02,-5.559008121490478516e-01,2.860497236251831055e-01,-6.732223629951477051e-01,1.311109542846679688e+00,2.347905784845352173e-01,-9.015189856290817261e-02,4.480395466089248657e-02,0.000000000000000000e+00,0.000000000000000000e+00,0.000000000000000000e+00,0.000000000000000000e+00,0.000000000000000000e+00,0.000000000000000000e+00,0.000000000000000000e+00,-8.437767028808593750e-01,-4.397695958614349365e-01,7.669169306755065918e-01,1.225684404373168945e+00,-1.331028193235397339e-01,-6.527061760425567627e-02,-2.843991853296756744e-03,0.000000000000000000e+00,0.000000000000000000e+00,0.000000000000000000e+00,0.000000000000000000e+00,0.000000000000000000e+00,0.000000000000000000e+00,0.000000000000000000e+00
-1.366660147905349731e-01,-1.603132188320159912e-01,7.784711122512817383e-01,-8.302951231598854065e-03,7.098380476236343384e-02,4.275956451892852783e-01,9.011405706405639648e-01,-2.789812982082366943e-01,6.425727624446153641e-03,8.823315054178237915e-02,3.337694406509399414e-01,-2.825380265712738037e-01,1.243114992976188660e-01,1.349207311868667603e-01,-1.923026889562606812e-01,-2.239551693201065063e-01,3.427236676216125488e-01,1.019304022192955017e-01,1.104958951473236084e-01,2.545044720172882080e-01,-1.180985122919082642e-01,6.545329838991165161e-02,-4.293011426925659180e-01,2.998191416263580322e-01,-5.641936659812927246e-01,1.411452651023864746e+00,2.051521539688110352e-01,-7.586406171321868896e-02,4.142891615629196167e-02,0.000000000000000000e+00,0.000000000000000000e+00,0.000000000000000000e+00,0.000000000000000000e+00,0.000000000000000000e+00,0.000000000000000000e+00,0.000000000000000000e+00,-6.562350392341613770e-01,-4.208680093288421631e-01,7.419348359107971191e-01,1.203510999679565430e+00,-1.462488323450088501e-01,-6.496786326169967651e-02,3.784487396478652954e-02,0.000000000000000000e+00,0.000000000000000000e+00,0.000000000000000000e+00,0.000000000000000000e+00,0.000000000000000000e+00,0.000000000000000000e+00,0.000000000000000000e+00
-1.347264945507049561e-01,-1.480046808719635010e-01,7.786343097686767578e-01,-8.510032668709754944e-03,6.334993243217468262e-02,4.428480863571166992e-01,8.943153619766235352e-01,-2.481599003076553345e-01,-5.274569150060415268e-03,7.413022965192794800e-02,3.267700374126434326e-01,-3.040721714496612549e-01,1.308748424053192139e-01,9.570828080177307129e-02,-1.929797530174255371e-01,-2.085662484169006348e-01,4.279453456401824951e-01,7.087648659944534302e-02,1.170430779457092285e-01,2.268377244472503662e-01,-9.893072396516799927e-02,6.934207677841186523e-02,-3.009138405323028564e-01,3.287414312362670898e-01,-4.953818321228027344e-01,1.465335369110107422e+00,2.109683901071548462e-01,-6.937479227781295776e-02,1.570384763181209564e-02,0.000000000000000000e+00,0.000000000000000000e+00,0.000000000000000000e+00,0.000000000000000000e+00,0.000000000000000000e+00,0.000000000000000000e+00,0.000000000000000000e+00,-4.952684938907623291e-01,-4.003898203372955322e-01,7.201392054557800293e-01,1.193160414695739746e+00,-1.637755483388900757e-01,-5.942543223500251770e-02,7.589180767536163330e-02,0.000000000000000000e+00,0.000000000000000000e+00,0.000000000000000000e+00,0.000000000000000000e+00,0.000000000000000000e+00,0.000000000000000000e+00,0.000000000000000000e+00
-1.335200667381286621e-01,-1.364313662052154541e-01,7.804007530212402344e-01,-1.417990867048501968e-02,5.271650850772857666e-02,4.552134573459625244e-01,8.887072801589965820e-01,-2.178117781877517700e-01,1.839360920712351799e-04,5.907131731510162354e-02,3.209373652935028076e-01,-3.223316371440887451e-01,1.390139311552047729e-01,3.908565267920494080e-02,-1.933881789445877075e-01,-2.068762630224227905e-01,5.541624426841735840e-01,6.173579394817352295e-02,1.086200326681137085e-01,1.942330747842788696e-01,-7.058797031641006470e-02,8.150325715541839600e-02,-1.543792784214019775e-01,3.637986183166503906e-01,-4.433968365192413330e-01,1.486706614494323730e+00,2.317096441984176636e-01,-6.272444874048233032e-02,-3.443216159939765930e-02,0.000000000000000000e+00,0.000000000000000000e+00,0.000000000000000000e+00,0.000000000000000000e+00,0.000000000000000000e+00,0.000000000000000000e+00,0.000000000000000000e+00,-3.520130813121795654e-01,-3.809770047664642334e-01,6.834563016891479492e-01,1.166896462440490723e+00,-1.582813113927841187e-01,-4.992393404245376587e-02,1.096725165843963623e-01,0.000000000000000000e+00,0.000000000000000000e+00,0.000000000000000000e+00,0.000000000000000000e+00,0.000000000000000000e+00,0.000000000000000000e+00,0.000000000000000000e+00
-1.326527148485183716e-01,-1.260508298873901367e-01,7.827673554420471191e-01,-1.844899915158748627e-02,4.338734596967697144e-02,4.617419540882110596e-01,8.857604265213012695e-01,-1.923011243343353271e-01,6.505175959318876266e-03,4.760129749774932861e-02,3.214739263057708740e-01,-3.267480731010437012e-01,1.381907314062118530e-01,-1.682296395301818848e-02,-1.915926635265350342e-01,-2.123472243547439575e-01,6.666547060012817383e-01,2.338803373277187347e-02,8.265168219804763794e-02,1.686737984418869019e-01,-4.178250953555107117e-02,9.149230271577835083e-02,-3.287729574367403984e-03,3.965956568717956543e-01,-4.334670305252075195e-01,1.490172624588012695e+00,2.981842160224914551e-01,-5.231100693345069885e-02,-1.243921518325805664e-01,0.000000000000000000e+00,0.000000000000000000e+00,0.000000000000000000e+00,0.000000000000000000e+00,0.000000000000000000e+00,0.000000000000000000e+00,0.000000000000000000e+00,-2.202417254447937012e-01,-3.778307139873504639e-01,6.512356996536254883e-01,1.113071799278259277e+00,-1.711627840995788574e-01,-4.139941558241844177e-02,1.585474163293838501e-01,0.000000000000000000e+00,0.000000000000000000e+00,0.000000000000000000e+00,0.000000000000000000e+00,0.000000000000000000e+00,0.000000000000000000e+00,0.000000000000000000e+00
-1.319146752357482910e-01,-1.172276809811592102e-01,7.844026684761047363e-01,-2.153509855270385742e-02,3.732221946120262146e-02,4.673199057579040527e-01,8.830376267433166504e-01,-1.764801591634750366e-01,9.486470371484756470e-03,3.919106349349021912e-02,3.275570273399353027e-01,-3.287656307220458984e-01,1.359681785106658936e-01,-5.476913228631019592e-02,-1.933979392051696777e-01,-2.125068455934524536e-01,7.236034274101257324e-01,-8.405779488384723663e-03,7.199961692094802856e-02,1.475225687026977539e-01,-2.001019194722175598e-02,1.025530174374580383e-01,1.086416095495223999e-01,4.376433193683624268e-01,-4.070535898208618164e-01,1.487107992172241211e+00,3.329479098320007324e-01,-4.987513646483421326e-02,-1.896581351757049561e-01,0.000000000000000000e+00,0.000000000000000000e+00,0.000000000000000000e+00,0.000000000000000000e+00,0.000000000000000000e+00,0.000000000000000000e+00,0.000000000000000000e+00,-1.176591590046882629e-01,-3.814048469066619873e-01,6.249149441719055176e-01,1.059210777282714844e+00,-1.789599210023880005e-01,-3.826928883790969849e-02,2.013904303312301636e-01,0.000000000000000000e+00,0.000000000000000000e+00,0.000000000000000000e+00,0.000000000000000000e+00,0.000000000000000000e+00,0.000000000000000000e+00,0.000000000000000000e+00
-1.313073635101318359e-01,-1.099642142653465271e-01,7.862998247146606445e-01,-2.420287206768989563e-02,3.237157687544822693e-02,4.738528132438659668e-01,8.796759843826293945e-01,-1.562845706939697266e-01,9.576180949807167053e-03,2.377631142735481262e-02,3.157399594783782959e-01,-3.253282010555267334e-01,1.336452364921569824e-01,-7.818114757537841797e-02,-1.882017552852630615e-01,-2.180739343166351318e-01,7.447543144226074219e-01,-2.258583344519138336e-02,6.476505100727081299e-02,1.309990286827087402e-01,-2.151460619643330574e-03,1.124166399240493774e-01,1.915239244699478149e-01,4.714525341987609863e-01,-3.848308622837066650e-01,1.472027659416198730e+00,3.623097836971282959e-01,-5.145259201526641846e-02,-2.281994670629501343e-01,0.000000000000000000e+00,0.000000000000000000e+00,0.000000000000000000e+00,0.000000000000000000e+00,0.000000000000000000e+00,0.000000000000000000e+00,0.000000000000000000e+00,-4.961357265710830688e-02,-3.876929879188537598e-01,6.133257150650024414e-01,1.007138013839721680e+00,-1.988262236118316650e-01,-4.077706858515739441e-02,2.234209626913070679e-01,0.000000000000000000e+00,0.000000000000000000e+00,0.000000000000000000e+00,0.000000000000000000e+00,0.000000000000000000e+00,0.000000000000000000e+00,0.000000000000000000e+00
-1.308827847242355347e-01,-1.042457818984985352e-01,7.871597409248352051e-01,-2.362127043306827545e-02,2.832451090216636658e-02,4.792493581771850586e-01,8.769035339355468750e-01,-1.309075653553009033e-01,4.265715833753347397e-03,1.220189221203327179e-02,2.937040030956268311e-01,-3.246181011199951172e-01,1.357147991657257080e-01,-1.010057628154754639e-01,-1.892668753862380981e-01,-2.290727049112319946e-01,7.489496469497680664e-01,-2.989369630813598633e-02,5.700301751494407654e-02,1.176745072007179260e-01,1.082047354429960251e-02,1.235982030630111694e-01,2.579706907272338867e-01,4.954736232757568359e-01,-3.677045702934265137e-01,1.454224467277526855e+00,3.876729011535644531e-01,-4.738599061965942383e-02,-2.644175291061401367e-01,0.000000000000000000e+00,0.000000000000000000e+00,0.000000000000000000e+00,0.000000000000000000e+00,0.000000000000000000e+00,0.000000000000000000e+00,0.000000000000000000e+00,-4.447427578270435333e-03,-3.907787501811981201e-01,6.051132678985595703e-01,9.673420786857604980e-01,-2.179669588804244995e-01,-3.644627705216407776e-02,2.433011531829833984e-01,0.000000000000000000e+00,0.000000000000000000e+00,0.000000000000000000e+00,0.000000000000000000e+00,0.000000000000000000e+00,0.000000000000000000e+00,0.000000000000000000e+00
