-9.045671671628952026e-03,-3.010354004800319672e-02,7.766215801239013672e-01,1.425431389361619949e-02,1.421086210757493973e-02,7.438345551490783691e-01,6.680606603622436523e-01,1.053796038031578064e-01,1.529664695262908936e-01,7.238242030143737793e-02,2.202007621526718140e-01,-3.416424691677093506e-01,3.278404846787452698e-02,-3.036257624626159668e-01,-1.941707730293273926e-01,6.259445846080780029e-02,2.513357400894165039e-01,-7.306203991174697876e-02,1.608069092035293579e-01,-2.457250952720642090e-01,2.125815115869045258e-02,3.044889271259307861e-01,-6.836336851119995117e-01,3.180393576622009277e-01,-7.192518711090087891e-01,5.967279076576232910e-01,2.475295364856719971e-01,-1.176996156573295593e-01,2.217708081007003784e-01,0.000000000000000000e+00,0.000000000000000000e+00,0.000000000000000000e+00,0.000000000000000000e+00,0.000000000000000000e+00,0.000000000000000000e+00,0.000000000000000000e+00,-6.287529468536376953e-01,-6.508435010910034180e-01,7.509729266166687012e-01,5.685910210013389587e-02,-3.728289902210235596e-01,-1.005640923976898193e-01,-2.098894566297531128e-01,0.000000000000000000e+00,0.000000000000000000e+00,0.000000000000000000e+00,0.000000000000000000e+00,0.000000000000000000e+00,0.000000000000000000e+00,0.000000000000000000e+00
-1.319084037095308304e-02,-3.381609916687011719e-02,7.749086022377014160e-01,1.509583555161952972e-02,1.150832977145910263e-02,7.438466548919677734e-01,6.680806875228881836e-01,1.082547754049301147e-01,1.474755704402923584e-01,7.881334424018859863e-02,2.163435369729995728e-01,-3.625311553478240967e-01,4.607487469911575317e-02,-3.037241101264953613e-01,-1.959731131792068481e-01,7.206449657678604126e-02,2.508377134799957275e-01,-6.882937997579574585e-02,1.678469330072402954e-01,-2.554824650287628174e-01,2.608345262706279755e-02,3.120114207267761230e-01,-6.996065378189086914e-01,3.061932027339935303e-01,-7.091279029846191406e-01,6.197845935821533203e-01,2.319848537445068359e-01,-1.321851313114166260e-01,2.321968376636505127e-01,0.000000000000000000e+00,0.000000000000000000e+00,0.000000000000000000e+00,0.000000000000000000e+00,0.000000000000000000e+00,0.000000000000000000e+00,0.000000000000000000e+00,-6.376564502716064453e-01,-6.519107222557067871e-01,7.556103467941284180e-01,7.360272109508514404e-02,-3.635287582874298096e-01,-1.020085215568542480e-01,-2.158091068267822266e-01,0.000000000000000000e+00,0.000000000000000000e+00,0.000000000000000000e+00,0.000000000000000000e+00,0.000000000000000000e+00,0.000000000000000000e+00,0.000000000000000000e+00
-1.750152558088302612e-02,-3.822446241974830627e-02,7.738903164863586426e-01,1.722157374024391174e-02,8.986955508589744568e-03,7.413634657859802246e-01,6.708225011825561523e-01,1.153713613748550415e-01,1.416395306587219238e-01,9.485251456499099731e-02,2.101578116416931152e-01,-3.776465058326721191e-01,5.796625092625617981e-02,-3.042275607585906982e-01,-1.983846575021743774e-01,7.965379208326339722e-02,2.487985938787460327e-01,-5.831156671047210693e-02,1.804227232933044434e-01,-2.575865089893341064e-01,2.476893179118633270e-02,3.135392963886260986e-01,-7.054307460784912109e-01,3.150103390216827393e-01,-6.954810619354248047e-01,6.163126826286315918e-01,2.147672474384307861e-01,-1.361734122037887573e-01,2.444463074207305908e-01,0.000000000000000000e+00,0.000000000000000000e+00,0.000000000000000000e+00,0.000000000000000000e+00,0.000000000000000000e+00,0.000000000000000000e+00,0.000000000000000000e+00,-6.396179795265197754e-01,-6.523171663284301758e-01,7.563308477401733398e-01,7.948300987482070923e-02,-3.530375957489013672e-01,-9.950421005487442017e-02,-2.161945998668670654e-01,0.000000000000000000e+00,0.000000000000000000e+00,0.000000000000000000e+00,0.000000000000000000e+00,0.000000000000000000e+00,0.000000000000000000e+00,0.000000000000000000e+00
-2.170981839299201965e-02,-4.300322011113166809e-02,7.735542654991149902e-01,2.022383362054824829e-02,7.020692341029644012e-03,7.376562356948852539e-01,6.748370528221130371e-01,1.244400367140769958e-01,1.350871026515960693e-01,1.201555952429771423e-01,2.022634893655776978e-01,-3.847450017929077148e-01,6.942863762378692627e-02,-3.056014776229858398e-01,-2.039473801851272583e-01,7.917803525924682617e-02,2.471031397581100464e-01,-4.313617572188377380e-02,1.995543837547302246e-01,-2.549507021903991699e-01,1.951205730438232422e-02,3.120960891246795654e-01,-7.171071171760559082e-01,3.359373211860656738e-01,-6.680922508239746094e-01,6.018120050430297852e-01,2.023231089115142822e-01,-1.320551335811614990e-01,2.707382440567016602e-01,0.000000000000000000e+00,0.000000000000000000e+00,0.000000000000000000e+00,0.000000000000000000e+00,0.000000000000000000e+00,0.000000000000000000e+00,0.000000000000000000e+00,-6.415015459060668945e-01,-6.471630334854125977e-01,7.495242953300476074e-01,8.358243852853775024e-02,-3.483611345291137695e-01,-9.200273454189300537e-02,-2.239165157079696655e-01,0.000000000000000000e+00,0.000000000000000000e+00,0.000000000000000000e+00,0.000000000000000000e+00,0.000000000000000000e+00,0.000000000000000000e+00,0.000000000000000000e+00
-2.553406730294227600e-02,-4.789346083998680115e-02,7.743402719497680664e-01,2.328419126570224762e-02,3.811161732301115990e-03,7.345558404922485352e-01,6.781378984451293945e-01,1.338160336017608643e-01,1.309625804424285889e-01,1.424346119165420532e-01,1.960228085517883301e-01,-3.828839361667633057e-01,7.721246778964996338e-02,-3.022111058235168457e-01,-2.099224776029586792e-01,7.663198560476303101e-02,2.466367185115814209e-01,-2.765082195401191711e-02,2.154698073863983154e-01,-2.511593103408813477e-01,1.445372123271226883e-02,3.075488805770874023e-01,-7.385386228561401367e-01,3.615521788597106934e-01,-6.405526399612426758e-01,5.843459367752075195e-01,1.772945225238800049e-01,-1.224387660622596741e-01,2.925497591495513916e-01,0.000000000000000000e+00,0.000000000000000000e+00,0.000000000000000000e+00,0.000000000000000000e+00,0.000000000000000000e+00,0.000000000000000000e+00,0.000000000000000000e+00,-6.451596617698669434e-01,-6.364602446556091309e-01,7.389171719551086426e-01,9.534607082605361938e-02,-3.406452238559722900e-01,-7.659380882978439331e-02,-2.282328456640243530e-01,0.000000000000000000e+00,0.000000000000000000e+00,0.000000000000000000e+00,0.000000000000000000e+00,0.000000000000000000e+00,0.000000000000000000e+00,0.000000000000000000e+00
-2.879539877176284790e-02,-5.261853337287902832e-02,7.754416465759277344e-01,2.433536201715469360e-02,1.288724248297512531e-03,7.309643030166625977e-01,6.819804310798645020e-01,1.425310671329498291e-01,1.294329017400741577e-01,1.656128913164138794e-01,1.834458261728286743e-01,-3.779016733169555664e-01,7.925888150930404663e-02,-2.973571717739105225e-01,-2.174584567546844482e-01,6.396199762821197510e-02,2.437870949506759644e-01,-1.761146634817123413e-02,2.252537310123443604e-01,-2.431255578994750977e-01,1.167186815291643143e-02,2.965248525142669678e-01,-7.689546346664428711e-01,3.932448029518127441e-01,-6.177756190299987793e-01,5.592059493064880371e-01,1.490878611803054810e-01,-1.134608015418052673e-01,3.154452145099639893e-01,0.000000000000000000e+00,0.000000000000000000e+00,0.000000000000000000e+00,0.000000000000000000e+00,0.000000000000000000e+00,0.000000000000000000e+00,0.000000000000000000e+00,-6.539685726165771484e-01,-6.235297918319702148e-01,7.354320883750915527e-01,1.138179451227188110e-01,-3.366588354110717773e-01,-6.047319248318672180e-02,-2.359033972024917603e-01,0.000000000000000000e+00,0.000000000000000000e+00,0.000000000000000000e+00,0.000000000000000000e+00,0.000000000000000000e+00,0.000000000000000000e+00,0.000000000000000000e+00
-3.143411874771118164e-02,-5.710053443908691406e-02,7.766950130462646484e-01,2.459609322249889374e-02,-1.322273397818207741e-03,7.262522578239440918e-01,6.869868636131286621e-01,1.530377417802810669e-01,1.299529820680618286e-01,1.896323263645172119e-01,1.669067293405532837e-01,-3.705032467842102051e-01,7.500166445970535278e-02,-2.875003516674041748e-01,-2.253380715847015381e-01,3.657369315624237061e-02,2.478646188974380493e-01,-2.092684619128704071e-02,2.213018536567687988e-01,-2.337253689765930176e-01,1.078167837113142014e-02,2.817966938018798828e-01,-8.042656779289245605e-01,4.189956486225128174e-01,-5.841053724288940430e-01,5.335153341293334961e-01,1.137331202626228333e-01,-1.073912754654884338e-01,3.450232148170471191e-01,0.000000000000000000e+00,0.000000000000000000e+00,0.000000000000000000e+00,0.000000000000000000e+00,0.000000000000000000e+00,0.000000000000000000e+00,0.000000000000000000e+00,-6.692612767219543457e-01,-6.046588420867919922e-01,7.375949621200561523e-01,1.307873725891113281e-01,-3.363069295883178711e-01,-4.800933972001075745e-02,-2.401778697967529297e-01,0.000000000000000000e+00,0.000000000000000000e+00,0.000000000000000000e+00,0.000000000000000000e+00,0.000000000000000000e+00,0.000000000000000000e+00,0.000000000000000000e+00
-3.327485918998718262e-02,-6.103995442390441895e-02,7.779221534729003906e-01,2.583736553788185120e-02,-3.390964120626449585e-03,7.218272686004638672e-01,6.915825009346008301e-01,1.636686027050018311e-01,1.285897493362426758e-01,2.095190733671188354e-01,1.517507135868072510e-01,-3.597413003444671631e-01,7.123728096485137939e-02,-2.730738818645477295e-01,-2.334487289190292358e-01,5.036821123212575912e-03,2.515654861927032471e-01,-2.778915315866470337e-02,2.149232476949691772e-01,-2.204064130783081055e-01,9.242027066648006439e-03,2.682526111602783203e-01,-8.478678464889526367e-01,4.426210522651672363e-01,-5.554713606834411621e-01,5.026765465736389160e-01,8.263953030109405518e-02,-1.046552732586860657e-01,3.687651753425598145e-01,0.000000000000000000e+00,0.000000000000000000e+00,0.000000000000000000e+00,0.000000000000000000e+00,0.000000000000000000e+00,0.000000000000000000e+00,0.000000000000000000e+00,-6.888550519943237305e-01,-5.865414738655090332e-01,7.454194426536560059e-01,1.476482003927230835e-01,-3.361204862594604492e-01,-3.870498389005661011e-02,-2.380159497261047363e-01,0.000000000000000000e+00,0.000000000000000000e+00,0.000000000000000000e+00,0.000000000000000000e+00,0.000000000000000000e+00,0.000000000000000000e+00,0.000000000000000000e+00
-3.438254445791244507e-02,-6.423715502023696899e-02,7.782842516899108887e-01,2.923797070980072021e-02,-5.241165868937969208e-03,7.174952626228332520e-01,6.959297657012939453e-01,1.763880103826522827e-01,1.242089420557022095e-01,2.254357635974884033e-01,1.408675163984298706e-01,-3.530749678611755371e-01,6.891567260026931763e-02,-2.560829520225524902e-01,-2.397745996713638306e-01,-1.716769300401210785e-02,2.484750002622604370e-01,-3.571873158216476440e-02,2.066864520311355591e-01,-2.080457061529159546e-01,5.383206065744161606e-03,2.533602118492126465e-01,-8.938842415809631348e-01,4.663628935813903809e-01,-5.191068649291992188e-01,4.676777422428131104e-01,4.308294504880905151e-02,-1.026803702116012573e-01,3.930122554302215576e-01,0.000000000000000000e+00,0.000000000000000000e+00,0.000000000000000000e+00,0.000000000000000000e+00,0.000000000000000000e+00,0.000000000000000000e+00,0.000000000000000000e+00,-7.090979218482971191e-01,-5.685756206512451172e-01,7.547481060028076172e-01,1.657496541738510132e-01,-3.277606666088104248e-01,-3.015356324613094330e-02,-2.260893881320953369e-01,0.000000000000000000e+00,0.000000000000000000e+00,0.000000000000000000e+00,0.000000000000000000e+00,0.000000000000000000e+00,0.000000000000000000e+00,0.000000000000000000e+00
-3.491860255599021912e-02,-6.670393794775009155e-02,7.781482934951782227e-01,3.276240825653076172e-02,-6.527450401335954666e-03,7.143005132675170898e-01,6.990413069725036621e-01,1.897667646408081055e-01,1.192835941910743713e-01,2.391527295112609863e-01,1.271272599697113037e-01,-3.477838635444641113e-01,5.953410267829895020e-02,-2.372447252273559570e-01,-2.442587763071060181e-01,-3.212570026516914368e-02,2.372557222843170166e-01,-4.319295287132263184e-02,2.032930105924606323e-01,-1.991925686597824097e-01,2.515035448595881462e-03,2.361425906419754028e-01,-9.540753960609436035e-01,4.854084849357604980e-01,-4.912447929382324219e-01,4.211554229259490967e-01,7.478049024939537048e-03,-1.067074164748191833e-01,4.038142263889312744e-01,0.000000000000000000e+00,0.000000000000000000e+00,0.000000000000000000e+00,0.000000000000000000e+00,0.000000000000000000e+00,0.000000000000000000e+00,0.000000000000000000e+00,-7.316924929618835449e-01,-5.554916858673095703e-01,7.675654292106628418e-01,1.725310385227203369e-01,-3.233952820301055908e-01,-2.147125639021396637e-02,-2.051082402467727661e-01,0.000000000000000000e+00,0.000000000000000000e+00,0.000000000000000000e+00,0.000000000000000000e+00,0.000000000000000000e+00,0.000000000000000000e+00,0.000000000000000000e+00
-3.506515175104141235e-02,-6.835246831178665161e-02,7.778785228729248047e-01,3.730469197034835815e-02,-8.281797170639038086e-03,7.116525769233703613e-01,7.014915347099304199e-01,2.023389488458633423e-01,1.146347746253013611e-01,2.487941533327102661e-01,1.211482882499694824e-01,-3.427533209323883057e-01,5.141687393188476562e-02,-2.194777876138687134e-01,-2.475338429212570190e-01,-4.055835306644439697e-02,2.275675982236862183e-01,-5.044710263609886169e-02,1.967445462942123413e-01,-1.918134540319442749e-01,-3.690308658406138420e-04,2.195208817720413208e-01,-1.013625741004943848e+00,5.076847672462463379e-01,-4.585339128971099854e-01,3.707108497619628906e-01,-7.677895016968250275e-03,-1.071426048874855042e-01,4.250571131706237793e-01,0.000000000000000000e+00,0.000000000000000000e+00,0.000000000000000000e+00,0.000000000000000000e+00,0.000000000000000000e+00,0.000000000000000000e+00,0.000000000000000000e+00,-7.521026134490966797e-01,-5.378844141960144043e-01,7.728559374809265137e-01,1.797832995653152466e-01,-3.162654638290405273e-01,-9.279075078666210175e-03,-1.889357268810272217e-01,0.000000000000000000e+00,0.000000000000000000e+00,0.000000000000000000e+00,0.000000000000000000e+00,0.000000000000000000e+00,0.000000000000000000e+00,0.000000000000000000e+00
-3.500748425722122192e-02,-6.926624476909637451e-02,7.778363823890686035e-01,4.038099572062492371e-02,-9.978365153074264526e-03,7.099866271018981934e-01,7.029856443405151367e-01,2.132409065961837769e-01,1.121926456689834595e-01,2.561637461185455322e-01,1.143482625484466553e-01,-3.379480242729187012e-01,4.624121636152267456e-02,-2.029789537191390991e-01,-2.478488981723785400e-01,-4.343299195170402527e-02,2.120514512062072754e-01,-5.291856825351715088e-02,1.929360032081604004e-01,-1.868653595447540283e-01,-4.130970686674118042e-03,2.033471167087554932e-01,-1.069816470146179199e+00,5.310839414596557617e-01,-4.301270246505737305e-01,3.237296640872955322e-01,-1.590570993721485138e-02,-1.063376441597938538e-01,4.443313777446746826e-01,0.000000000000000000e+00,0.000000000000000000e+00,0.000000000000000000e+00,0.000000000000000000e+00,0.000000000000000000e+00,0.000000000000000000e+00,0.000000000000000000e+00,-7.735248804092407227e-01,-5.287235975265502930e-01,7.769488096237182617e-01,1.749959290027618408e-01,-3.113740980625152588e-01,-1.112809521146118641e-03,-1.705720871686935425e-01,0.000000000000000000e+00,0.000000000000000000e+00,0.000000000000000000e+00,0.000000000000000000e+00,0.000000000000000000e+00,0.000000000000000000e+00,0.000000000000000000e+00
-3.493081778287887573e-02,-6.948567926883697510e-02,7.776879072189331055e-01,4.287798702716827393e-02,-1.082143094390630722e-02,7.088661193847656250e-01,7.039554119110107422e-01,2.245876044034957886e-01,1.084162592887878418e-01,2.609873712062835693e-01,1.030501946806907654e-01,-3.334073126316070557e-01,3.810465708374977112e-02,-1.863279193639755249e-01,-2.495181113481521606e-01,-4.906632751226425171e-02,1.913764029741287231e-01,-5.651465430855751038e-02,1.934870928525924683e-01,-1.847434341907501221e-01,-6.210897583514451981e-03,1.826056092977523804e-01,-1.149824023246765137e+00,5.426955223083496094e-01,-3.953226804733276367e-01,2.676135003566741943e-01,-8.415959775447845459e-03,-1.038413047790527344e-01,4.814310371875762939e-01,0.000000000000000000e+00,0.000000000000000000e+00,0.000000000000000000e+00,0.000000000000000000e+00,0.000000000000000000e+00,0.000000000000000000e+00,0.000000000000000000e+00,-7.969217896461486816e-01,-5.222864151000976562e-01,7.845200300216674805e-01,1.614780724048614502e-01,-3.152344524860382080e-01,2.433564048260450363e-03,-1.445957273244857788e-01,0.000000000000000000e+00,0.000000000000000000e+00,0.000000000000000000e+00,0.000000000000000000e+00,0.000000000000000000e+00,0.000000000000000000e+00,0.000000000000000000e+00
-3.499429300427436829e-02,-6.909837573766708374e-02,7.778596282005310059e-01,4.573403298854827881e-02,-1.267676427960395813e-02,7.070050835609436035e-01,7.056142687797546387e-01,2.350693941116333008e-01,1.061560511589050293e-01,2.627197206020355225e-01,1.002988740801811218e-01,-3.276132047176361084e-01,3.592398762702941895e-02,-1.716086268424987793e-01,-2.489564120769500732e-01,-4.832817986607551575e-02,1.775460094213485718e-01,-5.717044696211814880e-02,1.908669024705886841e-01,-1.803688555955886841e-01,-7.412744220346212387e-03,1.669602245092391968e-01,-1.205344319343566895e+00,5.662633776664733887e-01,-3.747923374176025391e-01,2.324087172746658325e-01,7.416202686727046967e-03,-9.698604792356491089e-02,5.029122233390808105e-01,0.000000000000000000e+00,0.000000000000000000e+00,0.000000000000000000e+00,0.000000000000000000e+00,0.000000000000000000e+00,0.000000000000000000e+00,0.000000000000000000e+00,-8.166810870170593262e-01,-5.211998224258422852e-01,7.824925184249877930e-01,1.465824991464614868e-01,-3.142748177051544189e-01,3.063345793634653091e-03,-1.307765245437622070e-01,0.000000000000000000e+00,0.000000000000000000e+00,0.000000000000000000e+00,0.000000000000000000e+00,0.000000000000000000e+00,0.000000000000000000e+00,0.000000000000000000e+00
-3.521396964788436890e-02,-6.807205826044082642e-02,7.778922319412231445e-01,4.725458100438117981e-02,-1.389823481440544128e-02,7.044919133186340332e-01,7.080006599426269531e-01,2.440975159406661987e-01,1.047754734754562378e-01,2.668500542640686035e-01,9.764753282070159912e-02,-3.249196410179138184e-01,3.390481323003768921e-02,-1.602151095867156982e-01,-2.468185722827911377e-01,-4.627447947859764099e-02,1.639348268508911133e-01,-5.829121544957160950e-02,1.903825849294662476e-01,-1.826135367155075073e-01,-6.496154703199863434e-03,1.549204289913177490e-01,-1.250419378280639648e+00,5.885235667228698730e-01,-3.616743385791778564e-01,2.086699903011322021e-01,1.561076752841472626e-02,-9.045556187629699707e-02,5.318665504455566406e-01,0.000000000000000000e+00,0.000000000000000000e+00,0.000000000000000000e+00,0.000000000000000000e+00,0.000000000000000000e+00,0.000000000000000000e+00,0.000000000000000000e+00,-8.353282213211059570e-01,-5.122151970863342285e-01,7.771748304367065430e-01,1.320405006408691406e-01,-2.978376448154449463e-01,1.927797333337366581e-03,-1.327829062938690186e-01,0.000000000000000000e+00,0.000000000000000000e+00,0.000000000000000000e+00,0.000000000000000000e+00,0.000000000000000000e+00,0.000000000000000000e+00,0.000000000000000000e+00
-3.557110205292701721e-02,-6.651574373245239258e-02,7.779628634452819824e-01,4.889394715428352356e-02,-1.523997168987989426e-02,7.024208307266235352e-01,7.099169492721557617e-01,2.533611953258514404e-01,1.037180498242378235e-01,2.732907831668853760e-01,9.659643471240997314e-02,-3.224862813949584961e-01,3.150415420532226562e-02,-1.487516313791275024e-01,-2.456950694322586060e-01,-4.511505737900733948e-02,1.529501974582672119e-01,-5.993334949016571045e-02,1.892778128385543823e-01,-1.859993040561676025e-01,-5.884469486773014069e-03,1.420998871326446533e-01,-1.292396903038024902e+00,6.100211739540100098e-01,-3.580505847930908203e-01,1.916931867599487305e-01,3.221187740564346313e-02,-8.463946729898452759e-02,5.486569404602050781e-01,0.000000000000000000e+00,0.000000000000000000e+00,0.000000000000000000e+00,0.000000000000000000e+00,0.000000000000000000e+00,0.000000000000000000e+00,0.000000000000000000e+00,-8.552058339118957520e-01,-5.080829262733459473e-01,7.747348546981811523e-01,1.150956526398658752e-01,-2.912977933883666992e-01,4.398803284857422113e-04,-1.319294273853302002e-01,0.000000000000000000e+00,0.000000000000000000e+00,0.000000000000000000e+00,0.000000000000000000e+00,0.000000000000000000e+00,0.000000000000000000e+00,0.000000000000000000e+00
-3.609202802181243896e-02,-6.450191140174865723e-02,7.783117294311523438e-01,4.949277266860008240e-02,-1.629366353154182434e-02,7.011098861694335938e-01,7.111468911170959473e-01,2.615347802639007568e-01,1.032172441482543945e-01,2.772970497608184814e-01,9.331507235765457153e-02,-3.176957070827484131e-01,2.753607928752899170e-02,-1.375538855791091919e-01,-2.440774142742156982e-01,-4.414383694529533386e-02,1.412732154130935669e-01,-5.995668098330497742e-02,1.886658370494842529e-01,-1.908733546733856201e-01,-3.260191297158598900e-03,1.303621530532836914e-01,-1.328609228134155273e+00,6.248422265052795410e-01,-3.677454888820648193e-01,1.794453561305999756e-01,4.903435707092285156e-02,-7.990083843469619751e-02,5.497509241104125977e-01,0.000000000000000000e+00,0.000000000000000000e+00,0.000000000000000000e+00,0.000000000000000000e+00,0.000000000000000000e+00,0.000000000000000000e+00,0.000000000000000000e+00,-8.731702566146850586e-01,-5.043479800224304199e-01,7.717210054397583008e-01,9.981045126914978027e-02,-2.804198861122131348e-01,8.731508860364556313e-04,-1.325380802154541016e-01,0.000000000000000000e+00,0.000000000000000000e+00,0.000000000000000000e+00,0.000000000000000000e+00,0.000000000000000000e+00,0.000000000000000000e+00,0.000000000000000000e+00
-3.676509112119674683e-02,-6.222897395491600037e-02,7.787805795669555664e-01,5.083521082997322083e-02,-1.787707582116127014e-02,6.990479826927185059e-01,7.130414247512817383e-01,2.711521387100219727e-01,1.026882752776145935e-01,2.848298549652099609e-01,9.322433918714523315e-02,-3.115658760070800781e-01,2.614733204245567322e-02,-1.268097609281539917e-01,-2.425871491432189941e-01,-4.194851964712142944e-02,1.337853074073791504e-01,-6.022256240248680115e-02,1.887742727994918823e-01,-1.967892497777938843e-01,-3.359447233378887177e-03,1.190460100769996643e-01,-1.361315131187438965e+00,6.381540894508361816e-01,-3.787648975849151611e-01,1.732629239559173584e-01,7.446344941854476929e-02,-7.301183044910430908e-02,5.548639893531799316e-01,0.000000000000000000e+00,0.000000000000000000e+00,0.000000000000000000e+00,0.000000000000000000e+00,0.000000000000000000e+00,0.000000000000000000e+00,0.000000000000000000e+00,-8.873032331466674805e-01,-5.011790394783020020e-01,7.667180895805358887e-01,8.102295547723770142e-02,-2.724868059158325195e-01,2.056194003671407700e-03,-1.387493163347244263e-01,0.000000000000000000e+00,0.000000000000000000e+00,0.000000000000000000e+00,0.000000000000000000e+00,0.000000000000000000e+00,0.000000000000000000e+00,0.000000000000000000e+00
-3.757581114768981934e-02,-5.985288694500923157e-02,7.793998718261718750e-01,5.217287316918373108e-02,-1.959366351366043091e-02,6.974515914916992188e-01,7.144615650177001953e-01,2.812449038028717041e-01,1.020059064030647278e-01,2.915786206722259521e-01,9.189340472221374512e-02,-3.037529587745666504e-01,2.403732761740684509e-02,-1.160513162612915039e-01,-2.415901720523834229e-01,-4.003529995679855347e-02,1.278935074806213379e-01,-6.023134663701057434e-02,1.880091726779937744e-01,-2.024140357971191406e-01,-4.482686985284090042e-03,1.100582927465438843e-01,-1.385711908340454102e+00,6.438514590263366699e-01,-3.940180242061614990e-01,1.721929609775543213e-01,9.803993254899978638e-02,-6.456767022609710693e-02,5.564368963241577148e-01,0.000000000000000000e+00,0.000000000000000000e+00,0.000000000000000000e+00,0.000000000000000000e+00,0.000000000000000000e+00,0.000000000000000000e+00,0.000000000000000000e+00,-8.955358862876892090e-01,-4.989915192127227783e-01,7.615529894828796387e-01,6.181024014949798584e-02,-2.641947567462921143e-01,4.662333987653255463e-03,-1.469236612319946289e-01,0.000000000000000000e+00,0.000000000000000000e+00,0.000000000000000000e+00,0.000000000000000000e+00,0.000000000000000000e+00,0.000000000000000000e+00,0.000000000000000000e+00
-3.853582963347434998e-02,-5.750847980380058289e-02,7.799283862113952637e-01,5.224858224391937256e-02,-2.081591635942459106e-02,6.956037282943725586e-01,7.162207961082458496e-01,2.907253205776214600e-01,1.016170606017112732e-01,2.988620102405548096e-01,8.658756315708160400e-02,-2.977388501167297363e-01,2.111249417066574097e-02,-1.072038710117340088e-01,-2.393242418766021729e-01,-3.881399333477020264e-02,1.196209862828254700e-01,-5.849097296595573425e-02,1.910869032144546509e-01,-2.088027149438858032e-01,-5.313202273100614548e-03,1.006727814674377441e-01,-1.414338231086730957e+00,6.456754207611083984e-01,-4.147175550460815430e-01,1.725212931632995605e-01,1.230781003832817078e-01,-5.769043788313865662e-02,5.489404201507568359e-01,0.000000000000000000e+00,0.000000000000000000e+00,0.000000000000000000e+00,0.000000000000000000e+00,0.000000000000000000e+00,0.000000000000000000e+00,0.000000000000000000e+00,-9.033686518669128418e-01,-4.969092011451721191e-01,7.608761191368103027e-01,4.448144882917404175e-02,-2.531595528125762939e-01,5.269416607916355133e-03,-1.487506031990051270e-01,0.000000000000000000e+00,0.000000000000000000e+00,0.000000000000000000e+00,0.000000000000000000e+00,0.000000000000000000e+00,0.000000000000000000e+00,0.000000000000000000e+00
-3.958152234554290771e-02,-5.542467162013053894e-02,7.802547812461853027e-01,5.330538377165794373e-02,-2.232288569211959839e-02,6.932734251022338867e-01,7.183538079261779785e-01,3.010736703872680664e-01,9.997925907373428345e-02,3.057809770107269287e-01,8.321455866098403931e-02,-2.921376824378967285e-01,2.018996141850948334e-02,-9.875673800706863403e-02,-2.383420765399932861e-01,-3.763305768370628357e-02,1.140239685773849487e-01,-5.843144282698631287e-02,1.930350810289382935e-01,-2.144052237272262573e-01,-6.748026702553033829e-03,9.176544100046157837e-02,-1.439562082290649414e+00,6.442195177078247070e-01,-4.312466084957122803e-01,1.777892559766769409e-01,1.487506181001663208e-01,-4.911650344729423523e-02,5.396564602851867676e-01,0.000000000000000000e+00,0.000000000000000000e+00,0.000000000000000000e+00,0.000000000000000000e+00,0.000000000000000000e+00,0.000000000000000000e+00,0.000000000000000000e+00,-9.090328812599182129e-01,-4.951345622539520264e-01,7.590311169624328613e-01,3.062999062240123749e-02,-2.479271739721298218e-01,6.237959489226341248e-03,-1.457362323999404907e-01,0.000000000000000000e+00,0.000000000000000000e+00,0.000000000000000000e+00,0.000000000000000000e+00,0.000000000000000000e+00,0.000000000000000000e+00,0.000000000000000000e+00
-4.062699899077415466e-02,-5.365046113729476929e-02,7.804703712463378906e-01,5.430756881833076477e-02,-2.389352768659591675e-02,6.919491887092590332e-01,7.195040583610534668e-01,3.095763623714447021e-01,9.879079461097717285e-02,3.096802234649658203e-01,8.130223304033279419e-02,-2.887699306011199951e-01,1.879738830029964447e-02,-8.963068574666976929e-02,-2.380056679248809814e-01,-3.715087473392486572e-02,1.078943237662315369e-01,-5.856290087103843689e-02,1.922221183776855469e-01,-2.190493047237396240e-01,-7.758274208754301071e-03,8.389318734407424927e-02,-1.463161349296569824e+00,6.407933831214904785e-01,-4.514404237270355225e-01,1.863165199756622314e-01,1.726669520139694214e-01,-3.966898098587989807e-02,5.352947115898132324e-01,0.000000000000000000e+00,0.000000000000000000e+00,0.000000000000000000e+00,0.000000000000000000e+00,0.000000000000000000e+00,0.000000000000000000e+00,0.000000000000000000e+00,-9.120218157768249512e-01,-4.932748079299926758e-01,7.579677104949951172e-01,2.048243395984172821e-02,-2.431146353483200073e-01,7.088399957865476608e-03,-1.488437354564666748e-01,0.000000000000000000e+00,0.000000000000000000e+00,0.000000000000000000e+00,0.000000000000000000e+00,0.000000000000000000e+00,0.000000000000000000e+00,0.000000000000000000e+00
-4.162497073411941528e-02,-5.236484855413436890e-02,7.803516387939453125e-01,5.533797293901443481e-02,-2.577176131308078766e-02,6.908428668975830078e-01,7.204232215881347656e-01,3.176022768020629883e-01,9.821715950965881348e-02,3.132158219814300537e-01,7.998970150947570801e-02,-2.891932427883148193e-01,2.032235451042652130e-02,-8.161602914333343506e-02,-2.373067587614059448e-01,-3.530275449156761169e-02,1.032993718981742859e-01,-5.918643996119499207e-02,1.930839866399765015e-01,-2.231341004371643066e-01,-1.104157976806163788e-02,7.739257067441940308e-02,-1.486648678779602051e+00,6.373969316482543945e-01,-4.712014496326446533e-01,1.950052082538604736e-01,1.925345808267593384e-01,-3.237397596240043640e-02,5.297946929931640625e-01,0.000000000000000000e+00,0.000000000000000000e+00,0.000000000000000000e+00,0.000000000000000000e+00,0.000000000000000000e+00,0.000000000000000000e+00,0.000000000000000000e+00,-9.148047566413879395e-01,-4.927459359169006348e-01,7.593439817428588867e-01,1.071975659579038620e-02,-2.381546646356582642e-01,5.805606022477149963e-03,-1.470197290182113647e-01,0.000000000000000000e+00,0.000000000000000000e+00,0.000000000000000000e+00,0.000000000000000000e+00,0.000000000000000000e+00,0.000000000000000000e+00,0.000000000000000000e+00
-4.255109280347824097e-02,-5.157914757728576660e-02,7.802388072013854980e-01,5.685224384069442749e-02,-2.720236964523792267e-02,6.896862983703613281e-01,7.213602662086486816e-01,3.239716887474060059e-01,9.628773480653762817e-02,3.151650726795196533e-01,8.041589707136154175e-02,-2.890061736106872559e-01,2.180656231939792633e-02,-7.431244105100631714e-02,-2.380597144365310669e-01,-3.389632329344749451e-02,9.883402287960052490e-02,-6.037118285894393921e-02,1.938512176275253296e-01,-2.259943187236785889e-01,-1.400839444249868393e-02,7.001223415136337280e-02,-1.508457779884338379e+00,6.344476342201232910e-01,-4.913255274295806885e-01,2.088970839977264404e-01,2.129494845867156982e-01,-2.567606046795845032e-02,5.169220566749572754e-01,0.000000000000000000e+00,0.000000000000000000e+00,0.000000000000000000e+00,0.000000000000000000e+00,0.000000000000000000e+00,0.000000000000000000e+00,0.000000000000000000e+00,-9.179990887641906738e-01,-4.931943714618682861e-01,7.625434398651123047e-01,4.991556052118539810e-04,-2.370370328426361084e-01,3.511489368975162506e-03,-1.405467242002487183e-01,0.000000000000000000e+00,0.000000000000000000e+00,0.000000000000000000e+00,0.000000000000000000e+00,0.000000000000000000e+00,0.000000000000000000e+00,0.000000000000000000e+00
-4.344002902507781982e-02,-5.138148739933967590e-02,7.801591753959655762e-01,5.847534909844398499e-02,-2.815217338502407074e-02,6.890168190002441406e-01,7.218337655067443848e-01,3.282563090324401855e-01,9.353065490722656250e-02,3.146466612815856934e-01,8.093950152397155762e-02,-2.880110144615173340e-01,2.119451202452182770e-02,-6.923848390579223633e-02,-2.404452562332153320e-01,-3.541146218776702881e-02,9.662763029336929321e-02,-6.096134334802627563e-02,1.941231191158294678e-01,-2.265346497297286987e-01,-1.546428259462118149e-02,6.566999107599258423e-02,-1.520849823951721191e+00,6.289010047912597656e-01,-5.084573030471801758e-01,2.132532149553298950e-01,2.239310145378112793e-01,-2.476473711431026459e-02,5.047034025192260742e-01,0.000000000000000000e+00,0.000000000000000000e+00,0.000000000000000000e+00,0.000000000000000000e+00,0.000000000000000000e+00,0.000000000000000000e+00,0.000000000000000000e+00,-9.193367958068847656e-01,-4.924066364765167236e-01,7.627856135368347168e-01,-7.551856338977813721e-03,-2.386532872915267944e-01,4.528956487774848938e-03,-1.350143402814865112e-01,0.000000000000000000e+00,0.000000000000000000e+00,0.000000000000000000e+00,0.000000000000000000e+00,0.000000000000000000e+00,0.000000000000000000e+00,0.000000000000000000e+00
-4.430010542273521423e-02,-5.174998566508293152e-02,7.800793647766113281e-01,6.020515784621238708e-02,-2.932863868772983551e-02,6.885966062545776367e-01,7.220456004142761230e-01,3.322389721870422363e-01,9.104973077774047852e-02,3.137725889682769775e-01,8.111348003149032593e-02,-2.875387072563171387e-01,2.132763899862766266e-02,-6.531810760498046875e-02,-2.428350448608398438e-01,-3.751414641737937927e-02,9.648323059082031250e-02,-6.050719320774078369e-02,1.939731538295745850e-01,-2.258654981851577759e-01,-1.883194409310817719e-02,6.320788711309432983e-02,-1.523714780807495117e+00,6.235785484313964844e-01,-5.179542303085327148e-01,2.100788950920104980e-01,2.277205139398574829e-01,-2.796880155801773071e-02,4.957250952720642090e-01,0.000000000000000000e+00,0.000000000000000000e+00,0.000000000000000000e+00,0.000000000000000000e+00,0.000000000000000000e+00,0.000000000000000000e+00,0.000000000000000000e+00,-9.171863198280334473e-01,-4.913333058357238770e-01,7.610350847244262695e-01,-1.266840752214193344e-02,-2.363768517971038818e-01,3.696759231388568878e-03,-1.279540061950683594e-01,0.000000000000000000e+00,0.000000000000000000e+00,0.000000000000000000e+00,0.000000000000000000e+00,0.000000000000000000e+00,0.000000000000000000e+00,0.000000000000000000e+00
-4.519519209861755371e-02,-5.259857326745986938e-02,7.799180150032043457e-01,6.142861768603324890e-02,-3.076738305389881134e-02,6.889275312423706055e-01,7.215669155120849609e-01,3.345506191253662109e-01,8.991685509681701660e-02,3.107667565345764160e-01,8.164484798908233643e-02,-2.898132205009460449e-01,2.328027412295341492e-02,-6.314390897750854492e-02,-2.441791445016860962e-01,-3.737683221697807312e-02,9.882973134517669678e-02,-5.940128117799758911e-02,1.921888142824172974e-01,-2.253222912549972534e-01,-2.370706014335155487e-02,6.334637850522994995e-02,-1.517680406570434570e+00,6.214467287063598633e-01,-5.197785496711730957e-01,1.977650374174118042e-01,2.262799888849258423e-01,-3.159558400511741638e-02,4.914386570453643799e-01,0.000000000000000000e+00,0.000000000000000000e+00,0.000000000000000000e+00,0.000000000000000000e+00,0.000000000000000000e+00,0.000000000000000000e+00,0.000000000000000000e+00,-9.104288816452026367e-01,-4.914290010929107666e-01,7.553477287292480469e-01,-1.596876047551631927e-02,-2.346350699663162231e-01,2.777189249172806740e-03,-1.237032487988471985e-01,0.000000000000000000e+00,0.000000000000000000e+00,0.000000000000000000e+00,0.000000000000000000e+00,0.000000000000000000e+00,0.000000000000000000e+00,0.000000000000000000e+00
-4.615231230854988098e-02,-5.386220663785934448e-02,7.797688841819763184e-01,6.250612437725067139e-02,-3.167864307761192322e-02,6.888780593872070312e-01,7.214820981025695801e-01,3.356665074825286865e-01,8.805444091558456421e-02,3.096301555633544922e-01,8.175892382860183716e-02,-2.918188571929931641e-01,2.421883679926395416e-02,-6.254335492849349976e-02,-2.462528198957443237e-01,-4.009136557579040527e-02,1.002507209777832031e-01,-5.678778514266014099e-02,1.947714835405349731e-01,-2.223638594150543213e-01,-2.857664041221141815e-02,6.471639871597290039e-02,-1.506992697715759277e+00,6.202134490013122559e-01,-5.126044154167175293e-01,1.796499341726303101e-01,2.283520400524139404e-01,-3.259876370429992676e-02,4.946495890617370605e-01,0.000000000000000000e+00,0.000000000000000000e+00,0.000000000000000000e+00,0.000000000000000000e+00,0.000000000000000000e+00,0.000000000000000000e+00,0.000000000000000000e+00,-9.043073654174804688e-01,-4.929331541061401367e-01,7.526122927665710449e-01,-1.826322078704833984e-02,-2.358158081769943237e-01,3.505361033603549004e-03,-1.196240857243537903e-01,0.000000000000000000e+00,0.000000000000000000e+00,0.000000000000000000e+00,0.000000000000000000e+00,0.000000000000000000e+00,0.000000000000000000e+00,0.000000000000000000e+00
-4.719778895378112793e-02,-5.538797006011009216e-02,7.793501019477844238e-01,6.396742910146713257e-02,-3.304536640644073486e-02,6.898551583290100098e-01,7.203582525253295898e-01,3.360586464405059814e-01,8.660808205604553223e-02,3.055897653102874756e-01,8.418986201286315918e-02,-2.978364527225494385e-01,2.782287821173667908e-02,-6.185866519808769226e-02,-2.491766214370727539e-01,-4.199316725134849548e-02,1.048534139990806580e-01,-5.634965375065803528e-02,1.951391696929931641e-01,-2.190667539834976196e-01,-3.446736186742782593e-02,6.898970901966094971e-02,-1.491024374961853027e+00,6.140578985214233398e-01,-4.982505440711975098e-01,1.559121012687683105e-01,2.255195081233978271e-01,-3.482983633875846863e-02,5.103892087936401367e-01,0.000000000000000000e+00,0.000000000000000000e+00,0.000000000000000000e+00,0.000000000000000000e+00,0.000000000000000000e+00,0.000000000000000000e+00,0.000000000000000000e+00,-8.975797891616821289e-01,-4.988366663455963135e-01,7.513741254806518555e-01,-2.241004258394241333e-02,-2.444385439157485962e-01,4.137678537517786026e-03,-1.222798600792884827e-01,0.000000000000000000e+00,0.000000000000000000e+00,0.000000000000000000e+00,0.000000000000000000e+00,0.000000000000000000e+00,0.000000000000000000e+00,0.000000000000000000e+00
-4.840572550892829895e-02,-5.701588466763496399e-02,7.791365385055541992e-01,6.487558037042617798e-02,-3.407562896609306335e-02,6.904922723770141602e-01,7.196182608604431152e-01,3.359193205833435059e-01,8.499477058649063110e-02,3.024995923042297363e-01,8.470082283020019531e-02,-3.013583123683929443e-01,2.881561033427715302e-02,-6.089414283633232117e-02,-2.518256604671478271e-01,-4.662473872303962708e-02,1.056760326027870178e-01,-5.287179723381996155e-02,1.996053308248519897e-01,-2.141984850168228149e-01,-3.711966425180435181e-02,6.945992261171340942e-02,-1.479943275451660156e+00,6.163197755813598633e-01,-4.916309118270874023e-01,1.392185240983963013e-01,2.298801541328430176e-01,-3.359343484044075012e-02,5.160998106002807617e-01,0.000000000000000000e+00,0.000000000000000000e+00,0.000000000000000000e+00,0.000000000000000000e+00,0.000000000000000000e+00,0.000000000000000000e+00,0.000000000000000000e+00,-8.888953924179077148e-01,-5.028270483016967773e-01,7.493892312049865723e-01,-2.007150836288928986e-02,-2.465041130781173706e-01,3.344469238072633743e-03,-1.230420246720314026e-01,0.000000000000000000e+00,0.000000000000000000e+00,0.000000000000000000e+00,0.000000000000000000e+00,0.000000000000000000e+00,0.000000000000000000e+00,0.000000000000000000e+00
-4.972270876169204712e-02,-5.868183448910713196e-02,7.787532806396484375e-01,6.560063362121582031e-02,-3.512438014149665833e-02,6.914476156234741211e-01,7.185840606689453125e-01,3.362915813922882080e-01,8.343344181776046753e-02,3.001891374588012695e-01,8.332027494907379150e-02,-3.064906597137451172e-01,3.100881539285182953e-02,-5.983227863907814026e-02,-2.544941306114196777e-01,-5.061199888586997986e-02,1.057579666376113892e-01,-4.861409589648246765e-02,2.045014947652816772e-01,-2.100562304258346558e-01,-4.063587635755538940e-02,6.970233470201492310e-02,-1.472480416297912598e+00,6.168705224990844727e-01,-4.887216985225677490e-01,1.306492239236831665e-01,2.369936555624008179e-01,-3.088872507214546204e-02,5.189884305000305176e-01,0.000000000000000000e+00,0.000000000000000000e+00,0.000000000000000000e+00,0.000000000000000000e+00,0.000000000000000000e+00,0.000000000000000000e+00,0.000000000000000000e+00,-8.853158354759216309e-01,-5.074234604835510254e-01,7.520710229873657227e-01,-1.616351865231990814e-02,-2.499749809503555298e-01,3.604358527809381485e-03,-1.221077814698219299e-01,0.000000000000000000e+00,0.000000000000000000e+00,0.000000000000000000e+00,0.000000000000000000e+00,0.000000000000000000e+00,0.000000000000000000e+00,0.000000000000000000e+00
-5.117010697722434998e-02,-6.029968708753585815e-02,7.783751487731933594e-01,6.665227562189102173e-02,-3.600099682807922363e-02,6.920659542083740234e-01,7.178482413291931152e-01,3.368821442127227783e-01,8.066833764314651489e-02,2.968330681324005127e-01,8.237863332033157349e-02,-3.111482858657836914e-01,3.205601125955581665e-02,-5.928971990942955017e-02,-2.580705285072326660e-01,-5.484203994274139404e-02,1.067103669047355652e-01,-4.491308704018592834e-02,2.081532627344131470e-01,-2.049230039119720459e-01,-4.269360378384590149e-02,7.019190490245819092e-02,-1.469149589538574219e+00,6.135745644569396973e-01,-4.886364042758941650e-01,1.245597004890441895e-01,2.371695339679718018e-01,-2.910292148590087891e-02,5.191494226455688477e-01,0.000000000000000000e+00,0.000000000000000000e+00,0.000000000000000000e+00,0.000000000000000000e+00,0.000000000000000000e+00,0.000000000000000000e+00,0.000000000000000000e+00,-8.858479261398315430e-01,-5.101495385169982910e-01,7.555972933769226074e-01,-1.027632597833871841e-02,-2.602599263191223145e-01,5.666418466717004776e-03,-1.245943456888198853e-01,0.000000000000000000e+00,0.000000000000000000e+00,0.000000000000000000e+00,0.000000000000000000e+00,0.000000000000000000e+00,0.000000000000000000e+00,0.000000000000000000e+00
-5.268647894263267517e-02,-6.179462373256683350e-02,7.780899405479431152e-01,6.667433679103851318e-02,-3.659225627779960632e-02,6.929216384887695312e-01,7.169903516769409180e-01,3.363410830497741699e-01,7.867369055747985840e-02,2.925088405609130859e-01,7.973960041999816895e-02,-3.163613677024841309e-01,3.340812772512435913e-02,-5.893745645880699158e-02,-2.601905167102813721e-01,-5.781733989715576172e-02,1.050169467926025391e-01,-3.972538933157920837e-02,2.134456187486648560e-01,-2.001469880342483521e-01,-4.365537315607070923e-02,7.079741358757019043e-02,-1.473404765129089355e+00,6.116538047790527344e-01,-4.992333054542541504e-01,1.289428323507308960e-01,2.459393888711929321e-01,-2.595578134059906006e-02,5.120256543159484863e-01,0.000000000000000000e+00,0.000000000000000000e+00,0.000000000000000000e+00,0.000000000000000000e+00,0.000000000000000000e+00,0.000000000000000000e+00,0.000000000000000000e+00,-8.896042704582214355e-01,-5.114250183105468750e-01,7.614700198173522949e-01,-4.278945270925760269e-03,-2.698135673999786377e-01,5.724168848246335983e-03,-1.291047930717468262e-01,0.000000000000000000e+00,0.000000000000000000e+00,0.000000000000000000e+00,0.000000000000000000e+00,0.000000000000000000e+00,0.000000000000000000e+00,0.000000000000000000e+00
-5.425815656781196594e-02,-6.321945786476135254e-02,7.778184413909912109e-01,6.687491387128829956e-02,-3.710890561342239380e-02,6.932903528213500977e-01,7.165885567665100098e-01,3.366932570934295654e-01,7.614041864871978760e-02,2.907648980617523193e-01,7.650249451398849487e-02,-3.200643658638000488e-01,3.464249894022941589e-02,-5.751551315188407898e-02,-2.623119652271270752e-01,-6.022582575678825378e-02,1.006666198372840881e-01,-3.388612717390060425e-02,2.183324247598648071e-01,-1.969493180513381958e-01,-4.478320479393005371e-02,6.942750513553619385e-02,-1.482873201370239258e+00,6.063157320022583008e-01,-5.159602761268615723e-01,1.425358951091766357e-01,2.548629343509674072e-01,-2.286944352090358734e-02,5.006418228149414062e-01,0.000000000000000000e+00,0.000000000000000000e+00,0.000000000000000000e+00,0.000000000000000000e+00,0.000000000000000000e+00,0.000000000000000000e+00,0.000000000000000000e+00,-8.956292867660522461e-01,-5.073810815811157227e-01,7.687239050865173340e-01,3.754639066755771637e-03,-2.749088108539581299e-01,4.860495682805776596e-03,-1.328928768634796143e-01,0.000000000000000000e+00,0.000000000000000000e+00,0.000000000000000000e+00,0.000000000000000000e+00,0.000000000000000000e+00,0.000000000000000000e+00,0.000000000000000000e+00
-5.585074424743652344e-02,-6.464947760105133057e-02,7.776725888252258301e-01,6.640341132879257202e-02,-3.751127794384956360e-02,6.937660574913024902e-01,7.161509394645690918e-01,3.360017538070678711e-01,7.449741661548614502e-02,2.892589867115020752e-01,7.292642444372177124e-02,-3.237948119640350342e-01,3.456116840243339539e-02,-5.661456286907196045e-02,-2.631701529026031494e-01,-6.085984781384468079e-02,9.514662623405456543e-02,-2.612201683223247528e-02,2.226779013872146606e-01,-1.935659646987915039e-01,-4.425523802638053894e-02,6.860955059528350830e-02,-1.495819449424743652e+00,5.978078246116638184e-01,-5.381476283073425293e-01,1.651565730571746826e-01,2.573322057723999023e-01,-2.330591529607772827e-02,4.796324074268341064e-01,0.000000000000000000e+00,0.000000000000000000e+00,0.000000000000000000e+00,0.000000000000000000e+00,0.000000000000000000e+00,0.000000000000000000e+00,0.000000000000000000e+00,-9.030780196189880371e-01,-4.976188838481903076e-01,7.739145755767822266e-01,1.538590621203184128e-02,-2.729703187942504883e-01,3.801694838330149651e-03,-1.348125934600830078e-01,0.000000000000000000e+00,0.000000000000000000e+00,0.000000000000000000e+00,0.000000000000000000e+00,0.000000000000000000e+00,0.000000000000000000e+00,0.000000000000000000e+00
-5.732503160834312439e-02,-6.614707410335540771e-02,7.773441076278686523e-01,6.678207963705062866e-02,-3.785653039813041687e-02,6.942093372344970703e-01,7.156678438186645508e-01,3.348243832588195801e-01,7.243712991476058960e-02,2.912788391113281250e-01,7.324619591236114502e-02,-3.280476927757263184e-01,3.511724621057510376e-02,-5.509073659777641296e-02,-2.659412324428558350e-01,-6.432555615901947021e-02,9.032956510782241821e-02,-1.986160129308700562e-02,2.293363064527511597e-01,-1.897995322942733765e-01,-4.576472193002700806e-02,6.727585941553115845e-02,-1.510351181030273438e+00,5.894796252250671387e-01,-5.695636272430419922e-01,1.888676285743713379e-01,2.682167589664459229e-01,-2.689226344227790833e-02,4.531033337116241455e-01,0.000000000000000000e+00,0.000000000000000000e+00,0.000000000000000000e+00,0.000000000000000000e+00,0.000000000000000000e+00,0.000000000000000000e+00,0.000000000000000000e+00,-9.190184473991394043e-01,-4.893388450145721436e-01,7.840384840965270996e-01,2.827652730047702789e-02,-2.847763597965240479e-01,3.770184004679322243e-03,-1.372438967227935791e-01,0.000000000000000000e+00,0.000000000000000000e+00,0.000000000000000000e+00,0.000000000000000000e+00,0.000000000000000000e+00,0.000000000000000000e+00,0.000000000000000000e+00
-5.866006761789321899e-02,-6.785086542367935181e-02,7.772285938262939453e-01,6.843243539333343506e-02,-3.895437717437744141e-02,6.940700411796569824e-01,7.155880928039550781e-01,3.349043130874633789e-01,6.986309587955474854e-02,2.917322516441345215e-01,7.725565880537033081e-02,-3.302014172077178955e-01,3.983202576637268066e-02,-5.236825346946716309e-02,-2.693278491497039795e-01,-6.915797293186187744e-02,8.783776313066482544e-02,-1.182157173752784729e-02,2.350822389125823975e-01,-1.848951876163482666e-01,-4.938559979200363159e-02,6.770496815443038940e-02,-1.522873878479003906e+00,5.740804672241210938e-01,-6.014122366905212402e-01,2.115224748849868774e-01,2.835842370986938477e-01,-2.988206036388874054e-02,4.308051466941833496e-01,0.000000000000000000e+00,0.000000000000000000e+00,0.000000000000000000e+00,0.000000000000000000e+00,0.000000000000000000e+00,0.000000000000000000e+00,0.000000000000000000e+00,-9.393366575241088867e-01,-4.783580899238586426e-01,7.987068295478820801e-01,4.353704676032066345e-02,-2.894077003002166748e-01,3.275192575529217720e-03,-1.382983326911926270e-01,0.000000000000000000e+00,0.000000000000000000e+00,0.000000000000000000e+00,0.000000000000000000e+00,0.000000000000000000e+00,0.000000000000000000e+00,0.000000000000000000e+00
-5.981365218758583069e-02,-6.987462192773818970e-02,7.768424749374389648e-01,7.011797279119491577e-02,-3.947768360376358032e-02,6.939510703086853027e-01,7.155116200447082520e-01,3.342494368553161621e-01,6.640258431434631348e-02,2.916055321693420410e-01,8.002415299415588379e-02,-3.341254293918609619e-01,4.119217768311500549e-02,-5.125176534056663513e-02,-2.738099396228790283e-01,-7.588849216699600220e-02,8.557538688182830811e-02,-4.611435811966657639e-03,2.445567101240158081e-01,-1.771865338087081909e-01,-5.047727748751640320e-02,7.008039951324462891e-02,-1.528298735618591309e+00,5.625092387199401855e-01,-6.282344460487365723e-01,2.328513860702514648e-01,2.952570915222167969e-01,-3.492991253733634949e-02,4.082787930965423584e-01,0.000000000000000000e+00,0.000000000000000000e+00,0.000000000000000000e+00,0.000000000000000000e+00,0.000000000000000000e+00,0.000000000000000000e+00,0.000000000000000000e+00,-9.603447914123535156e-01,-4.634813070297241211e-01,8.083493113517761230e-01,6.761967390775680542e-02,-2.972001135349273682e-01,4.564587958157062531e-03,-1.384414881467819214e-01,0.000000000000000000e+00,0.000000000000000000e+00,0.000000000000000000e+00,0.000000000000000000e+00,0.000000000000000000e+00,0.000000000000000000e+00,0.000000000000000000e+00
-6.064672395586967468e-02,-7.226370275020599365e-02,7.763160467147827148e-01,7.123386859893798828e-02,-3.989696130156517029e-02,6.943352222442626953e-01,7.150052785873413086e-01,3.325959444046020508e-01,6.377165019512176514e-02,2.887441217899322510e-01,8.079408854246139526e-02,-3.397156000137329102e-01,4.364768043160438538e-02,-5.102003365755081177e-02,-2.767067551612854004e-01,-7.814347743988037109e-02,8.279759436845779419e-02,1.383483642712235451e-03,2.537652850151062012e-01,-1.677660793066024780e-01,-5.394161865115165710e-02,7.701066881418228149e-02,-1.526891350746154785e+00,5.502140522003173828e-01,-6.420975923538208008e-01,2.437884509563446045e-01,3.047764301300048828e-01,-4.210264980792999268e-02,4.015450179576873779e-01,0.000000000000000000e+00,0.000000000000000000e+00,0.000000000000000000e+00,0.000000000000000000e+00,0.000000000000000000e+00,0.000000000000000000e+00,0.000000000000000000e+00,-9.784343242645263672e-01,-4.490380585193634033e-01,8.139967918395996094e-01,8.988121151924133301e-02,-3.028295636177062988e-01,1.796358963474631310e-03,-1.409799307584762573e-01,0.000000000000000000e+00,0.000000000000000000e+00,0.000000000000000000e+00,0.000000000000000000e+00,0.000000000000000000e+00,0.000000000000000000e+00,0.000000000000000000e+00
-6.114578619599342346e-02,-7.502757757902145386e-02,7.760488986968994141e-01,7.207833230495452881e-02,-3.940652310848236084e-02,6.960296034812927246e-01,7.132983803749084473e-01,3.267715275287628174e-01,6.111243739724159241e-02,2.830458879470825195e-01,8.299884200096130371e-02,-3.432077169418334961e-01,4.413210600614547729e-02,-5.417682230472564697e-02,-2.816451787948608398e-01,-8.477453887462615967e-02,8.512243628501892090e-02,5.814489908516407013e-03,2.548069655895233154e-01,-1.546619087457656860e-01,-5.552807450294494629e-02,8.978528529405593872e-02,-1.508189558982849121e+00,5.454533100128173828e-01,-6.386308073997497559e-01,2.374048382043838501e-01,2.969724535942077637e-01,-4.971322044730186462e-02,4.117055535316467285e-01,0.000000000000000000e+00,0.000000000000000000e+00,0.000000000000000000e+00,0.000000000000000000e+00,0.000000000000000000e+00,0.000000000000000000e+00,0.000000000000000000e+00,-9.875522255897521973e-01,-4.381641745567321777e-01,8.141922950744628906e-01,1.150568425655364990e-01,-3.131818473339080811e-01,3.304873127490282059e-03,-1.480573564767837524e-01,0.000000000000000000e+00,0.000000000000000000e+00,0.000000000000000000e+00,0.000000000000000000e+00,0.000000000000000000e+00,0.000000000000000000e+00,0.000000000000000000e+00
-6.128533929586410522e-02,-7.821654528379440308e-02,7.754848003387451172e-01,7.427003979682922363e-02,-3.962708637118339539e-02,6.967986226081848145e-01,7.123098373413085938e-01,3.243465125560760498e-01,5.811171233654022217e-02,2.814612388610839844e-01,8.491065353155136108e-02,-3.468674123287200928e-01,4.443430900573730469e-02,-5.707576498389244080e-02,-2.866527736186981201e-01,-8.934494853019714355e-02,9.005827456712722778e-02,7.923570461571216583e-03,2.576560974121093750e-01,-1.441978067159652710e-01,-5.783157050609588623e-02,1.028125733137130737e-01,-1.477042675018310547e+00,5.504087209701538086e-01,-6.260069608688354492e-01,2.263512164354324341e-01,2.822324037551879883e-01,-5.819825083017349243e-02,4.170181453227996826e-01,0.000000000000000000e+00,0.000000000000000000e+00,0.000000000000000000e+00,0.000000000000000000e+00,0.000000000000000000e+00,0.000000000000000000e+00,0.000000000000000000e+00,-9.895746111869812012e-01,-4.372125267982482910e-01,8.142484426498413086e-01,1.398325562477111816e-01,-3.238148689270019531e-01,4.290478769689798355e-03,-1.483956724405288696e-01,0.000000000000000000e+00,0.000000000000000000e+00,0.000000000000000000e+00,0.000000000000000000e+00,0.000000000000000000e+00,0.000000000000000000e+00,0.000000000000000000e+00
-6.090812385082244873e-02,-8.173685520887374878e-02,7.750141620635986328e-01,7.560364902019500732e-02,-3.974620252847671509e-02,6.983843445777893066e-01,7.106079459190368652e-01,3.204637765884399414e-01,5.682110413908958435e-02,2.777536809444427490e-01,8.472720533609390259e-02,-3.506933748722076416e-01,4.521781951189041138e-02,-6.195908039808273315e-02,-2.898473739624023438e-01,-9.284790605306625366e-02,9.657307714223861694e-02,1.172013208270072937e-02,2.607697248458862305e-01,-1.337651014328002930e-01,-6.218138337135314941e-02,1.174732148647308350e-01,-1.442870378494262695e+00,5.614111423492431641e-01,-6.006349325180053711e-01,2.106830775737762451e-01,2.681908011436462402e-01,-6.338887661695480347e-02,4.275822341442108154e-01,0.000000000000000000e+00,0.000000000000000000e+00,0.000000000000000000e+00,0.000000000000000000e+00,0.000000000000000000e+00,0.000000000000000000e+00,0.000000000000000000e+00,-9.788510799407958984e-01,-4.412625432014465332e-01,8.107163310050964355e-01,1.631830483675003052e-01,-3.325155079364776611e-01,6.652108393609523773e-03,-1.516133248805999756e-01,0.000000000000000000e+00,0.000000000000000000e+00,0.000000000000000000e+00,0.000000000000000000e+00,0.000000000000000000e+00,0.000000000000000000e+00,0.000000000000000000e+00
-5.947251245379447937e-02,-8.563970029354095459e-02,7.746286392211914062e-01,7.667120546102523804e-02,-4.022406041622161865e-02,6.995217800140380859e-01,7.093467712402343750e-01,3.133862018585205078e-01,5.952598899602890015e-02,2.788769304752349854e-01,9.186682105064392090e-02,-3.552645742893218994e-01,4.584529995918273926e-02,-6.849572062492370605e-02,-2.892473936080932617e-01,-9.983780235052108765e-02,1.049782857298851013e-01,1.638342440128326416e-02,2.610934674739837646e-01,-1.207311823964118958e-01,-6.783048063516616821e-02,1.353239119052886963e-01,-1.396110534667968750e+00,5.805413722991943359e-01,-5.631264448165893555e-01,1.955786496400833130e-01,2.529186010360717773e-01,-6.470309942960739136e-02,4.486563503742218018e-01,0.000000000000000000e+00,0.000000000000000000e+00,0.000000000000000000e+00,0.000000000000000000e+00,0.000000000000000000e+00,0.000000000000000000e+00,0.000000000000000000e+00,-9.642650485038757324e-01,-4.559955000877380371e-01,8.041852712631225586e-01,1.810604333877563477e-01,-3.562794327735900879e-01,1.101185102015733719e-02,-1.562673151493072510e-01,0.000000000000000000e+00,0.000000000000000000e+00,0.000000000000000000e+00,0.000000000000000000e+00,0.000000000000000000e+00,0.000000000000000000e+00,0.000000000000000000e+00
-5.804951488971710205e-02,-8.959104865789413452e-02,7.735617756843566895e-01,7.850646227598190308e-02,-4.018764570355415344e-02,6.997129321098327637e-01,7.089594602584838867e-01,3.070510923862457275e-01,6.011757254600524902e-02,2.810737788677215576e-01,9.927429258823394775e-02,-3.638690412044525146e-01,4.369836673140525818e-02,-7.631339877843856812e-02,-2.915374338626861572e-01,-1.086685955524444580e-01,1.135866791009902954e-01,1.800628192722797394e-02,2.613369822502136230e-01,-1.062646731734275818e-01,-7.179556041955947876e-02,1.573503464460372925e-01,-1.343992352485656738e+00,6.059588193893432617e-01,-5.186449885368347168e-01,1.722027361392974854e-01,2.275039702653884888e-01,-6.422649323940277100e-02,4.781058132648468018e-01,0.000000000000000000e+00,0.000000000000000000e+00,0.000000000000000000e+00,0.000000000000000000e+00,0.000000000000000000e+00,0.000000000000000000e+00,0.000000000000000000e+00,-9.509201645851135254e-01,-4.668323397636413574e-01,8.050704598426818848e-01,2.039972096681594849e-01,-3.807915151119232178e-01,1.851714216172695160e-02,-1.606586873531341553e-01,0.000000000000000000e+00,0.000000000000000000e+00,0.000000000000000000e+00,0.000000000000000000e+00,0.000000000000000000e+00,0.000000000000000000e+00,0.000000000000000000e+00
-5.678224563598632812e-02,-9.328962862491607666e-02,7.725123763084411621e-01,8.143939822912216187e-02,-4.054947942495346069e-02,6.997625231742858887e-01,7.085589766502380371e-01,3.007675707340240479e-01,6.044787168502807617e-02,2.858133316040039062e-01,1.127501428127288818e-01,-3.719731271266937256e-01,4.524180665612220764e-02,-8.465354144573211670e-02,-2.972664833068847656e-01,-1.194733753800392151e-01,1.290699690580368042e-01,1.833174377679824829e-02,2.614277303218841553e-01,-9.190622717142105103e-02,-7.747958600521087646e-02,1.807862520217895508e-01,-1.282443881034851074e+00,6.396393179893493652e-01,-4.660919606685638428e-01,1.546049267053604126e-01,2.097984999418258667e-01,-6.240955740213394165e-02,5.111431479454040527e-01,0.000000000000000000e+00,0.000000000000000000e+00,0.000000000000000000e+00,0.000000000000000000e+00,0.000000000000000000e+00,0.000000000000000000e+00,0.000000000000000000e+00,-9.304574728012084961e-01,-4.798320233821868896e-01,8.012475371360778809e-01,2.277358621358871460e-01,-4.081568419933319092e-01,2.592802606523036957e-02,-1.649516671895980835e-01,0.000000000000000000e+00,0.000000000000000000e+00,0.000000000000000000e+00,0.000000000000000000e+00,0.000000000000000000e+00,0.000000000000000000e+00,0.000000000000000000e+00
-5.502171814441680908e-02,-9.675184637308120728e-02,7.725226283073425293e-01,8.180779218673706055e-02,-4.101417958736419678e-02,7.005755901336669922e-01,7.076858282089233398e-01,2.932040393352508545e-01,6.492802500724792480e-02,2.880102396011352539e-01,1.203993409872055054e-01,-3.749041259288787842e-01,4.470927268266677856e-02,-9.410230070352554321e-02,-2.981382012367248535e-01,-1.287427544593811035e-01,1.429034322500228882e-01,2.795002236962318420e-02,2.616340219974517822e-01,-7.757645100355148315e-02,-8.403009176254272461e-02,2.031128257513046265e-01,-1.219393491744995117e+00,6.742567420005798340e-01,-4.105043709278106689e-01,1.493683606386184692e-01,1.988448798656463623e-01,-5.825966224074363708e-02,5.471988916397094727e-01,0.000000000000000000e+00,0.000000000000000000e+00,0.000000000000000000e+00,0.000000000000000000e+00,0.000000000000000000e+00,0.000000000000000000e+00,0.000000000000000000e+00,-9.097074270248413086e-01,-4.953221082687377930e-01,8.042431473731994629e-01,2.529471814632415771e-01,-4.306657612323760986e-01,3.118349425494670868e-02,-1.671829968690872192e-01,0.000000000000000000e+00,0.000000000000000000e+00,0.000000000000000000e+00,0.000000000000000000e+00,0.000000000000000000e+00,0.000000000000000000e+00,0.000000000000000000e+00
-5.416415631771087646e-02,-9.945253282785415649e-02,7.727634906768798828e-01,8.173322677612304688e-02,-4.104457423090934753e-02,7.009991407394409180e-01,7.072731256484985352e-01,2.853802740573883057e-01,6.858126819133758545e-02,2.932646274566650391e-01,1.280456185340881348e-01,-3.753983378410339355e-01,4.407906904816627502e-02,-1.038617640733718872e-01,-3.113390207290649414e-01,-1.525798290967941284e-01,1.575807034969329834e-01,4.138644039630889893e-02,2.615909874439239502e-01,-6.639867275953292847e-02,-8.831129968166351318e-02,2.204522639513015747e-01,-1.156145572662353516e+00,7.081325650215148926e-01,-3.525552153587341309e-01,1.538116931915283203e-01,1.923214644193649292e-01,-5.427271872758865356e-02,5.791307091712951660e-01,0.000000000000000000e+00,0.000000000000000000e+00,0.000000000000000000e+00,0.000000000000000000e+00,0.000000000000000000e+00,0.000000000000000000e+00,0.000000000000000000e+00,-8.900055289268493652e-01,-5.052003264427185059e-01,8.003332018852233887e-01,2.792288362979888916e-01,-4.603039026260375977e-01,3.504003584384918213e-02,-1.702439039945602417e-01,0.000000000000000000e+00,0.000000000000000000e+00,0.000000000000000000e+00,0.000000000000000000e+00,0.000000000000000000e+00,0.000000000000000000e+00,0.000000000000000000e+00
-5.436658486723899841e-02,-1.012377440929412842e-01,7.731782197952270508e-01,7.981479912996292114e-02,-4.089017584919929504e-02,7.004124522209167480e-01,7.080819010734558105e-01,2.783700525760650635e-01,7.236858457326889038e-02,2.988379597663879395e-01,1.315429359674453735e-01,-3.796006143093109131e-01,4.723959788680076599e-02,-1.161872148513793945e-01,-3.482488691806793213e-01,-2.029922306537628174e-01,1.644104868173599243e-01,5.004755035042762756e-02,2.464271336793899536e-01,-4.904588311910629272e-02,-9.074081480503082275e-02,2.411569207906723022e-01,-1.093518495559692383e+00,7.367352247238159180e-01,-2.952439486980438232e-01,1.720907837152481079e-01,1.764209717512130737e-01,-5.515429750084877014e-02,6.025054454803466797e-01,0.000000000000000000e+00,0.000000000000000000e+00,0.000000000000000000e+00,0.000000000000000000e+00,0.000000000000000000e+00,0.000000000000000000e+00,0.000000000000000000e+00,-8.664076924324035645e-01,-5.159020423889160156e-01,7.939095497131347656e-01,3.061044216156005859e-01,-4.815393686294555664e-01,3.400086238980293274e-02,-1.702292412519454956e-01,0.000000000000000000e+00,0.000000000000000000e+00,0.000000000000000000e+00,0.000000000000000000e+00,0.000000000000000000e+00,0.000000000000000000e+00,0.000000000000000000e+00
-5.206675454974174500e-02,-1.027000918984413147e-01,7.735583186149597168e-01,7.753204554319381714e-02,-4.228664562106132507e-02,7.019977569580078125e-01,7.066822648048400879e-01,2.715343236923217773e-01,8.367597311735153198e-02,3.002948760986328125e-01,1.370053291320800781e-01,-3.819124996662139893e-01,4.517447948455810547e-02,-1.298188120126724243e-01,-3.695091307163238525e-01,-2.228243649005889893e-01,1.644160598516464233e-01,5.184086039662361145e-02,2.307617515325546265e-01,-3.711871057748794556e-02,-9.208052605390548706e-02,2.617244422435760498e-01,-1.024006485939025879e+00,7.516625523567199707e-01,-2.367852628231048584e-01,2.002295255661010742e-01,1.421561539173126221e-01,-6.046906486153602600e-02,6.240680813789367676e-01,0.000000000000000000e+00,0.000000000000000000e+00,0.000000000000000000e+00,0.000000000000000000e+00,0.000000000000000000e+00,0.000000000000000000e+00,0.000000000000000000e+00,-8.363109230995178223e-01,-5.215909481048583984e-01,7.790234684944152832e-01,3.363104164600372314e-01,-4.941071867942810059e-01,3.440287336707115173e-02,-1.830344796180725098e-01,0.000000000000000000e+00,0.000000000000000000e+00,0.000000000000000000e+00,0.000000000000000000e+00,0.000000000000000000e+00,0.000000000000000000e+00,0.000000000000000000e+00
-4.906231909990310669e-02,-1.035237982869148254e-01,7.737797498703002930e-01,7.630304992198944092e-02,-4.272571951150894165e-02,7.047972679138183594e-01,7.039979696273803711e-01,2.647543847560882568e-01,9.236041456460952759e-02,2.962981760501861572e-01,1.418601423501968384e-01,-3.820044696331024170e-01,4.399297386407852173e-02,-1.409359127283096313e-01,-3.814170658588409424e-01,-2.142700701951980591e-01,1.588948071002960205e-01,5.484957620501518250e-02,2.340118139982223511e-01,-2.764295600354671478e-02,-9.270785003900527954e-02,2.830036282539367676e-01,-9.526772499084472656e-01,7.540730834007263184e-01,-1.748376190662384033e-01,2.258097529411315918e-01,9.842021763324737549e-02,-7.640498876571655273e-02,6.420463323593139648e-01,0.000000000000000000e+00,0.000000000000000000e+00,0.000000000000000000e+00,0.000000000000000000e+00,0.000000000000000000e+00,0.000000000000000000e+00,0.000000000000000000e+00,-8.112028837203979492e-01,-5.295953154563903809e-01,7.738000154495239258e-01,3.657810389995574951e-01,-4.970174133777618408e-01,2.779038436710834503e-02,-1.944564878940582275e-01,0.000000000000000000e+00,0.000000000000000000e+00,0.000000000000000000e+00,0.000000000000000000e+00,0.000000000000000000e+00,0.000000000000000000e+00,0.000000000000000000e+00
-4.526206105947494507e-02,-1.028877794742584229e-01,7.738233804702758789e-01,7.456775754690170288e-02,-4.328709468245506287e-02,7.081223130226135254e-01,7.008057236671447754e-01,2.612294256687164307e-01,1.024904102087020874e-01,2.909047603607177734e-01,1.423983424901962280e-01,-3.816064894199371338e-01,3.930379822850227356e-02,-1.456552594900131226e-01,-3.899934887886047363e-01,-2.084001153707504272e-01,1.455871015787124634e-01,5.380588769912719727e-02,2.367199361324310303e-01,-1.822983101010322571e-02,-9.393516927957534790e-02,2.944355309009552002e-01,-8.914741873741149902e-01,7.520483732223510742e-01,-1.341699659824371338e-01,2.504933774471282959e-01,6.879457831382751465e-02,-8.481915295124053955e-02,6.558433175086975098e-01,0.000000000000000000e+00,0.000000000000000000e+00,0.000000000000000000e+00,0.000000000000000000e+00,0.000000000000000000e+00,0.000000000000000000e+00,0.000000000000000000e+00,-7.800386548042297363e-01,-5.305306911468505859e-01,7.670692801475524902e-01,3.875477313995361328e-01,-4.968862533569335938e-01,2.649765275418758392e-02,-2.004010528326034546e-01,0.000000000000000000e+00,0.000000000000000000e+00,0.000000000000000000e+00,0.000000000000000000e+00,0.000000000000000000e+00,0.000000000000000000e+00,0.000000000000000000e+00
-4.078077152371406555e-02,-1.016887575387954712e-01,7.734692096710205078e-01,7.309468835592269897e-02,-4.220573604106903076e-02,7.117401957511901855e-01,6.973533630371093750e-01,2.549936771392822266e-01,1.106029599905014038e-01,2.832982838153839111e-01,1.446857154369354248e-01,-3.824135065078735352e-01,3.503597527742385864e-02,-1.475722938776016235e-01,-3.991960287094116211e-01,-2.004009187221527100e-01,1.364522874355316162e-01,5.382587760686874390e-02,2.392321079969406128e-01,-8.793342858552932739e-03,-9.217625111341476440e-02,3.047703504562377930e-01,-8.353623747825622559e-01,7.449043989181518555e-01,-1.037059426307678223e-01,2.781719565391540527e-01,3.600539267063140869e-02,-9.460189193487167358e-02,6.566537618637084961e-01,0.000000000000000000e+00,0.000000000000000000e+00,0.000000000000000000e+00,0.000000000000000000e+00,0.000000000000000000e+00,0.000000000000000000e+00,0.000000000000000000e+00,-7.563142776489257812e-01,-5.336800813674926758e-01,7.638282179832458496e-01,4.084236323833465576e-01,-4.979744255542755127e-01,2.459233812987804413e-02,-2.013241499662399292e-01,0.000000000000000000e+00,0.000000000000000000e+00,0.000000000000000000e+00,0.000000000000000000e+00,0.000000000000000000e+00,0.000000000000000000e+00,0.000000000000000000e+00
-3.550366684794425964e-02,-9.961400181055068970e-02,7.729617953300476074e-01,7.210569083690643311e-02,-4.034994915127754211e-02,7.155627012252807617e-01,6.936444640159606934e-01,2.493480592966079712e-01,1.178828403353691101e-01,2.753491997718811035e-01,1.465621143579483032e-01,-3.817297518253326416e-01,2.948181331157684326e-02,-1.472444981336593628e-01,-4.094186425209045410e-01,-1.978818774223327637e-01,1.267951577901840210e-01,5.690028145909309387e-02,2.396669089794158936e-01,3.854163805954158306e-04,-8.988153189420700073e-02,3.119703531265258789e-01,-7.949000000953674316e-01,7.268550395965576172e-01,-7.901623845100402832e-02,3.041860163211822510e-01,4.286399576812982559e-03,-1.054155975580215454e-01,6.556746959686279297e-01,0.000000000000000000e+00,0.000000000000000000e+00,0.000000000000000000e+00,0.000000000000000000e+00,0.000000000000000000e+00,0.000000000000000000e+00,0.000000000000000000e+00,-7.368287444114685059e-01,-5.352521538734436035e-01,7.660394906997680664e-01,4.261634349822998047e-01,-5.039626359939575195e-01,2.272382937371730804e-02,-1.983023434877395630e-01,0.000000000000000000e+00,0.000000000000000000e+00,0.000000000000000000e+00,0.000000000000000000e+00,0.000000000000000000e+00,0.000000000000000000e+00,0.000000000000000000e+00
-2.943616732954978943e-02,-9.662542492151260376e-02,7.724490761756896973e-01,7.095964252948760986e-02,-3.839779272675514221e-02,7.197996377944946289e-01,6.894772052764892578e-01,2.427273243665695190e-01,1.267156451940536499e-01,2.650308609008789062e-01,1.509262472391128540e-01,-3.798993229866027832e-01,2.473449148237705231e-02,-1.483422666788101196e-01,-4.175055027008056641e-01,-1.913029849529266357e-01,1.211683824658393860e-01,5.857209116220474243e-02,2.386297434568405151e-01,5.264031700789928436e-03,-8.668451011180877686e-02,3.180397748947143555e-01,-7.633462548255920410e-01,7.126604318618774414e-01,-7.102148979902267456e-02,3.212109208106994629e-01,-1.816693134605884552e-02,-1.126730069518089294e-01,6.519940495491027832e-01,0.000000000000000000e+00,0.000000000000000000e+00,0.000000000000000000e+00,0.000000000000000000e+00,0.000000000000000000e+00,0.000000000000000000e+00,0.000000000000000000e+00,-7.264481186866760254e-01,-5.360588431358337402e-01,7.686938047409057617e-01,4.371349513530731201e-01,-5.083366632461547852e-01,2.368841506540775299e-02,-2.005408108234405518e-01,0.000000000000000000e+00,0.000000000000000000e+00,0.000000000000000000e+00,0.000000000000000000e+00,0.000000000000000000e+00,0.000000000000000000e+00,0.000000000000000000e+00
-2.266064472496509552e-02,-9.269043803215026855e-02,7.715485095977783203e-01,6.967323273420333862e-02,-3.429010510444641113e-02,7.240831255912780762e-01,6.853272318840026855e-01,2.344944179058074951e-01,1.327177435159683228e-01,2.532005012035369873e-01,1.530148386955261230e-01,-3.770619034767150879e-01,2.022115513682365417e-02,-1.493523716926574707e-01,-4.213820993900299072e-01,-1.884208321571350098e-01,1.187599003314971924e-01,6.103428825736045837e-02,2.383235841989517212e-01,7.632423192262649536e-03,-8.557344973087310791e-02,3.249125778675079346e-01,-7.423920035362243652e-01,6.938489675521850586e-01,-7.192287594079971313e-02,3.370849788188934326e-01,-3.694332763552665710e-02,-1.178465485572814941e-01,6.438381671905517578e-01,0.000000000000000000e+00,0.000000000000000000e+00,0.000000000000000000e+00,0.000000000000000000e+00,0.000000000000000000e+00,0.000000000000000000e+00,0.000000000000000000e+00,-7.218458056449890137e-01,-5.366178154945373535e-01,7.741917371749877930e-01,4.401498138904571533e-01,-5.140681266784667969e-01,2.353757247328758240e-02,-1.985585242509841919e-01,0.000000000000000000e+00,0.000000000000000000e+00,0.000000000000000000e+00,0.000000000000000000e+00,0.000000000000000000e+00,0.000000000000000000e+00,0.000000000000000000e+00
-1.523223798722028732e-02,-8.785450458526611328e-02,7.704175710678100586e-01,6.809360533952713013e-02,-2.970790863037109375e-02,7.277804017066955566e-01,6.817744374275207520e-01,2.265498638153076172e-01,1.397745162248611450e-01,2.436443865299224854e-01,1.554631888866424561e-01,-3.748912811279296875e-01,1.394099928438663483e-02,-1.532943248748779297e-01,-4.232247471809387207e-01,-1.880515217781066895e-01,1.162773519754409790e-01,5.974070355296134949e-02,2.398213446140289307e-01,8.962050080299377441e-03,-8.464687317609786987e-02,3.309055268764495850e-01,-7.325983643531799316e-01,6.759570837020874023e-01,-7.051449269056320190e-02,3.425132334232330322e-01,-4.176032170653343201e-02,-1.216633021831512451e-01,6.471235156059265137e-01,0.000000000000000000e+00,0.000000000000000000e+00,0.000000000000000000e+00,0.000000000000000000e+00,0.000000000000000000e+00,0.000000000000000000e+00,0.000000000000000000e+00,-7.218110561370849609e-01,-5.363750457763671875e-01,7.795988917350769043e-01,4.363467991352081299e-01,-5.232037305831909180e-01,2.667956054210662842e-02,-2.007000148296356201e-01,0.000000000000000000e+00,0.000000000000000000e+00,0.000000000000000000e+00,0.000000000000000000e+00,0.000000000000000000e+00,0.000000000000000000e+00,0.000000000000000000e+00
-7.194865029305219650e-03,-8.122043311595916748e-02,7.693046331405639648e-01,6.533496826887130737e-02,-2.551656775176525116e-02,7.317330241203308105e-01,6.779727339744567871e-01,2.247586101293563843e-01,1.495018154382705688e-01,2.374015599489212036e-01,1.480889916419982910e-01,-3.712331056594848633e-01,6.206907331943511963e-03,-1.465848684310913086e-01,-4.200147092342376709e-01,-1.961999237537384033e-01,1.119122356176376343e-01,5.695214122533798218e-02,2.398443520069122314e-01,7.674057967960834503e-03,-8.360281586647033691e-02,3.261943459510803223e-01,-7.118993997573852539e-01,6.606936454772949219e-01,-7.806133478879928589e-02,3.462145924568176270e-01,-4.360181465744972229e-02,-1.234708055853843689e-01,6.454941034317016602e-01,0.000000000000000000e+00,0.000000000000000000e+00,0.000000000000000000e+00,0.000000000000000000e+00,0.000000000000000000e+00,0.000000000000000000e+00,0.000000000000000000e+00,-7.077318429946899414e-01,-5.311984419822692871e-01,7.865123748779296875e-01,4.337900876998901367e-01,-5.310747027397155762e-01,2.882731147110462189e-02,-2.031587511301040649e-01,0.000000000000000000e+00,0.000000000000000000e+00,0.000000000000000000e+00,0.000000000000000000e+00,0.000000000000000000e+00,0.000000000000000000e+00,0.000000000000000000e+00
1.271514105610549450e-03,-7.548283785581588745e-02,7.681924104690551758e-01,6.134353578090667725e-02,-1.854952611029148102e-02,7.347179651260375977e-01,6.753387451171875000e-01,2.093865871429443359e-01,1.586390882730484009e-01,2.301566302776336670e-01,1.524914503097534180e-01,-3.659572005271911621e-01,1.912895706482231617e-03,-1.598273068666458130e-01,-4.176480174064636230e-01,-1.914007216691970825e-01,1.147475987672805786e-01,5.665930733084678650e-02,2.387480288743972778e-01,2.720545511692762375e-03,-8.251734822988510132e-02,3.382089138031005859e-01,-7.337445616722106934e-01,6.428472995758056641e-01,-8.904281258583068848e-02,3.529099524021148682e-01,-4.129463434219360352e-02,-1.256955862045288086e-01,6.449415683746337891e-01,0.000000000000000000e+00,0.000000000000000000e+00,0.000000000000000000e+00,0.000000000000000000e+00,0.000000000000000000e+00,0.000000000000000000e+00,0.000000000000000000e+00,-7.315248847007751465e-01,-5.311225652694702148e-01,7.916665077209472656e-01,4.339013993740081787e-01,-5.363588929176330566e-01,3.095313720405101776e-02,-2.047041952610015869e-01,0.000000000000000000e+00,0.000000000000000000e+00,0.000000000000000000e+00,0.000000000000000000e+00,0.000000000000000000e+00,0.000000000000000000e+00,0.000000000000000000e+00
1.025925111025571823e-02,-6.828200072050094604e-02,7.671294808387756348e-01,5.644543468952178955e-02,-1.288253162056207657e-02,7.381722331047058105e-01,6.721232533454895020e-01,1.979236751794815063e-01,1.717039048671722412e-01,2.216774821281433105e-01,1.535685062408447266e-01,-3.609312474727630615e-01,-3.942303825169801712e-03,-1.678013801574707031e-01,-4.087579548358917236e-01,-1.869956851005554199e-01,1.210418343544006348e-01,5.233404785394668579e-02,2.347478121519088745e-01,-6.937605794519186020e-03,-8.032397925853729248e-02,3.452736437320709229e-01,-7.497777342796325684e-01,6.300748586654663086e-01,-1.057082861661911011e-01,3.572666943073272705e-01,-2.928521297872066498e-02,-1.253902763128280640e-01,6.473945975303649902e-01,0.000000000000000000e+00,0.000000000000000000e+00,0.000000000000000000e+00,0.000000000000000000e+00,0.000000000000000000e+00,0.000000000000000000e+00,0.000000000000000000e+00,-7.483971118927001953e-01,-5.294033288955688477e-01,7.990779876708984375e-01,4.354356825351715088e-01,-5.421937704086303711e-01,3.295505791902542114e-02,-2.112393677234649658e-01,0.000000000000000000e+00,0.000000000000000000e+00,0.000000000000000000e+00,0.000000000000000000e+00,0.000000000000000000e+00,0.000000000000000000e+00,0.000000000000000000e+00
1.962084509432315826e-02,-5.968961492180824280e-02,7.657417058944702148e-01,5.239094421267509460e-02,-8.252890780568122864e-03,7.410722374916076660e-01,6.693272590637207031e-01,1.964303106069564819e-01,1.850687265396118164e-01,2.153398990631103516e-01,1.453848630189895630e-01,-3.542476594448089600e-01,-1.345416903495788574e-02,-1.660992652177810669e-01,-3.977655470371246338e-01,-1.889509409666061401e-01,1.214316263794898987e-01,3.999804332852363586e-02,2.276089936494827271e-01,-1.790843345224857330e-02,-7.709819823503494263e-02,3.434787690639495850e-01,-7.461761832237243652e-01,6.149978637695312500e-01,-1.203544661402702332e-01,3.527115583419799805e-01,-1.548685040324926376e-02,-1.267193108797073364e-01,6.522150635719299316e-01,0.000000000000000000e+00,0.000000000000000000e+00,0.000000000000000000e+00,0.000000000000000000e+00,0.000000000000000000e+00,0.000000000000000000e+00,0.000000000000000000e+00,-7.418583631515502930e-01,-5.197322368621826172e-01,8.063290715217590332e-01,4.316990673542022705e-01,-5.450010299682617188e-01,3.328197076916694641e-02,-2.208207547664642334e-01,0.000000000000000000e+00,0.000000000000000000e+00,0.000000000000000000e+00,0.000000000000000000e+00,0.000000000000000000e+00,0.000000000000000000e+00,0.000000000000000000e+00
2.940297685563564301e-02,-5.227646976709365845e-02,7.647690176963806152e-01,4.496967419981956482e-02,-1.560740056447684765e-03,7.431970834732055664e-01,6.675578355789184570e-01,1.770101040601730347e-01,2.025431096553802490e-01,2.079081237316131592e-01,1.518377065658569336e-01,-3.445633649826049805e-01,-1.958651654422283173e-02,-1.877691298723220825e-01,-3.824564516544342041e-01,-1.784433126449584961e-01,1.400343030691146851e-01,2.079659700393676758e-02,2.138053774833679199e-01,-3.263624384999275208e-02,-7.048132270574569702e-02,3.581826686859130859e-01,-7.878395915031433105e-01,6.016216278076171875e-01,-1.411924511194229126e-01,3.567098081111907959e-01,2.781867748126387596e-03,-1.222654804587364197e-01,6.576860547065734863e-01,0.000000000000000000e+00,0.000000000000000000e+00,0.000000000000000000e+00,0.000000000000000000e+00,0.000000000000000000e+00,0.000000000000000000e+00,0.000000000000000000e+00,-7.743890881538391113e-01,-5.137577652931213379e-01,8.099325299263000488e-01,4.358798265457153320e-01,-5.436677932739257812e-01,3.580694273114204407e-02,-2.342315614223480225e-01,0.000000000000000000e+00,0.000000000000000000e+00,0.000000000000000000e+00,0.000000000000000000e+00,0.000000000000000000e+00,0.000000000000000000e+00,0.000000000000000000e+00
3.940189629793167114e-02,-4.404030367732048035e-02,7.635915875434875488e-01,3.673823550343513489e-02,4.635967779904603958e-03,7.446271181106567383e-01,6.664527058601379395e-01,1.614569425582885742e-01,2.218211144208908081e-01,2.009963244199752808e-01,1.527404338121414185e-01,-3.346266150474548340e-01,-2.954662218689918518e-02,-2.059235721826553345e-01,-3.661361932754516602e-01,-1.770659536123275757e-01,1.575430780649185181e-01,-1.667116768658161163e-02,1.917938143014907837e-01,-4.630747810006141663e-02,-6.130932271480560303e-02,3.689703047275543213e-01,-8.193926215171813965e-01,5.965546369552612305e-01,-1.634843349456787109e-01,3.535052537918090820e-01,4.176180064678192139e-02,-1.151625216007232666e-01,6.680296659469604492e-01,0.000000000000000000e+00,0.000000000000000000e+00,0.000000000000000000e+00,0.000000000000000000e+00,0.000000000000000000e+00,0.000000000000000000e+00,0.000000000000000000e+00,-7.976033687591552734e-01,-5.092409849166870117e-01,8.204143643379211426e-01,4.372496604919433594e-01,-5.560179352760314941e-01,3.667788207530975342e-02,-2.480340898036956787e-01,0.000000000000000000e+00,0.000000000000000000e+00,0.000000000000000000e+00,0.000000000000000000e+00,0.000000000000000000e+00,0.000000000000000000e+00,0.000000000000000000e+00
4.958019778132438660e-02,-3.573044389486312866e-02,7.638963460922241211e-01,2.863033860921859741e-02,8.222549222409725189e-03,7.451667189598083496e-01,6.662126183509826660e-01,1.487872153520584106e-01,2.474499642848968506e-01,2.071539908647537231e-01,1.586285829544067383e-01,-3.126731812953948975e-01,-3.890801966190338135e-02,-2.214709222316741943e-01,-3.457615673542022705e-01,-1.793575286865234375e-01,1.778948456048965454e-01,-5.048285797238349915e-02,1.718230843544006348e-01,-6.973958760499954224e-02,-5.454391986131668091e-02,3.751824200153350830e-01,-8.597946166992187500e-01,5.949169993400573730e-01,-1.886261850595474243e-01,3.415348529815673828e-01,7.916261255741119385e-02,-1.091233864426612854e-01,6.731085777282714844e-01,0.000000000000000000e+00,0.000000000000000000e+00,0.000000000000000000e+00,0.000000000000000000e+00,0.000000000000000000e+00,0.000000000000000000e+00,0.000000000000000000e+00,-8.234406113624572754e-01,-4.996979832649230957e-01,8.296023011207580566e-01,4.426433145999908447e-01,-5.659881234169006348e-01,4.027857258915901184e-02,-2.630241215229034424e-01,0.000000000000000000e+00,0.000000000000000000e+00,0.000000000000000000e+00,0.000000000000000000e+00,0.000000000000000000e+00,0.000000000000000000e+00,0.000000000000000000e+00
5.983077734708786011e-02,-2.751195430755615234e-02,7.648903727531433105e-01,1.951675489544868469e-02,1.402938738465309143e-02,7.451258897781372070e-01,6.664906144142150879e-01,1.342196166515350342e-01,2.705026268959045410e-01,2.207636088132858276e-01,1.578906327486038208e-01,-2.787377536296844482e-01,-5.412094667553901672e-02,-2.401514202356338501e-01,-3.268541395664215088e-01,-1.851540654897689819e-01,1.931944638490676880e-01,-7.971739023923873901e-02,1.546041071414947510e-01,-9.322421252727508545e-02,-4.342590644955635071e-02,3.836727142333984375e-01,-9.057027697563171387e-01,6.000978350639343262e-01,-2.292626649141311646e-01,3.320864140987396240e-01,1.259868294000625610e-01,-9.700292348861694336e-02,6.659536957740783691e-01,0.000000000000000000e+00,0.000000000000000000e+00,0.000000000000000000e+00,0.000000000000000000e+00,0.000000000000000000e+00,0.000000000000000000e+00,0.000000000000000000e+00,-8.511191010475158691e-01,-4.943173825740814209e-01,8.412972688674926758e-01,4.515221714973449707e-01,-5.775668025016784668e-01,4.443820193409919739e-02,-2.763036191463470459e-01,0.000000000000000000e+00,0.000000000000000000e+00,0.000000000000000000e+00,0.000000000000000000e+00,0.000000000000000000e+00,0.000000000000000000e+00,0.000000000000000000e+00
7.007771730422973633e-02,-1.952762342989444733e-02,7.671526074409484863e-01,1.043154764920473099e-02,1.951552741229534149e-02,7.460017800331115723e-01,6.655762195587158203e-01,1.186573803424835205e-01,2.945286333560943604e-01,2.439446002244949341e-01,1.561284661293029785e-01,-2.310715466737747192e-01,-6.873707473278045654e-02,-2.574816942214965820e-01,-3.076347708702087402e-01,-1.891641765832901001e-01,2.086024880409240723e-01,-9.698236733675003052e-02,1.404946893453598022e-01,-1.196385473012924194e-01,-3.406012803316116333e-02,3.910762071609497070e-01,-9.619703888893127441e-01,6.046584844589233398e-01,-2.802840471267700195e-01,3.346841335296630859e-01,1.582818329334259033e-01,-8.367840945720672607e-02,6.458019018173217773e-01,0.000000000000000000e+00,0.000000000000000000e+00,0.000000000000000000e+00,0.000000000000000000e+00,0.000000000000000000e+00,0.000000000000000000e+00,0.000000000000000000e+00,-8.732630610466003418e-01,-4.901352226734161377e-01,8.490417599678039551e-01,4.707424044609069824e-01,-5.759764909744262695e-01,4.702602326869964600e-02,-2.900545597076416016e-01,0.000000000000000000e+00,0.000000000000000000e+00,0.000000000000000000e+00,0.000000000000000000e+00,0.000000000000000000e+00,0.000000000000000000e+00,0.000000000000000000e+00
8.010437339544296265e-02,-1.189490221440792084e-02,7.693838477134704590e-01,1.812498900108039379e-03,2.459605783224105835e-02,7.459288835525512695e-01,6.655688285827636719e-01,1.056392341852188110e-01,3.168840110301971436e-01,2.628502249717712402e-01,1.526572853326797485e-01,-1.830196231603622437e-01,-8.191671222448348999e-02,-2.738632857799530029e-01,-2.871296703815460205e-01,-1.904254555702209473e-01,2.213837802410125732e-01,-1.107137650251388550e-01,1.257484108209609985e-01,-1.457477807998657227e-01,-2.368837594985961914e-02,3.953593075275421143e-01,-1.036675214767456055e+00,6.122592091560363770e-01,-3.472782075405120850e-01,3.405912518501281738e-01,1.797856688499450684e-01,-7.487460970878601074e-02,6.131451725959777832e-01,0.000000000000000000e+00,0.000000000000000000e+00,0.000000000000000000e+00,0.000000000000000000e+00,0.000000000000000000e+00,0.000000000000000000e+00,0.000000000000000000e+00,-8.940060138702392578e-01,-4.860565066337585449e-01,8.568714857101440430e-01,4.880664944648742676e-01,-5.638170242309570312e-01,4.748554900288581848e-02,-3.019503653049468994e-01,0.000000000000000000e+00,0.000000000000000000e+00,0.000000000000000000e+00,0.000000000000000000e+00,0.000000000000000000e+00,0.000000000000000000e+00,0.000000000000000000e+00
8.979838341474533081e-02,-4.856764804571866989e-03,7.711755633354187012e-01,-4.645648412406444550e-03,2.908753603696823120e-02,7.454358935356140137e-01,6.659262180328369141e-01,9.719479084014892578e-02,3.365444540977478027e-01,2.844954431056976318e-01,1.483453810214996338e-01,-1.407948583364486694e-01,-9.239476919174194336e-02,-2.857682704925537109e-01,-2.690094411373138428e-01,-1.910609304904937744e-01,2.306444048881530762e-01,-1.247462183237075806e-01,1.154619008302688599e-01,-1.701783388853073120e-01,-1.846443675458431244e-02,3.954002559185028076e-01,-1.126397728919982910e+00,6.157634854316711426e-01,-4.083706736564636230e-01,3.530800342559814453e-01,1.849308460950851440e-01,-6.791085749864578247e-02,5.896964669227600098e-01,0.000000000000000000e+00,0.000000000000000000e+00,0.000000000000000000e+00,0.000000000000000000e+00,0.000000000000000000e+00,0.000000000000000000e+00,0.000000000000000000e+00,-9.076467156410217285e-01,-4.831737577915191650e-01,8.642825484275817871e-01,5.025976896286010742e-01,-5.474556088447570801e-01,4.675177484750747681e-02,-3.136561512947082520e-01,0.000000000000000000e+00,0.000000000000000000e+00,0.000000000000000000e+00,0.000000000000000000e+00,0.000000000000000000e+00,0.000000000000000000e+00,0.000000000000000000e+00
9.895364940166473389e-02,1.551787718199193478e-03,7.729628086090087891e-01,-8.701000362634658813e-03,3.376374021172523499e-02,7.457110285758972168e-01,6.653565764427185059e-01,8.738303184509277344e-02,3.508227467536926270e-01,2.969476282596588135e-01,1.462290138006210327e-01,-1.033074632287025452e-01,-9.889407455921173096e-02,-2.935073077678680420e-01,-2.572573721408843994e-01,-1.952823847532272339e-01,2.381602674722671509e-01,-1.382611244916915894e-01,1.019748896360397339e-01,-1.839245110750198364e-01,-1.582376286387443542e-02,3.979768157005310059e-01,-1.218801498413085938e+00,6.047516465187072754e-01,-4.580587148666381836e-01,3.621298372745513916e-01,1.882447451353073120e-01,-6.577083468437194824e-02,5.794997811317443848e-01,0.000000000000000000e+00,0.000000000000000000e+00,0.000000000000000000e+00,0.000000000000000000e+00,0.000000000000000000e+00,0.000000000000000000e+00,0.000000000000000000e+00,-9.191963076591491699e-01,-4.864493310451507568e-01,8.704303503036499023e-01,5.154585242271423340e-01,-5.348376035690307617e-01,4.595306888222694397e-02,-3.178091943264007568e-01,0.000000000000000000e+00,0.000000000000000000e+00,0.000000000000000000e+00,0.000000000000000000e+00,0.000000000000000000e+00,0.000000000000000000e+00,0.000000000000000000e+00
1.072390452027320862e-01,7.263018749654293060e-03,7.742512226104736328e-01,-1.143647730350494385e-02,3.725533559918403625e-02,7.462985515594482422e-01,6.644695401191711426e-01,7.965376228094100952e-02,3.626912832260131836e-01,3.086079061031341553e-01,1.428981274366378784e-01,-8.694037050008773804e-02,-1.012302711606025696e-01,-2.991054952144622803e-01,-2.472274452447891235e-01,-1.976661682128906250e-01,2.475819736719131470e-01,-1.520426869392395020e-01,8.979893475770950317e-02,-2.008512467145919800e-01,-1.076403353363275528e-02,3.969133496284484863e-01,-1.314183354377746582e+00,6.039751172065734863e-01,-5.072565674781799316e-01,3.712711632251739502e-01,1.974448859691619873e-01,-6.204911321401596069e-02,5.707184076309204102e-01,0.000000000000000000e+00,0.000000000000000000e+00,0.000000000000000000e+00,0.000000000000000000e+00,0.000000000000000000e+00,0.000000000000000000e+00,0.000000000000000000e+00,-9.286745190620422363e-01,-4.976805150508880615e-01,8.741968274116516113e-01,5.242952704429626465e-01,-5.265410542488098145e-01,4.649484157562255859e-02,-3.163232207298278809e-01,0.000000000000000000e+00,0.000000000000000000e+00,0.000000000000000000e+00,0.000000000000000000e+00,0.000000000000000000e+00,0.000000000000000000e+00,0.000000000000000000e+00
1.145149171352386475e-01,1.222521718591451645e-02,7.755141854286193848e-01,-1.288549602031707764e-02,4.107887297868728638e-02,7.469441294670104980e-01,6.634914875030517578e-01,7.012910395860671997e-02,3.682803809642791748e-01,3.082605898380279541e-01,1.421760469675064087e-01,-8.680094778537750244e-02,-1.015864461660385132e-01,-3.020867109298706055e-01,-2.413165122270584106e-01,-2.013586610555648804e-01,2.528071701526641846e-01,-1.644917875528335571e-01,7.986722141504287720e-02,-2.089438736438751221e-01,-9.100444614887237549e-03,3.997091650962829590e-01,-1.399440288543701172e+00,5.981218218803405762e-01,-5.399650335311889648e-01,3.715825080871582031e-01,2.066411823034286499e-01,-6.328212469816207886e-02,5.764839649200439453e-01,0.000000000000000000e+00,0.000000000000000000e+00,0.000000000000000000e+00,0.000000000000000000e+00,0.000000000000000000e+00,0.000000000000000000e+00,0.000000000000000000e+00,-9.344267845153808594e-01,-5.106305480003356934e-01,8.707293868064880371e-01,5.293216109275817871e-01,-5.273491740226745605e-01,4.554647952318191528e-02,-3.220459222793579102e-01,0.000000000000000000e+00,0.000000000000000000e+00,0.000000000000000000e+00,0.000000000000000000e+00,0.000000000000000000e+00,0.000000000000000000e+00,0.000000000000000000e+00
1.205500662326812744e-01,1.648563891649246216e-02,7.770241498947143555e-01,-1.331319846212863922e-02,4.530306532979011536e-02,7.468557357788085938e-01,6.633075475692749023e-01,6.133957952260971069e-02,3.679966628551483154e-01,3.011404871940612793e-01,1.443805843591690063e-01,-1.020201072096824646e-01,-9.990020096302032471e-02,-3.047081232070922852e-01,-2.374448180198669434e-01,-1.986580491065979004e-01,2.554834187030792236e-01,-1.729128807783126831e-01,7.327189296483993530e-02,-2.159270346164703369e-01,-6.304961629211902618e-03,4.003517925739288330e-01,-1.473914146423339844e+00,5.965561866760253906e-01,-5.689244866371154785e-01,3.700792789459228516e-01,2.012543678283691406e-01,-6.553986668586730957e-02,5.731325745582580566e-01,0.000000000000000000e+00,0.000000000000000000e+00,0.000000000000000000e+00,0.000000000000000000e+00,0.000000000000000000e+00,0.000000000000000000e+00,0.000000000000000000e+00,-9.315158128738403320e-01,-5.231912136077880859e-01,8.596704602241516113e-01,5.381228327751159668e-01,-5.168059468269348145e-01,4.389882460236549377e-02,-3.252143561840057373e-01,0.000000000000000000e+00,0.000000000000000000e+00,0.000000000000000000e+00,0.000000000000000000e+00,0.000000000000000000e+00,0.000000000000000000e+00,0.000000000000000000e+00
1.253455728292465210e-01,1.988041028380393982e-02,7.779155373573303223e-01,-1.329938415437936783e-02,4.828439652919769287e-02,7.468183040618896484e-01,6.631396412849426270e-01,5.054894462227821350e-02,3.668218851089477539e-01,2.940045297145843506e-01,1.524394750595092773e-01,-1.181268319487571716e-01,-9.356092661619186401e-02,-3.062925338745117188e-01,-2.339490205049514771e-01,-1.936303526163101196e-01,2.579481303691864014e-01,-1.808636784553527832e-01,6.449337303638458252e-02,-2.177955806255340576e-01,-6.330870091915130615e-03,4.032046794891357422e-01,-1.530806303024291992e+00,5.965439081192016602e-01,-5.843119025230407715e-01,3.683489859104156494e-01,2.026460021734237671e-01,-6.294779479503631592e-02,5.794743299484252930e-01,0.000000000000000000e+00,0.000000000000000000e+00,0.000000000000000000e+00,0.000000000000000000e+00,0.000000000000000000e+00,0.000000000000000000e+00,0.000000000000000000e+00,-9.292694926261901855e-01,-5.317363142967224121e-01,8.476994037628173828e-01,5.473769903182983398e-01,-5.117117166519165039e-01,4.408190399408340454e-02,-3.318209350109100342e-01,0.000000000000000000e+00,0.000000000000000000e+00,0.000000000000000000e+00,0.000000000000000000e+00,0.000000000000000000e+00,0.000000000000000000e+00,0.000000000000000000e+00
1.286936253309249878e-01,2.233516983687877655e-02,7.786400914192199707e-01,-1.381942071020603180e-02,5.116653069853782654e-02,7.466769218444824219e-01,6.630721092224121094e-01,4.150055721402168274e-02,3.641143739223480225e-01,2.862693369388580322e-01,1.571476161479949951e-01,-1.279700994491577148e-01,-9.267453849315643311e-02,-3.083548843860626221e-01,-2.313534468412399292e-01,-1.887058615684509277e-01,2.573959529399871826e-01,-1.860588490962982178e-01,6.065489351749420166e-02,-2.170118391513824463e-01,-2.219855552539229393e-03,4.093074500560760498e-01,-1.568268179893493652e+00,5.991665720939636230e-01,-5.909010171890258789e-01,3.616977035999298096e-01,2.016302496194839478e-01,-6.345503032207489014e-02,5.902988910675048828e-01,0.000000000000000000e+00,0.000000000000000000e+00,0.000000000000000000e+00,0.000000000000000000e+00,0.000000000000000000e+00,0.000000000000000000e+00,0.000000000000000000e+00,-9.261522889137268066e-01,-5.398298501968383789e-01,8.350759148597717285e-01,5.507947206497192383e-01,-5.059858560562133789e-01,4.473633691668510437e-02,-3.425889015197753906e-01,0.000000000000000000e+00,0.000000000000000000e+00,0.000000000000000000e+00,0.000000000000000000e+00,0.000000000000000000e+00,0.000000000000000000e+00,0.000000000000000000e+00
1.306428015232086182e-01,2.385471947491168976e-02,7.788707017898559570e-01,-1.495321094989776611e-02,5.295103415846824646e-02,7.469225525856018066e-01,6.626305580139160156e-01,3.258785605430603027e-02,3.624831140041351318e-01,2.794071435928344727e-01,1.614994406700134277e-01,-1.338364183902740479e-01,-9.165492653846740723e-02,-3.102297484874725342e-01,-2.284040600061416626e-01,-1.834006011486053467e-01,2.557103037834167480e-01,-1.900419443845748901e-01,5.771461874246597290e-02,-2.162939012050628662e-01,1.795600866898894310e-03,4.191846549510955811e-01,-1.582140326499938965e+00,6.054065823554992676e-01,-5.943100452423095703e-01,3.629066944122314453e-01,2.044012546539306641e-01,-6.319000571966171265e-02,6.047043204307556152e-01,0.000000000000000000e+00,0.000000000000000000e+00,0.000000000000000000e+00,0.000000000000000000e+00,0.000000000000000000e+00,0.000000000000000000e+00,0.000000000000000000e+00,-9.217723011970520020e-01,-5.459394454956054688e-01,8.220983147621154785e-01,5.506636500358581543e-01,-5.023653507232666016e-01,4.595038294792175293e-02,-3.601327240467071533e-01,0.000000000000000000e+00,0.000000000000000000e+00,0.000000000000000000e+00,0.000000000000000000e+00,0.000000000000000000e+00,0.000000000000000000e+00,0.000000000000000000e+00
1.311696171760559082e-01,2.437060885131359100e-02,7.788267135620117188e-01,-1.703277043998241425e-02,5.412775650620460510e-02,7.466396689414978027e-01,6.628040671348571777e-01,2.546741813421249390e-02,3.610839545726776123e-01,2.738639116287231445e-01,1.636843085289001465e-01,-1.375958919525146484e-01,-8.995029330253601074e-02,-3.137774765491485596e-01,-2.248510569334030151e-01,-1.792680323123931885e-01,2.525379359722137451e-01,-1.897988766431808472e-01,5.708947032690048218e-02,-2.157616168260574341e-01,4.851649980992078781e-03,4.300481975078582764e-01,-1.574710607528686523e+00,6.145244240760803223e-01,-5.923503041267395020e-01,3.699431121349334717e-01,2.050623148679733276e-01,-6.461723148822784424e-02,6.158007383346557617e-01,0.000000000000000000e+00,0.000000000000000000e+00,0.000000000000000000e+00,0.000000000000000000e+00,0.000000000000000000e+00,0.000000000000000000e+00,0.000000000000000000e+00,-9.214129447937011719e-01,-5.494531989097595215e-01,8.151292204856872559e-01,5.474500060081481934e-01,-4.973700940608978271e-01,4.590149968862533569e-02,-3.738012611865997314e-01,0.000000000000000000e+00,0.000000000000000000e+00,0.000000000000000000e+00,0.000000000000000000e+00,0.000000000000000000e+00,0.000000000000000000e+00,0.000000000000000000e+00
1.303472816944122314e-01,2.382299117743968964e-02,7.784962058067321777e-01,-1.976168528199195862e-02,5.506718531250953674e-02,7.468991279602050781e-01,6.623585224151611328e-01,1.690476201474666595e-02,3.590553998947143555e-01,2.649616599082946777e-01,1.630762368440628052e-01,-1.394689977169036865e-01,-8.634565770626068115e-02,-3.178501129150390625e-01,-2.228685915470123291e-01,-1.776533722877502441e-01,2.471525371074676514e-01,-1.873842030763626099e-01,5.649938806891441345e-02,-2.098237723112106323e-01,6.569262128323316574e-03,4.455213546752929688e-01,-1.545884013175964355e+00,6.262086033821105957e-01,-5.905241370201110840e-01,3.867799043655395508e-01,2.174788415431976318e-01,-5.982787162065505981e-02,6.296539306640625000e-01,0.000000000000000000e+00,0.000000000000000000e+00,0.000000000000000000e+00,0.000000000000000000e+00,0.000000000000000000e+00,0.000000000000000000e+00,0.000000000000000000e+00,-9.248993396759033203e-01,-5.547579526901245117e-01,8.133887052536010742e-01,5.468411445617675781e-01,-4.961268901824951172e-01,4.689845070242881775e-02,-3.867969214916229248e-01,0.000000000000000000e+00,0.000000000000000000e+00,0.000000000000000000e+00,0.000000000000000000e+00,0.000000000000000000e+00,0.000000000000000000e+00,0.000000000000000000e+00
1.281884461641311646e-01,2.212907560169696808e-02,7.780361771583557129e-01,-2.183965221047401428e-02,5.519781261682510376e-02,7.466558218002319336e-01,6.625566482543945312e-01,6.820461247116327286e-03,3.560452759265899658e-01,2.547473907470703125e-01,1.621656864881515503e-01,-1.414249986410140991e-01,-8.539842814207077026e-02,-3.203530013561248779e-01,-2.214020192623138428e-01,-1.728304326534271240e-01,2.385951727628707886e-01,-1.817001700401306152e-01,5.763362348079681396e-02,-2.033869773149490356e-01,9.891217574477195740e-03,4.629404842853546143e-01,-1.506117701530456543e+00,6.356017589569091797e-01,-5.786650180816650391e-01,4.005039334297180176e-01,2.342860698699951172e-01,-6.025341153144836426e-02,6.453834772109985352e-01,0.000000000000000000e+00,0.000000000000000000e+00,0.000000000000000000e+00,0.000000000000000000e+00,0.000000000000000000e+00,0.000000000000000000e+00,0.000000000000000000e+00,-9.319791793823242188e-01,-5.587626695632934570e-01,8.185063004493713379e-01,5.475292801856994629e-01,-5.045511722564697266e-01,4.655390232801437378e-02,-3.970945477485656738e-01,0.000000000000000000e+00,0.000000000000000000e+00,0.000000000000000000e+00,0.000000000000000000e+00,0.000000000000000000e+00,0.000000000000000000e+00,0.000000000000000000e+00
1.248190775513648987e-01,1.931520923972129822e-02,7.777664065361022949e-01,-2.399504743516445160e-02,5.551366880536079407e-02,7.467573285102844238e-01,6.623412966728210449e-01,-1.038864022120833397e-03,3.522121608257293701e-01,2.493081688880920410e-01,1.597068607807159424e-01,-1.451975703239440918e-01,-8.336340636014938354e-02,-3.244496285915374756e-01,-2.227199226617813110e-01,-1.694350540637969971e-01,2.303013205528259277e-01,-1.715585142374038696e-01,6.067153066396713257e-02,-2.024893462657928467e-01,1.422981731593608856e-02,4.748810231685638428e-01,-1.459528207778930664e+00,6.479650735855102539e-01,-5.709645748138427734e-01,4.217976033687591553e-01,2.321740239858627319e-01,-6.005174294114112854e-02,6.432654857635498047e-01,0.000000000000000000e+00,0.000000000000000000e+00,0.000000000000000000e+00,0.000000000000000000e+00,0.000000000000000000e+00,0.000000000000000000e+00,0.000000000000000000e+00,-9.361028075218200684e-01,-5.499931573867797852e-01,8.223532438278198242e-01,5.569468736648559570e-01,-4.990009069442749023e-01,4.634335264563560486e-02,-4.006890654563903809e-01,0.000000000000000000e+00,0.000000000000000000e+00,0.000000000000000000e+00,0.000000000000000000e+00,0.000000000000000000e+00,0.000000000000000000e+00,0.000000000000000000e+00
1.206523627042770386e-01,1.518115215003490448e-02,7.767839431762695312e-01,-2.699442394077777863e-02,5.677682161331176758e-02,7.471411228179931641e-01,6.616855859756469727e-01,-2.295612357556819916e-02,3.474121689796447754e-01,2.363473027944564819e-01,1.655554324388504028e-01,-1.530870348215103149e-01,-7.882618159055709839e-02,-3.327806591987609863e-01,-2.258716076612472534e-01,-1.630364656448364258e-01,2.194276750087738037e-01,-1.613929271697998047e-01,6.581025570631027222e-02,-1.909636110067367554e-01,1.339984685182571411e-02,4.810675978660583496e-01,-1.388062357902526855e+00,6.606450080871582031e-01,-5.420764088630676270e-01,4.301948249340057373e-01,2.427864968776702881e-01,-6.319957226514816284e-02,6.638945937156677246e-01,0.000000000000000000e+00,0.000000000000000000e+00,0.000000000000000000e+00,0.000000000000000000e+00,0.000000000000000000e+00,0.000000000000000000e+00,0.000000000000000000e+00,-9.409595131874084473e-01,-5.456786751747131348e-01,8.375346660614013672e-01,5.647493004798889160e-01,-5.121752023696899414e-01,4.463709518313407898e-02,-4.144536256790161133e-01,0.000000000000000000e+00,0.000000000000000000e+00,0.000000000000000000e+00,0.000000000000000000e+00,0.000000000000000000e+00,0.000000000000000000e+00,0.000000000000000000e+00
1.156285181641578674e-01,1.032533869147300720e-02,7.754904627799987793e-01,-2.998290956020355225e-02,5.692257732152938843e-02,7.487349510192871094e-01,6.597399711608886719e-01,-4.148535057902336121e-02,3.415639698505401611e-01,2.266053110361099243e-01,1.667779684066772461e-01,-1.684366762638092041e-01,-7.133948057889938354e-02,-3.394490480422973633e-01,-2.301657199859619141e-01,-1.588346362113952637e-01,2.090455591678619385e-01,-1.488097310066223145e-01,6.928180903196334839e-02,-1.834937930107116699e-01,1.251667179167270660e-02,4.852540493011474609e-01,-1.302636861801147461e+00,6.785003542900085449e-01,-5.228004455566406250e-01,4.437890052795410156e-01,2.611050307750701904e-01,-6.223076209425926208e-02,6.780395507812500000e-01,0.000000000000000000e+00,0.000000000000000000e+00,0.000000000000000000e+00,0.000000000000000000e+00,0.000000000000000000e+00,0.000000000000000000e+00,0.000000000000000000e+00,-9.353576898574829102e-01,-5.362479686737060547e-01,8.490923643112182617e-01,5.682358145713806152e-01,-5.228498578071594238e-01,3.990593552589416504e-02,-4.314486682415008545e-01,0.000000000000000000e+00,0.000000000000000000e+00,0.000000000000000000e+00,0.000000000000000000e+00,0.000000000000000000e+00,0.000000000000000000e+00,0.000000000000000000e+00
1.101751253008842468e-01,4.623076878488063812e-03,7.736292481422424316e-01,-2.982519008219242096e-02,5.603062734007835388e-02,7.495755553245544434e-01,6.588683724403381348e-01,-5.427208915352821350e-02,3.333181440830230713e-01,2.197698354721069336e-01,1.735590845346450806e-01,-1.916685998439788818e-01,-5.716865137219429016e-02,-3.442082703113555908e-01,-2.379864007234573364e-01,-1.521189957857131958e-01,2.040631175041198730e-01,-1.403632014989852905e-01,7.753564417362213135e-02,-1.696062535047531128e-01,9.338471107184886932e-03,4.880267381668090820e-01,-1.202729105949401855e+00,6.901021599769592285e-01,-4.814693629741668701e-01,4.537352323532104492e-01,2.803996503353118896e-01,-6.142284348607063293e-02,7.064014673233032227e-01,0.000000000000000000e+00,0.000000000000000000e+00,0.000000000000000000e+00,0.000000000000000000e+00,0.000000000000000000e+00,0.000000000000000000e+00,0.000000000000000000e+00,-9.277762770652770996e-01,-5.312806367874145508e-01,8.617358207702636719e-01,5.660427212715148926e-01,-5.427511930465698242e-01,3.497903421521186829e-02,-4.444168806076049805e-01,0.000000000000000000e+00,0.000000000000000000e+00,0.000000000000000000e+00,0.000000000000000000e+00,0.000000000000000000e+00,0.000000000000000000e+00,0.000000000000000000e+00
1.045101881027221680e-01,-1.572985434904694557e-03,7.720901966094970703e-01,-2.986038662493228912e-02,5.660674721002578735e-02,7.506178021430969238e-01,6.576297879219055176e-01,-6.744984537363052368e-02,3.220109045505523682e-01,2.117877453565597534e-01,1.769655346870422363e-01,-2.160643041133880615e-01,-4.471843689680099487e-02,-3.519961833953857422e-01,-2.486682236194610596e-01,-1.458646059036254883e-01,1.991336196660995483e-01,-1.291198879480361938e-01,8.463992178440093994e-02,-1.549825519323348999e-01,7.383092306554317474e-03,4.919452667236328125e-01,-1.092796325683593750e+00,7.054091691970825195e-01,-4.453376233577728271e-01,4.582595825195312500e-01,2.983537614345550537e-01,-6.516337394714355469e-02,7.267457246780395508e-01,0.000000000000000000e+00,0.000000000000000000e+00,0.000000000000000000e+00,0.000000000000000000e+00,0.000000000000000000e+00,0.000000000000000000e+00,0.000000000000000000e+00,-9.193184375762939453e-01,-5.315223336219787598e-01,8.743807077407836914e-01,5.643137097358703613e-01,-5.648466944694519043e-01,2.762521430850028992e-02,-4.588042199611663818e-01,0.000000000000000000e+00,0.000000000000000000e+00,0.000000000000000000e+00,0.000000000000000000e+00,0.000000000000000000e+00,0.000000000000000000e+00,0.000000000000000000e+00
9.899000823497772217e-02,-8.039793930947780609e-03,7.703062891960144043e-01,-2.833715267479419708e-02,5.680410563945770264e-02,7.517945766448974609e-01,6.563346982002258301e-01,-7.706243544816970825e-02,3.095928728580474854e-01,2.063799202442169189e-01,1.811571270227432251e-01,-2.447597235441207886e-01,-3.323303163051605225e-02,-3.592604398727416992e-01,-2.619466483592987061e-01,-1.419110149145126343e-01,1.992361992597579956e-01,-1.219527721405029297e-01,8.948248624801635742e-02,-1.327369064092636108e-01,7.866332307457923889e-03,4.944446086883544922e-01,-9.760680198669433594e-01,7.213659882545471191e-01,-4.039943516254425049e-01,4.658069312572479248e-01,3.224510252475738525e-01,-6.790217012166976929e-02,7.487477660179138184e-01,0.000000000000000000e+00,0.000000000000000000e+00,0.000000000000000000e+00,0.000000000000000000e+00,0.000000000000000000e+00,0.000000000000000000e+00,0.000000000000000000e+00,-9.069144725799560547e-01,-5.371986031532287598e-01,8.905053138732910156e-01,5.598205924034118652e-01,-5.987751483917236328e-01,2.390293404459953308e-02,-4.679874181747436523e-01,0.000000000000000000e+00,0.000000000000000000e+00,0.000000000000000000e+00,0.000000000000000000e+00,0.000000000000000000e+00,0.000000000000000000e+00,0.000000000000000000e+00
9.389585256576538086e-02,-1.439813151955604553e-02,7.687799930572509766e-01,-2.669008262455463409e-02,5.749965459108352661e-02,7.528893351554870605e-01,6.550870537757873535e-01,-8.769434690475463867e-02,2.960688769817352295e-01,1.970705538988113403e-01,1.861040592193603516e-01,-2.693045735359191895e-01,-2.294319495558738708e-02,-3.689690828323364258e-01,-2.751773893833160400e-01,-1.344234496355056763e-01,2.026638090610504150e-01,-1.129417568445205688e-01,9.456083178520202637e-02,-1.071437746286392212e-01,6.850000005215406418e-03,4.981882274150848389e-01,-8.508024215698242188e-01,7.358151674270629883e-01,-3.532048165798187256e-01,4.685675203800201416e-01,3.365782201290130615e-01,-7.419694960117340088e-02,7.657380104064941406e-01,0.000000000000000000e+00,0.000000000000000000e+00,0.000000000000000000e+00,0.000000000000000000e+00,0.000000000000000000e+00,0.000000000000000000e+00,0.000000000000000000e+00,-8.901610970497131348e-01,-5.427060723304748535e-01,8.996700644493103027e-01,5.597376823425292969e-01,-6.242000460624694824e-01,1.405593845993280411e-02,-4.724677503108978271e-01,0.000000000000000000e+00,0.000000000000000000e+00,0.000000000000000000e+00,0.000000000000000000e+00,0.000000000000000000e+00,0.000000000000000000e+00,0.000000000000000000e+00
8.938328921794891357e-02,-2.034119889140129089e-02,7.672674655914306641e-01,-2.542324736714363098e-02,5.836378782987594604e-02,7.535495758056640625e-01,6.543014645576477051e-01,-9.751415252685546875e-02,2.837303578853607178e-01,1.889661550521850586e-01,1.903320550918579102e-01,-2.925506830215454102e-01,-1.533551607280969620e-02,-3.787227869033813477e-01,-2.868117094039916992e-01,-1.283732354640960693e-01,2.048058956861495972e-01,-1.034681499004364014e-01,1.015333160758018494e-01,-8.618401736021041870e-02,7.342466618865728378e-03,5.020279288291931152e-01,-7.375919818878173828e-01,7.501127123832702637e-01,-3.111508190631866455e-01,4.840160906314849854e-01,3.395132720470428467e-01,-7.859697937965393066e-02,7.703863382339477539e-01,0.000000000000000000e+00,0.000000000000000000e+00,0.000000000000000000e+00,0.000000000000000000e+00,0.000000000000000000e+00,0.000000000000000000e+00,0.000000000000000000e+00,-8.777189254760742188e-01,-5.460263490676879883e-01,9.108293652534484863e-01,5.678207874298095703e-01,-6.376909613609313965e-01,6.299464032053947449e-03,-4.710277616977691650e-01,0.000000000000000000e+00,0.000000000000000000e+00,0.000000000000000000e+00,0.000000000000000000e+00,0.000000000000000000e+00,0.000000000000000000e+00,0.000000000000000000e+00
8.567710965871810913e-02,-2.573111094534397125e-02,7.659378051757812500e-01,-2.488044463098049164e-02,5.866058543324470520e-02,7.556394338607788086e-01,6.518810391426086426e-01,-1.064652204513549805e-01,2.741455435752868652e-01,1.834117919206619263e-01,1.897678971290588379e-01,-3.122910261154174805e-01,-8.923511952161788940e-03,-3.850063681602478027e-01,-2.971234023571014404e-01,-1.258397251367568970e-01,2.041033655405044556e-01,-9.265994280576705933e-02,1.126946359872817993e-01,-6.354899704456329346e-02,5.724254064261913300e-03,5.060066580772399902e-01,-6.402935385704040527e-01,7.653859257698059082e-01,-2.721613645553588867e-01,5.034404397010803223e-01,3.349222242832183838e-01,-8.467103540897369385e-02,7.701595425605773926e-01,0.000000000000000000e+00,0.000000000000000000e+00,0.000000000000000000e+00,0.000000000000000000e+00,0.000000000000000000e+00,0.000000000000000000e+00,0.000000000000000000e+00,-8.613554835319519043e-01,-5.471873283386230469e-01,9.177255630493164062e-01,5.783403515815734863e-01,-6.447093486785888672e-01,2.011687727645039558e-03,-4.712311923503875732e-01,0.000000000000000000e+00,0.000000000000000000e+00,0.000000000000000000e+00,0.000000000000000000e+00,0.000000000000000000e+00,0.000000000000000000e+00,0.000000000000000000e+00
8.285173773765563965e-02,-3.025766089558601379e-02,7.649055123329162598e-01,-2.471788786351680756e-02,6.010744720697402954e-02,7.572141885757446289e-01,6.499252319335937500e-01,-1.180029734969139099e-01,2.647525072097778320e-01,1.764905154705047607e-01,1.924372911453247070e-01,-3.249037265777587891e-01,-3.913581836968660355e-03,-3.929817676544189453e-01,-3.074450790882110596e-01,-1.268480867147445679e-01,2.036215364933013916e-01,-8.204843848943710327e-02,1.196790486574172974e-01,-3.844215348362922668e-02,7.439207751303911209e-03,5.099850296974182129e-01,-5.561894774436950684e-01,7.809829711914062500e-01,-2.397795170545578003e-01,5.162402987480163574e-01,3.284283876419067383e-01,-8.990907669067382812e-02,7.657335996627807617e-01,0.000000000000000000e+00,0.000000000000000000e+00,0.000000000000000000e+00,0.000000000000000000e+00,0.000000000000000000e+00,0.000000000000000000e+00,0.000000000000000000e+00,-8.452777266502380371e-01,-5.487596988677978516e-01,9.252833724021911621e-01,5.919994711875915527e-01,-6.379984617233276367e-01,-1.515501062385737896e-03,-4.587510526180267334e-01,0.000000000000000000e+00,0.000000000000000000e+00,0.000000000000000000e+00,0.000000000000000000e+00,0.000000000000000000e+00,0.000000000000000000e+00,0.000000000000000000e+00
8.096975833177566528e-02,-3.378657251596450806e-02,7.644387483596801758e-01,-2.580528706312179565e-02,6.172114238142967224e-02,7.592815160751342773e-01,6.473145484924316406e-01,-1.302039176225662231e-01,2.586945295333862305e-01,1.736720651388168335e-01,1.932708621025085449e-01,-3.296813964843750000e-01,-2.932631876319646835e-03,-3.986130058765411377e-01,-3.160117268562316895e-01,-1.354833543300628662e-01,1.996623724699020386e-01,-7.038283348083496094e-02,1.293515115976333618e-01,-1.671983487904071808e-02,9.418871253728866577e-03,5.136079788208007812e-01,-4.901297688484191895e-01,7.972751259803771973e-01,-2.078766077756881714e-01,5.203194618225097656e-01,3.215432465076446533e-01,-9.047064185142517090e-02,7.615071535110473633e-01,0.000000000000000000e+00,0.000000000000000000e+00,0.000000000000000000e+00,0.000000000000000000e+00,0.000000000000000000e+00,0.000000000000000000e+00,0.000000000000000000e+00,-8.325302600860595703e-01,-5.513429641723632812e-01,9.260248541831970215e-01,6.098356842994689941e-01,-6.357973814010620117e-01,2.040016930550336838e-03,-4.494495093822479248e-01,0.000000000000000000e+00,0.000000000000000000e+00,0.000000000000000000e+00,0.000000000000000000e+00,0.000000000000000000e+00,0.000000000000000000e+00,0.000000000000000000e+00
8.003647625446319580e-02,-3.627607598900794983e-02,7.638670802116394043e-01,-2.787823975086212158e-02,6.457540392875671387e-02,7.620714306831359863e-01,6.436613202095031738e-01,-1.457258313894271851e-01,2.520391941070556641e-01,1.639488935470581055e-01,1.933099180459976196e-01,-3.316724300384521484e-01,-7.489847484976053238e-04,-4.054927527904510498e-01,-3.249868452548980713e-01,-1.465687900781631470e-01,1.959070563316345215e-01,-6.498482078313827515e-02,1.293195486068725586e-01,6.836802233010530472e-03,1.703992858529090881e-02,5.168676972389221191e-01,-4.321561455726623535e-01,8.186817765235900879e-01,-1.867289990186691284e-01,5.071622729301452637e-01,3.180595040321350098e-01,-9.382410347461700439e-02,7.519105672836303711e-01,0.000000000000000000e+00,0.000000000000000000e+00,0.000000000000000000e+00,0.000000000000000000e+00,0.000000000000000000e+00,0.000000000000000000e+00,0.000000000000000000e+00,-8.207831978797912598e-01,-5.575439929962158203e-01,9.296109080314636230e-01,6.307851076126098633e-01,-6.243158578872680664e-01,1.052542240358889103e-03,-4.331770837306976318e-01,0.000000000000000000e+00,0.000000000000000000e+00,0.000000000000000000e+00,0.000000000000000000e+00,0.000000000000000000e+00,0.000000000000000000e+00,0.000000000000000000e+00
7.995661348104476929e-02,-3.765507787466049194e-02,7.633765935897827148e-01,-3.035543486475944519e-02,6.705747544765472412e-02,7.650557160377502441e-01,6.397433876991271973e-01,-1.553816646337509155e-01,2.469088137149810791e-01,1.528799831867218018e-01,1.832173466682434082e-01,-3.300088047981262207e-01,-5.316261202096939087e-03,-4.111067950725555420e-01,-3.317234218120574951e-01,-1.586734354496002197e-01,1.939261406660079956e-01,-6.219865381717681885e-02,1.318397074937820435e-01,3.065439127385616302e-02,2.696866169571876526e-02,5.199996232986450195e-01,-3.808247148990631104e-01,8.417539596557617188e-01,-1.645583212375640869e-01,4.905260503292083740e-01,3.237966895103454590e-01,-9.714916348457336426e-02,7.413137555122375488e-01,0.000000000000000000e+00,0.000000000000000000e+00,0.000000000000000000e+00,0.000000000000000000e+00,0.000000000000000000e+00,0.000000000000000000e+00,0.000000000000000000e+00,-8.070959448814392090e-01,-5.617490410804748535e-01,9.242157936096191406e-01,6.475994586944580078e-01,-6.162811517715454102e-01,3.610200248658657074e-03,-4.164364933967590332e-01,0.000000000000000000e+00,0.000000000000000000e+00,0.000000000000000000e+00,0.000000000000000000e+00,0.000000000000000000e+00,0.000000000000000000e+00,0.000000000000000000e+00
8.074982464313507080e-02,-3.825101256370544434e-02,7.629317641258239746e-01,-3.489109128713607788e-02,6.991703808307647705e-02,7.676107883453369141e-01,6.361351013183593750e-01,-1.691516190767288208e-01,2.466365694999694824e-01,1.443619281053543091e-01,1.755904257297515869e-01,-3.272365629673004150e-01,-9.683582000434398651e-03,-4.226585328578948975e-01,-3.340850174427032471e-01,-1.665325760841369629e-01,1.966209411621093750e-01,-6.055494025349617004e-02,1.325574219226837158e-01,5.011409893631935120e-02,3.706083446741104126e-02,5.199999809265136719e-01,-3.324317932128906250e-01,8.633962869644165039e-01,-1.382825523614883423e-01,4.699628353118896484e-01,3.327748477458953857e-01,-9.923081845045089722e-02,7.389373779296875000e-01,0.000000000000000000e+00,0.000000000000000000e+00,0.000000000000000000e+00,0.000000000000000000e+00,0.000000000000000000e+00,0.000000000000000000e+00,0.000000000000000000e+00,-8.009737730026245117e-01,-5.609697699546813965e-01,9.161919951438903809e-01,6.660805344581604004e-01,-6.150183677673339844e-01,1.123228389769792557e-02,-4.097864925861358643e-01,0.000000000000000000e+00,0.000000000000000000e+00,0.000000000000000000e+00,0.000000000000000000e+00,0.000000000000000000e+00,0.000000000000000000e+00,0.000000000000000000e+00
8.243139833211898804e-02,-3.821061924099922180e-02,7.621430158615112305e-01,-4.060427471995353699e-02,7.344531267881393433e-02,7.696297764778137207e-01,6.329510807991027832e-01,-1.861437261104583740e-01,2.492514401674270630e-01,1.374674439430236816e-01,1.706144362688064575e-01,-3.261460661888122559e-01,-1.343823038041591644e-02,-4.417571723461151123e-01,-3.357554078102111816e-01,-1.771087944507598877e-01,2.091256827116012573e-01,-6.549453735351562500e-02,1.287618428468704224e-01,6.810618191957473755e-02,4.779740422964096069e-02,5.199999809265136719e-01,-2.852661907672882080e-01,8.823366761207580566e-01,-1.000015363097190857e-01,4.330781996250152588e-01,3.436369001865386963e-01,-1.018065959215164185e-01,7.419525384902954102e-01,0.000000000000000000e+00,0.000000000000000000e+00,0.000000000000000000e+00,0.000000000000000000e+00,0.000000000000000000e+00,0.000000000000000000e+00,0.000000000000000000e+00,-8.035511970520019531e-01,-5.559358000755310059e-01,9.064834117889404297e-01,6.896838545799255371e-01,-6.155562996864318848e-01,1.646875962615013123e-02,-4.048531055450439453e-01,0.000000000000000000e+00,0.000000000000000000e+00,0.000000000000000000e+00,0.000000000000000000e+00,0.000000000000000000e+00,0.000000000000000000e+00,0.000000000000000000e+00
8.488862216472625732e-02,-3.706227242946624756e-02,7.611891031265258789e-01,-4.342996329069137573e-02,7.567817717790603638e-02,7.710865139961242676e-01,6.307235956192016602e-01,-1.924811750650405884e-01,2.522470653057098389e-01,1.355899125337600708e-01,1.639099121093750000e-01,-3.252059221267700195e-01,-1.736648008227348328e-02,-4.530005753040313721e-01,-3.370820879936218262e-01,-1.871440708637237549e-01,2.213281095027923584e-01,-7.606898993253707886e-02,1.225196421146392822e-01,8.019060641527175903e-02,5.629106611013412476e-02,5.199999809265136719e-01,-2.479766607284545898e-01,8.884271383285522461e-01,-6.735315173864364624e-02,4.130609929561614990e-01,3.424830436706542969e-01,-1.060031577944755554e-01,7.488931417465209961e-01,0.000000000000000000e+00,0.000000000000000000e+00,0.000000000000000000e+00,0.000000000000000000e+00,0.000000000000000000e+00,0.000000000000000000e+00,0.000000000000000000e+00,-7.999075055122375488e-01,-5.488646626472473145e-01,9.007050991058349609e-01,6.976037621498107910e-01,-6.137645244598388672e-01,1.864960230886936188e-02,-4.023323953151702881e-01,0.000000000000000000e+00,0.000000000000000000e+00,0.000000000000000000e+00,0.000000000000000000e+00,0.000000000000000000e+00,0.000000000000000000e+00,0.000000000000000000e+00
8.816733211278915405e-02,-3.539057075977325439e-02,7.602741718292236328e-01,-4.697060585021972656e-02,7.809416949748992920e-02,7.715089321136474609e-01,6.296579241752624512e-01,-2.002468258142471313e-01,2.584070861339569092e-01,1.352594643831253052e-01,1.605328619480133057e-01,-3.231098651885986328e-01,-2.127736806869506836e-02,-4.690758287906646729e-01,-3.349992036819458008e-01,-1.926749050617218018e-01,2.391517460346221924e-01,-8.852805197238922119e-02,1.166156083345413208e-01,8.692291378974914551e-02,6.317747384309768677e-02,5.199999809265136719e-01,-2.217654883861541748e-01,8.907086253166198730e-01,-3.577487170696258545e-02,3.990500569343566895e-01,3.361653387546539307e-01,-1.087179481983184814e-01,7.575042247772216797e-01,0.000000000000000000e+00,0.000000000000000000e+00,0.000000000000000000e+00,0.000000000000000000e+00,0.000000000000000000e+00,0.000000000000000000e+00,0.000000000000000000e+00,-8.041940927505493164e-01,-5.373680591583251953e-01,8.981333971023559570e-01,7.042735219001770020e-01,-6.131741404533386230e-01,2.068014256656169891e-02,-4.045403599739074707e-01,0.000000000000000000e+00,0.000000000000000000e+00,0.000000000000000000e+00,0.000000000000000000e+00,0.000000000000000000e+00,0.000000000000000000e+00,0.000000000000000000e+00
9.219495207071304321e-02,-3.310364112257957458e-02,7.589954137802124023e-01,-5.023398250341415405e-02,8.118175715208053589e-02,7.706370949745178223e-01,6.300829648971557617e-01,-2.073120772838592529e-01,2.655026614665985107e-01,1.365487873554229736e-01,1.595520824193954468e-01,-3.220950067043304443e-01,-2.369533851742744446e-02,-4.881486296653747559e-01,-3.311766684055328369e-01,-1.934526860713958740e-01,2.601065933704376221e-01,-1.065054461359977722e-01,1.069786027073860168e-01,8.554182201623916626e-02,7.009075582027435303e-02,5.199999809265136719e-01,-2.056507617235183716e-01,8.839333653450012207e-01,-9.949083440005779266e-03,3.965344429016113281e-01,3.261711597442626953e-01,-1.088535189628601074e-01,7.728399038314819336e-01,0.000000000000000000e+00,0.000000000000000000e+00,0.000000000000000000e+00,0.000000000000000000e+00,0.000000000000000000e+00,0.000000000000000000e+00,0.000000000000000000e+00,-8.118962645530700684e-01,-5.224656462669372559e-01,8.963322043418884277e-01,7.083052992820739746e-01,-6.123564243316650391e-01,2.309241332113742828e-02,-4.171815514564514160e-01,0.000000000000000000e+00,0.000000000000000000e+00,0.000000000000000000e+00,0.000000000000000000e+00,0.000000000000000000e+00,0.000000000000000000e+00,0.000000000000000000e+00
9.689958393573760986e-02,-3.022407740354537964e-02,7.579786181449890137e-01,-5.365145206451416016e-02,8.449579775333404541e-02,7.686208486557006836e-01,6.318259239196777344e-01,-2.133153825998306274e-01,2.747967541217803955e-01,1.413211524486541748e-01,1.599186211824417114e-01,-3.180521726608276367e-01,-2.690790779888629913e-02,-5.076135993003845215e-01,-3.240515887737274170e-01,-1.915214508771896362e-01,2.800557017326354980e-01,-1.232447996735572815e-01,9.935585409402847290e-02,7.655079662799835205e-02,7.267653197050094604e-02,5.199999809265136719e-01,-2.042099684476852417e-01,8.731791973114013672e-01,7.179280277341604233e-03,4.074661433696746826e-01,3.156673014163970947e-01,-1.086407154798507690e-01,7.896126508712768555e-01,0.000000000000000000e+00,0.000000000000000000e+00,0.000000000000000000e+00,0.000000000000000000e+00,0.000000000000000000e+00,0.000000000000000000e+00,0.000000000000000000e+00,-8.210232853889465332e-01,-5.046057105064392090e-01,9.025633335113525391e-01,7.031164169311523438e-01,-6.104461550712585449e-01,2.332260645925998688e-02,-4.302709400653839111e-01,0.000000000000000000e+00,0.000000000000000000e+00,0.000000000000000000e+00,0.000000000000000000e+00,0.000000000000000000e+00,0.000000000000000000e+00,0.000000000000000000e+00
1.022363901138305664e-01,-2.695617452263832092e-02,7.572281956672668457e-01,-5.771517753601074219e-02,8.968818932771682739e-02,7.654734253883361816e-01,6.345670819282531738e-01,-2.233890146017074585e-01,2.832374274730682373e-01,1.444492340087890625e-01,1.638125926256179810e-01,-3.083840310573577881e-01,-3.011235781013965607e-02,-5.350390672683715820e-01,-3.155799210071563721e-01,-1.811998337507247925e-01,3.059333562850952148e-01,-1.408084332942962646e-01,8.946777135133743286e-02,5.922663584351539612e-02,7.547610253095626831e-02,5.199999809265136719e-01,-2.221569269895553589e-01,8.559513092041015625e-01,9.688750840723514557e-03,4.385200738906860352e-01,2.978645563125610352e-01,-1.104836314916610718e-01,8.029043078422546387e-01,0.000000000000000000e+00,0.000000000000000000e+00,0.000000000000000000e+00,0.000000000000000000e+00,0.000000000000000000e+00,0.000000000000000000e+00,0.000000000000000000e+00,-8.324962854385375977e-01,-4.858573377132415771e-01,9.090174436569213867e-01,7.016555070877075195e-01,-6.043923497200012207e-01,1.939991861581802368e-02,-4.460220932960510254e-01,0.000000000000000000e+00,0.000000000000000000e+00,0.000000000000000000e+00,0.000000000000000000e+00,0.000000000000000000e+00,0.000000000000000000e+00,0.000000000000000000e+00
1.079837530851364136e-01,-2.294230647385120392e-02,7.569490671157836914e-01,-6.068259105086326599e-02,9.470189362764358521e-02,7.612802982330322266e-01,6.385933756828308105e-01,-2.270760685205459595e-01,2.922787666320800781e-01,1.533411890268325806e-01,1.649799495935440063e-01,-2.920495271682739258e-01,-3.747267648577690125e-02,-5.575230717658996582e-01,-3.057033419609069824e-01,-1.734562665224075317e-01,3.273469805717468262e-01,-1.548993885517120361e-01,8.296744525432586670e-02,3.525235503911972046e-02,7.546535134315490723e-02,5.199999809265136719e-01,-2.530093193054199219e-01,8.353849649429321289e-01,1.560398144647479057e-03,4.819208681583404541e-01,2.726231515407562256e-01,-1.134872138500213623e-01,8.163889646530151367e-01,0.000000000000000000e+00,0.000000000000000000e+00,0.000000000000000000e+00,0.000000000000000000e+00,0.000000000000000000e+00,0.000000000000000000e+00,0.000000000000000000e+00,-8.370692729949951172e-01,-4.635661542415618896e-01,9.165824651718139648e-01,6.930087804794311523e-01,-5.952777266502380371e-01,1.523968204855918884e-02,-4.622759521007537842e-01,0.000000000000000000e+00,0.000000000000000000e+00,0.000000000000000000e+00,0.000000000000000000e+00,0.000000000000000000e+00,0.000000000000000000e+00,0.000000000000000000e+00
1.140907183289527893e-01,-1.835219934582710266e-02,7.574237585067749023e-01,-6.310790032148361206e-02,9.919020533561706543e-02,7.572097182273864746e-01,6.425045728683471680e-01,-2.290286868810653687e-01,3.025752604007720947e-01,1.662290543317794800e-01,1.674663275480270386e-01,-2.671889066696166992e-01,-4.543510451912879944e-02,-5.737361907958984375e-01,-2.942537069320678711e-01,-1.664216369390487671e-01,3.422121405601501465e-01,-1.644092202186584473e-01,7.775601744651794434e-02,5.694166757166385651e-03,7.756227999925613403e-02,5.199999809265136719e-01,-3.024427890777587891e-01,8.064745664596557617e-01,-1.830400340259075165e-02,5.311446189880371094e-01,2.263363301753997803e-01,-1.231437921524047852e-01,8.182119131088256836e-01,0.000000000000000000e+00,0.000000000000000000e+00,0.000000000000000000e+00,0.000000000000000000e+00,0.000000000000000000e+00,0.000000000000000000e+00,0.000000000000000000e+00,-8.411381244659423828e-01,-4.481964111328125000e-01,9.223303198814392090e-01,6.929616928100585938e-01,-5.765981078147888184e-01,4.049072042107582092e-03,-4.782949686050415039e-01,0.000000000000000000e+00,0.000000000000000000e+00,0.000000000000000000e+00,0.000000000000000000e+00,0.000000000000000000e+00,0.000000000000000000e+00,0.000000000000000000e+00
1.202878728508949280e-01,-1.317467540502548218e-02,7.580111026763916016e-01,-6.556954234838485718e-02,1.046733781695365906e-01,7.514214515686035156e-01,6.481588482856750488e-01,-2.301346808671951294e-01,3.128874003887176514e-01,1.819682717323303223e-01,1.711318045854568481e-01,-2.379604578018188477e-01,-5.352099984884262085e-02,-5.928570628166198730e-01,-2.815308868885040283e-01,-1.578776389360427856e-01,3.589205443859100342e-01,-1.726616024971008301e-01,7.311256229877471924e-02,-3.341249004006385803e-02,7.963450253009796143e-02,5.199999809265136719e-01,-3.759255409240722656e-01,7.801281809806823730e-01,-5.009952187538146973e-02,5.791030526161193848e-01,1.749375760555267334e-01,-1.326670646667480469e-01,8.117936253547668457e-01,0.000000000000000000e+00,0.000000000000000000e+00,0.000000000000000000e+00,0.000000000000000000e+00,0.000000000000000000e+00,0.000000000000000000e+00,0.000000000000000000e+00,-8.453348875045776367e-01,-4.335341751575469971e-01,9.254772663116455078e-01,6.949717402458190918e-01,-5.535856485366821289e-01,-6.622947752475738525e-03,-4.966495037078857422e-01,0.000000000000000000e+00,0.000000000000000000e+00,0.000000000000000000e+00,0.000000000000000000e+00,0.000000000000000000e+00,0.000000000000000000e+00,0.000000000000000000e+00
1.264734715223312378e-01,-7.481773383915424347e-03,7.585173845291137695e-01,-6.895328313112258911e-02,1.111447662115097046e-01,7.453484535217285156e-01,6.537185907363891602e-01,-2.340609729290008545e-01,3.233220577239990234e-01,1.975987106561660767e-01,1.749419569969177246e-01,-2.050120085477828979e-01,-6.298656016588211060e-02,-6.148779392242431641e-01,-2.680932879447937012e-01,-1.467252373695373535e-01,3.764455318450927734e-01,-1.796757578849792480e-01,6.848614662885665894e-02,-7.616663724184036255e-02,8.110683411359786987e-02,5.199999809265136719e-01,-4.691782295703887939e-01,7.545455098152160645e-01,-8.977229893207550049e-02,6.246206164360046387e-01,1.198343485593795776e-01,-1.449961662292480469e-01,8.077190518379211426e-01,0.000000000000000000e+00,0.000000000000000000e+00,0.000000000000000000e+00,0.000000000000000000e+00,0.000000000000000000e+00,0.000000000000000000e+00,0.000000000000000000e+00,-8.496333956718444824e-01,-4.233677387237548828e-01,9.238919019699096680e-01,7.015272378921508789e-01,-5.194612741470336914e-01,-1.600735262036323547e-02,-5.161120295524597168e-01,0.000000000000000000e+00,0.000000000000000000e+00,0.000000000000000000e+00,0.000000000000000000e+00,0.000000000000000000e+00,0.000000000000000000e+00,0.000000000000000000e+00
1.324662119150161743e-01,-1.267137704417109489e-03,7.582839727401733398e-01,-7.372649759054183960e-02,1.187505275011062622e-01,7.395114898681640625e-01,6.584720611572265625e-01,-2.406700104475021362e-01,3.335693776607513428e-01,2.131464928388595581e-01,1.760633587837219238e-01,-1.758617013692855835e-01,-7.098916172981262207e-02,-6.422702074050903320e-01,-2.565508782863616943e-01,-1.389342695474624634e-01,4.000083506107330322e-01,-1.902058422565460205e-01,6.363765150308609009e-02,-1.222202777862548828e-01,8.479540050029754639e-02,5.199999809265136719e-01,-5.870338678359985352e-01,7.398232817649841309e-01,-1.445921212434768677e-01,6.540037393569946289e-01,7.343329489231109619e-02,-1.536298245191574097e-01,7.986740469932556152e-01,0.000000000000000000e+00,0.000000000000000000e+00,0.000000000000000000e+00,0.000000000000000000e+00,0.000000000000000000e+00,0.000000000000000000e+00,0.000000000000000000e+00,-8.523164391517639160e-01,-4.204281866550445557e-01,9.145358204841613770e-01,7.090350985527038574e-01,-4.885054528713226318e-01,-2.161012776196002960e-02,-5.311418175697326660e-01,0.000000000000000000e+00,0.000000000000000000e+00,0.000000000000000000e+00,0.000000000000000000e+00,0.000000000000000000e+00,0.000000000000000000e+00,0.000000000000000000e+00
1.382682025432586670e-01,5.580970086157321930e-03,7.583262324333190918e-01,-7.898598164319992065e-02,1.279972344636917114e-01,7.334266901016235352e-01,6.629202365875244141e-01,-2.510566115379333496e-01,3.402647376060485840e-01,2.204629331827163696e-01,1.775976866483688354e-01,-1.397893875837326050e-01,-7.794534415006637573e-02,-6.672323942184448242e-01,-2.456423193216323853e-01,-1.298182159662246704e-01,4.132266938686370850e-01,-1.986376047134399414e-01,6.256810575723648071e-02,-1.659408807754516602e-01,8.973466604948043823e-02,5.199999809265136719e-01,-7.314915060997009277e-01,7.321017384529113770e-01,-2.256766259670257568e-01,6.808871626853942871e-01,4.256619140505790710e-02,-1.549410074949264526e-01,7.752375602722167969e-01,0.000000000000000000e+00,0.000000000000000000e+00,0.000000000000000000e+00,0.000000000000000000e+00,0.000000000000000000e+00,0.000000000000000000e+00,0.000000000000000000e+00,-8.617439270019531250e-01,-4.245406389236450195e-01,9.079169631004333496e-01,7.176347970962524414e-01,-4.531545639038085938e-01,-2.624329552054405212e-02,-5.325484871864318848e-01,0.000000000000000000e+00,0.000000000000000000e+00,0.000000000000000000e+00,0.000000000000000000e+00,0.000000000000000000e+00,0.000000000000000000e+00,0.000000000000000000e+00
1.437543928623199463e-01,1.291854400187730789e-02,7.583160996437072754e-01,-8.453411608934402466e-02,1.375340372323989868e-01,7.275678515434265137e-01,6.667708754539489746e-01,-2.606438696384429932e-01,3.443788886070251465e-01,2.207419127225875854e-01,1.756962835788726807e-01,-1.066020727157592773e-01,-8.147112280130386353e-02,-6.918429136276245117e-01,-2.351662814617156982e-01,-1.198384612798690796e-01,4.263272285461425781e-01,-2.076820880174636841e-01,5.839966982603073120e-02,-2.078722417354583740e-01,9.649182111024856567e-02,5.199999809265136719e-01,-9.156820178031921387e-01,7.260452508926391602e-01,-3.221558630466461182e-01,7.109927535057067871e-01,3.464629128575325012e-02,-1.438009589910507202e-01,7.488638758659362793e-01,0.000000000000000000e+00,0.000000000000000000e+00,0.000000000000000000e+00,0.000000000000000000e+00,0.000000000000000000e+00,0.000000000000000000e+00,0.000000000000000000e+00,-8.730883598327636719e-01,-4.343951940536499023e-01,9.024515748023986816e-01,7.207039594650268555e-01,-4.206616282463073730e-01,-2.808764763176441193e-02,-5.359243750572204590e-01,0.000000000000000000e+00,0.000000000000000000e+00,0.000000000000000000e+00,0.000000000000000000e+00,0.000000000000000000e+00,0.000000000000000000e+00,0.000000000000000000e+00
1.488889455795288086e-01,2.055998146533966064e-02,7.585982680320739746e-01,-9.203478693962097168e-02,1.476050615310668945e-01,7.240917086601257324e-01,6.674080491065979004e-01,-2.773330509662628174e-01,3.477155864238739014e-01,2.119362801313400269e-01,1.696101129055023193e-01,-6.963009387254714966e-02,-9.383552521467208862e-02,-7.150940895080566406e-01,-2.275981009006500244e-01,-1.146935299038887024e-01,4.340058565139770508e-01,-2.148318439722061157e-01,5.228901281952857971e-02,-2.388485223054885864e-01,1.052390784025192261e-01,5.199999809265136719e-01,-1.154221057891845703e+00,7.050794363021850586e-01,-4.493220746517181396e-01,7.810077667236328125e-01,2.699201181530952454e-02,-1.263516694307327271e-01,7.182306647300720215e-01,0.000000000000000000e+00,0.000000000000000000e+00,0.000000000000000000e+00,0.000000000000000000e+00,0.000000000000000000e+00,0.000000000000000000e+00,0.000000000000000000e+00,-8.903816342353820801e-01,-4.488523602485656738e-01,8.922182917594909668e-01,7.326853871345520020e-01,-3.874856829643249512e-01,-2.504567243158817291e-02,-5.504105687141418457e-01,0.000000000000000000e+00,0.000000000000000000e+00,0.000000000000000000e+00,0.000000000000000000e+00,0.000000000000000000e+00,0.000000000000000000e+00,0.000000000000000000e+00
1.536239981651306152e-01,2.867859601974487305e-02,7.591328024864196777e-01,-9.835191816091537476e-02,1.568303853273391724e-01,7.188289165496826172e-01,6.700866222381591797e-01,-2.853706479072570801e-01,3.514914512634277344e-01,2.074393630027770996e-01,1.601068824529647827e-01,-3.660094738006591797e-02,-1.083970293402671814e-01,-7.339783906936645508e-01,-2.165851742029190063e-01,-1.049555987119674683e-01,4.390654861927032471e-01,-2.206225246191024780e-01,5.189902707934379578e-02,-2.710214257240295410e-01,1.114444732666015625e-01,5.199999809265136719e-01,-1.384615063667297363e+00,6.635859608650207520e-01,-5.546279549598693848e-01,8.218699097633361816e-01,5.774701479822397232e-03,-1.139845699071884155e-01,6.816315054893493652e-01,0.000000000000000000e+00,0.000000000000000000e+00,0.000000000000000000e+00,0.000000000000000000e+00,0.000000000000000000e+00,0.000000000000000000e+00,0.000000000000000000e+00,-9.067413806915283203e-01,-4.603709280490875244e-01,8.900430202484130859e-01,7.371421456336975098e-01,-3.773166537284851074e-01,-1.799602992832660675e-02,-5.535930991172790527e-01,0.000000000000000000e+00,0.000000000000000000e+00,0.000000000000000000e+00,0.000000000000000000e+00,0.000000000000000000e+00,0.000000000000000000e+00,0.000000000000000000e+00
1.578803509473800659e-01,3.684283792972564697e-02,7.594870328903198242e-01,-1.052585616707801819e-01,1.658671349287033081e-01,7.161915302276611328e-01,6.696853041648864746e-01,-2.948871552944183350e-01,3.535450696945190430e-01,1.961916387081146240e-01,1.460918337106704712e-01,-8.689870126545429230e-03,-1.291083544492721558e-01,-7.550237178802490234e-01,-2.112568765878677368e-01,-1.013659387826919556e-01,4.525988996028900146e-01,-2.289106249809265137e-01,4.831918701529502869e-02,-2.898257374763488770e-01,1.222381517291069031e-01,5.199999809265136719e-01,-1.586786389350891113e+00,6.244681477546691895e-01,-6.499629616737365723e-01,8.730784654617309570e-01,-3.067097626626491547e-02,-1.113163009285926819e-01,6.465895771980285645e-01,0.000000000000000000e+00,0.000000000000000000e+00,0.000000000000000000e+00,0.000000000000000000e+00,0.000000000000000000e+00,0.000000000000000000e+00,0.000000000000000000e+00,-9.172260165214538574e-01,-4.718015193939208984e-01,8.863992691040039062e-01,7.516593933105468750e-01,-3.658215701580047607e-01,-6.889342796057462692e-03,-5.649094581604003906e-01,0.000000000000000000e+00,0.000000000000000000e+00,0.000000000000000000e+00,0.000000000000000000e+00,0.000000000000000000e+00,0.000000000000000000e+00,0.000000000000000000e+00
1.616844385862350464e-01,4.502709209918975830e-02,7.607002854347229004e-01,-1.108101159334182739e-01,1.726322919130325317e-01,7.153551578521728516e-01,6.679717302322387695e-01,-2.979584932327270508e-01,3.565563857555389404e-01,1.951777189970016479e-01,1.318632364273071289e-01,1.547186914831399918e-02,-1.511909216642379761e-01,-7.630304694175720215e-01,-2.077013403177261353e-01,-1.020523160696029663e-01,4.548565745353698730e-01,-2.326033115386962891e-01,5.310298502445220947e-02,-3.101445436477661133e-01,1.342430561780929565e-01,5.199999809265136719e-01,-1.741282582283020020e+00,5.862524509429931641e-01,-7.259793281555175781e-01,9.135763645172119141e-01,-6.045716255903244019e-02,-1.082333549857139587e-01,6.056830883026123047e-01,0.000000000000000000e+00,0.000000000000000000e+00,0.000000000000000000e+00,0.000000000000000000e+00,0.000000000000000000e+00,0.000000000000000000e+00,0.000000000000000000e+00,-9.182809591293334961e-01,-4.807383418083190918e-01,8.751810789108276367e-01,7.682996988296508789e-01,-3.418207168579101562e-01,-5.166330840438604355e-03,-5.830755829811096191e-01,0.000000000000000000e+00,0.000000000000000000e+00,0.000000000000000000e+00,0.000000000000000000e+00,0.000000000000000000e+00,0.000000000000000000e+00,0.000000000000000000e+00
1.650003343820571899e-01,5.261677131056785583e-02,7.612615823745727539e-01,-1.143078356981277466e-01,1.787096560001373291e-01,7.133101820945739746e-01,6.679709553718566895e-01,-2.989386022090911865e-01,3.592392504215240479e-01,1.937965899705886841e-01,1.248667836189270020e-01,3.210528194904327393e-02,-1.680860221385955811e-01,-7.722373008728027344e-01,-2.051921337842941284e-01,-1.011650189757347107e-01,4.642006158828735352e-01,-2.412209361791610718e-01,5.085436254739761353e-02,-3.180066943168640137e-01,1.461917012929916382e-01,5.199999809265136719e-01,-1.856621146202087402e+00,5.579215288162231445e-01,-7.804439663887023926e-01,9.426358342170715332e-01,-6.798723340034484863e-02,-1.004614457488059998e-01,5.814659595489501953e-01,0.000000000000000000e+00,0.000000000000000000e+00,0.000000000000000000e+00,0.000000000000000000e+00,0.000000000000000000e+00,0.000000000000000000e+00,0.000000000000000000e+00,-9.173053503036499023e-01,-4.888899624347686768e-01,8.573330640792846680e-01,7.793139815330505371e-01,-3.249644041061401367e-01,1.931343344040215015e-03,-5.932109951972961426e-01,0.000000000000000000e+00,0.000000000000000000e+00,0.000000000000000000e+00,0.000000000000000000e+00,0.000000000000000000e+00,0.000000000000000000e+00,0.000000000000000000e+00
1.677034944295883179e-01,5.960607156157493591e-02,7.616566419601440430e-01,-1.186784729361534119e-01,1.857987195253372192e-01,7.106304764747619629e-01,6.681306362152099609e-01,-3.046618103981018066e-01,3.617783784866333008e-01,1.957637220621109009e-01,1.242691799998283386e-01,3.866767510771751404e-02,-1.772276610136032104e-01,-7.862011790275573730e-01,-2.021973282098770142e-01,-9.654950350522994995e-02,4.738318026065826416e-01,-2.467357814311981201e-01,5.142802372574806213e-02,-3.215315341949462891e-01,1.613454818725585938e-01,5.199999809265136719e-01,-1.946656942367553711e+00,5.368367433547973633e-01,-8.309175968170166016e-01,9.647530913352966309e-01,-6.177950277924537659e-02,-9.421929717063903809e-02,5.552554726600646973e-01,0.000000000000000000e+00,0.000000000000000000e+00,0.000000000000000000e+00,0.000000000000000000e+00,0.000000000000000000e+00,0.000000000000000000e+00,0.000000000000000000e+00,-9.137978553771972656e-01,-4.920774400234222412e-01,8.378268480300903320e-01,7.874907255172729492e-01,-3.052334487438201904e-01,2.524764509871602058e-03,-6.070380806922912598e-01,0.000000000000000000e+00,0.000000000000000000e+00,0.000000000000000000e+00,0.000000000000000000e+00,0.000000000000000000e+00,0.000000000000000000e+00,0.000000000000000000e+00
1.697473675012588501e-01,6.564360857009887695e-02,7.619271874427795410e-01,-1.202534735202789307e-01,1.901192814111709595e-01,7.087233662605285645e-01,6.686590909957885742e-01,-3.060398101806640625e-01,3.637715578079223633e-01,1.999929249286651611e-01,1.278299838304519653e-01,4.486771672964096069e-02,-1.800689846277236938e-01,-7.916389703750610352e-01,-2.008417695760726929e-01,-9.242321550846099854e-02,4.813107550144195557e-01,-2.542920410633087158e-01,5.061110109090805054e-02,-3.268046677112579346e-01,1.700317114591598511e-01,5.199999809265136719e-01,-2.010730266571044922e+00,5.236936211585998535e-01,-8.700391054153442383e-01,9.825951457023620605e-01,-5.326945707201957703e-02,-8.739148080348968506e-02,5.305510759353637695e-01,0.000000000000000000e+00,0.000000000000000000e+00,0.000000000000000000e+00,0.000000000000000000e+00,0.000000000000000000e+00,0.000000000000000000e+00,0.000000000000000000e+00,-9.072365760803222656e-01,-4.920954108238220215e-01,8.196161389350891113e-01,7.906436920166015625e-01,-2.922183573246002197e-01,6.495364010334014893e-03,-6.137672066688537598e-01,0.000000000000000000e+00,0.000000000000000000e+00,0.000000000000000000e+00,0.000000000000000000e+00,0.000000000000000000e+00,0.000000000000000000e+00,0.000000000000000000e+00
1.710257232189178467e-01,7.062590122222900391e-02,7.618840932846069336e-01,-1.219786405563354492e-01,1.934963017702102661e-01,7.081540822982788086e-01,6.679806709289550781e-01,-3.080621063709259033e-01,3.648009896278381348e-01,2.027930766344070435e-01,1.292493939399719238e-01,4.209439083933830261e-02,-1.791206300258636475e-01,-7.983839511871337891e-01,-2.017882168292999268e-01,-9.074769914150238037e-02,4.921296834945678711e-01,-2.601422369480133057e-01,4.566395655274391174e-02,-3.284100890159606934e-01,1.790809184312820435e-01,5.199999809265136719e-01,-2.050098419189453125e+00,5.102549195289611816e-01,-8.908320665359497070e-01,9.878888726234436035e-01,-5.589660257101058960e-02,-8.687685430049896240e-02,5.121136307716369629e-01,0.000000000000000000e+00,0.000000000000000000e+00,0.000000000000000000e+00,0.000000000000000000e+00,0.000000000000000000e+00,0.000000000000000000e+00,0.000000000000000000e+00,-9.009777903556823730e-01,-4.990111589431762695e-01,8.125694394111633301e-01,7.831761837005615234e-01,-2.876093983650207520e-01,9.610547684133052826e-03,-6.063971519470214844e-01,0.000000000000000000e+00,0.000000000000000000e+00,0.000000000000000000e+00,0.000000000000000000e+00,0.000000000000000000e+00,0.000000000000000000e+00,0.000000000000000000e+00
1.715687513351440430e-01,7.468007504940032959e-02,7.622835040092468262e-01,-1.236401349306106567e-01,1.968279629945755005e-01,7.066780328750610352e-01,6.682649254798889160e-01,-3.082852065563201904e-01,3.639128208160400391e-01,2.061050385236740112e-01,1.289792954921722412e-01,3.913732618093490601e-02,-1.744297891855239868e-01,-8.003444075584411621e-01,-2.009508609771728516e-01,-8.708009123802185059e-02,4.900505244731903076e-01,-2.624922990798950195e-01,4.542536288499832153e-02,-3.305498659610748291e-01,1.873227357864379883e-01,5.199999809265136719e-01,-2.062271118164062500e+00,5.107377767562866211e-01,-9.054110050201416016e-01,9.789753556251525879e-01,-4.761446267366409302e-02,-8.551810681819915771e-02,5.093209743499755859e-01,0.000000000000000000e+00,0.000000000000000000e+00,0.000000000000000000e+00,0.000000000000000000e+00,0.000000000000000000e+00,0.000000000000000000e+00,0.000000000000000000e+00,-8.955370187759399414e-01,-5.020310878753662109e-01,8.026471138000488281e-01,7.770156264305114746e-01,-2.826519608497619629e-01,1.148192118853330612e-02,-6.082098484039306641e-01,0.000000000000000000e+00,0.000000000000000000e+00,0.000000000000000000e+00,0.000000000000000000e+00,0.000000000000000000e+00,0.000000000000000000e+00,0.000000000000000000e+00
1.716190278530120850e-01,7.745414227247238159e-02,7.627469301223754883e-01,-1.246291846036911011e-01,1.995162814855575562e-01,7.058777213096618652e-01,6.681298613548278809e-01,-3.106514811515808105e-01,3.626478016376495361e-01,2.141040116548538208e-01,1.321983486413955688e-01,3.508222848176956177e-02,-1.696757674217224121e-01,-8.019605875015258789e-01,-2.020040899515151978e-01,-8.376456052064895630e-02,4.879831373691558838e-01,-2.633416056632995605e-01,4.789599776268005371e-02,-3.350151777267456055e-01,1.904658228158950806e-01,5.199999809265136719e-01,-2.064936399459838867e+00,5.113251805305480957e-01,-9.067847132682800293e-01,9.678196907043457031e-01,-5.491788685321807861e-02,-8.776949346065521240e-02,5.121833086013793945e-01,0.000000000000000000e+00,0.000000000000000000e+00,0.000000000000000000e+00,0.000000000000000000e+00,0.000000000000000000e+00,0.000000000000000000e+00,0.000000000000000000e+00,-8.914401531219482422e-01,-5.049734711647033691e-01,7.946528792381286621e-01,7.691730856895446777e-01,-2.790676057338714600e-01,1.064735744148492813e-02,-6.139373779296875000e-01,0.000000000000000000e+00,0.000000000000000000e+00,0.000000000000000000e+00,0.000000000000000000e+00,0.000000000000000000e+00,0.000000000000000000e+00,0.000000000000000000e+00
1.711439788341522217e-01,7.908932864665985107e-02,7.632384896278381348e-01,-1.248910203576087952e-01,2.016216814517974854e-01,7.058168649673461914e-01,6.675128936767578125e-01,-3.148179352283477783e-01,3.602263331413269043e-01,2.217231243848800659e-01,1.368687897920608521e-01,2.831942215561866760e-02,-1.641749739646911621e-01,-8.026562929153442383e-01,-2.052172720432281494e-01,-8.112226426601409912e-02,4.853400290012359619e-01,-2.631135880947113037e-01,5.048404261469841003e-02,-3.376830518245697021e-01,1.921571642160415649e-01,5.199999809265136719e-01,-2.062765121459960938e+00,5.082473158836364746e-01,-9.030259847640991211e-01,9.559999704360961914e-01,-6.075762212276458740e-02,-9.260613471269607544e-02,5.178395509719848633e-01,0.000000000000000000e+00,0.000000000000000000e+00,0.000000000000000000e+00,0.000000000000000000e+00,0.000000000000000000e+00,0.000000000000000000e+00,0.000000000000000000e+00,-8.881344199180603027e-01,-5.109332799911499023e-01,7.897707223892211914e-01,7.632407546043395996e-01,-2.819434404373168945e-01,9.931270033121109009e-03,-6.213002800941467285e-01,0.000000000000000000e+00,0.000000000000000000e+00,0.000000000000000000e+00,0.000000000000000000e+00,0.000000000000000000e+00,0.000000000000000000e+00,0.000000000000000000e+00
1.701516062021255493e-01,7.963868230581283569e-02,7.642271518707275391e-01,-1.239983215928077698e-01,2.032116651535034180e-01,7.052002549171447754e-01,6.678488254547119141e-01,-3.192409873008728027e-01,3.563206493854522705e-01,2.272265255451202393e-01,1.443285346031188965e-01,2.032049745321273804e-02,-1.575960963964462280e-01,-8.006734848022460938e-01,-2.094660699367523193e-01,-7.990057766437530518e-02,4.785192906856536865e-01,-2.582249045372009277e-01,5.462418869137763977e-02,-3.392045199871063232e-01,1.915999501943588257e-01,5.199999809265136719e-01,-2.051769971847534180e+00,5.004565715789794922e-01,-8.922151923179626465e-01,9.508612751960754395e-01,-6.747236102819442749e-02,-9.779261052608489990e-02,5.276478528976440430e-01,0.000000000000000000e+00,0.000000000000000000e+00,0.000000000000000000e+00,0.000000000000000000e+00,0.000000000000000000e+00,0.000000000000000000e+00,0.000000000000000000e+00,-8.868207931518554688e-01,-5.181088447570800781e-01,7.901427149772644043e-01,7.589206695556640625e-01,-2.863821089267730713e-01,7.677362300455570221e-03,-6.273041367530822754e-01,0.000000000000000000e+00,0.000000000000000000e+00,0.000000000000000000e+00,0.000000000000000000e+00,0.000000000000000000e+00,0.000000000000000000e+00,0.000000000000000000e+00
1.685846447944641113e-01,7.905601710081100464e-02,7.652630805969238281e-01,-1.220274195075035095e-01,2.041854858398437500e-01,7.052328586578369141e-01,6.678804159164428711e-01,-3.241278827190399170e-01,3.509885668754577637e-01,2.307219654321670532e-01,1.505820602178573608e-01,9.003197774291038513e-03,-1.521004289388656616e-01,-7.959046959877014160e-01,-2.158101499080657959e-01,-7.860335707664489746e-02,4.684862494468688965e-01,-2.538828849792480469e-01,5.686527118086814880e-02,-3.391373157501220703e-01,1.914709657430648804e-01,5.199999809265136719e-01,-2.031978130340576172e+00,4.890416860580444336e-01,-8.817166090011596680e-01,9.484132528305053711e-01,-6.742104142904281616e-02,-1.028501838445663452e-01,5.332977771759033203e-01,0.000000000000000000e+00,0.000000000000000000e+00,0.000000000000000000e+00,0.000000000000000000e+00,0.000000000000000000e+00,0.000000000000000000e+00,0.000000000000000000e+00,-8.856513500213623047e-01,-5.262777805328369141e-01,7.898558974266052246e-01,7.586004137992858887e-01,-2.948292493820190430e-01,6.625390145927667618e-03,-6.307885050773620605e-01,0.000000000000000000e+00,0.000000000000000000e+00,0.000000000000000000e+00,0.000000000000000000e+00,0.000000000000000000e+00,0.000000000000000000e+00,0.000000000000000000e+00
1.664285510778427124e-01,7.728399336338043213e-02,7.664380669593811035e-01,-1.191438138484954834e-01,2.041894197463989258e-01,7.056870460510253906e-01,6.679200530052185059e-01,-3.322659134864807129e-01,3.457277417182922363e-01,2.298789471387863159e-01,1.608095616102218628e-01,-7.072324864566326141e-03,-1.439585238695144653e-01,-7.900555729866027832e-01,-2.235677987337112427e-01,-7.763625681400299072e-02,4.587470591068267822e-01,-2.469267845153808594e-01,6.035812571644783020e-02,-3.380014300346374512e-01,1.902434825897216797e-01,5.199999809265136719e-01,-1.997438788414001465e+00,4.748225510120391846e-01,-8.674877882003784180e-01,9.459592103958129883e-01,-6.336312741041183472e-02,-1.080159991979598999e-01,5.400173068046569824e-01,0.000000000000000000e+00,0.000000000000000000e+00,0.000000000000000000e+00,0.000000000000000000e+00,0.000000000000000000e+00,0.000000000000000000e+00,0.000000000000000000e+00,-8.822989463806152344e-01,-5.356573462486267090e-01,7.909479141235351562e-01,7.598512172698974609e-01,-3.024023771286010742e-01,4.659726284444332123e-03,-6.300376653671264648e-01,0.000000000000000000e+00,0.000000000000000000e+00,0.000000000000000000e+00,0.000000000000000000e+00,0.000000000000000000e+00,0.000000000000000000e+00,0.000000000000000000e+00
1.635011583566665649e-01,7.454856485128402710e-02,7.673748135566711426e-01,-1.170189604163169861e-01,2.029873877763748169e-01,7.065851688385009766e-01,6.677125692367553711e-01,-3.409968614578247070e-01,3.402825295925140381e-01,2.265918254852294922e-01,1.694156229496002197e-01,-3.141235187649726868e-02,-1.320420950651168823e-01,-7.802972197532653809e-01,-2.294170856475830078e-01,-7.740125060081481934e-02,4.407178461551666260e-01,-2.387307286262512207e-01,6.483407318592071533e-02,-3.367825150489807129e-01,1.870127320289611816e-01,5.199999809265136719e-01,-1.947109103202819824e+00,4.573793113231658936e-01,-8.531240820884704590e-01,9.498915672302246094e-01,-5.606311187148094177e-02,-1.087830439209938049e-01,5.477204322814941406e-01,0.000000000000000000e+00,0.000000000000000000e+00,0.000000000000000000e+00,0.000000000000000000e+00,0.000000000000000000e+00,0.000000000000000000e+00,0.000000000000000000e+00,-8.769958615303039551e-01,-5.423019528388977051e-01,7.924039959907531738e-01,7.601363062858581543e-01,-3.067773580551147461e-01,-1.399287139065563679e-03,-6.305301785469055176e-01,0.000000000000000000e+00,0.000000000000000000e+00,0.000000000000000000e+00,0.000000000000000000e+00,0.000000000000000000e+00,0.000000000000000000e+00,0.000000000000000000e+00
1.597103923559188843e-01,7.076587527990341187e-02,7.685450315475463867e-01,-1.150504350662231445e-01,2.011014819145202637e-01,7.066177129745483398e-01,6.685903072357177734e-01,-3.477395176887512207e-01,3.334036767482757568e-01,2.140875905752182007e-01,1.792209148406982422e-01,-5.510619655251502991e-02,-1.211466193199157715e-01,-7.703816294670104980e-01,-2.330606132745742798e-01,-7.518185675144195557e-02,4.203700721263885498e-01,-2.254748195409774780e-01,7.050323486328125000e-02,-3.340178430080413818e-01,1.799092888832092285e-01,5.199999809265136719e-01,-1.885957717895507812e+00,4.404922723770141602e-01,-8.425779938697814941e-01,9.591203331947326660e-01,-4.806734621524810791e-02,-1.077469363808631897e-01,5.515158772468566895e-01,0.000000000000000000e+00,0.000000000000000000e+00,0.000000000000000000e+00,0.000000000000000000e+00,0.000000000000000000e+00,0.000000000000000000e+00,0.000000000000000000e+00,-8.696750402450561523e-01,-5.423029065132141113e-01,7.942781448364257812e-01,7.633110880851745605e-01,-3.080951869487762451e-01,-3.853156464174389839e-03,-6.325752139091491699e-01,0.000000000000000000e+00,0.000000000000000000e+00,0.000000000000000000e+00,0.000000000000000000e+00,0.000000000000000000e+00,0.000000000000000000e+00,0.000000000000000000e+00
1.549968272447586060e-01,6.597462296485900879e-02,7.695144414901733398e-01,-1.123402491211891174e-01,1.979007869958877563e-01,7.075872421264648438e-01,6.689807772636413574e-01,-3.570543229579925537e-01,3.256125152111053467e-01,1.974549889564514160e-01,1.872946918010711670e-01,-7.029431313276290894e-02,-1.150182411074638367e-01,-7.554383873939514160e-01,-2.389719784259796143e-01,-7.642198354005813599e-02,3.942238986492156982e-01,-2.115578651428222656e-01,7.348874211311340332e-02,-3.270672857761383057e-01,1.749292016029357910e-01,5.199999809265136719e-01,-1.806949615478515625e+00,4.081419408321380615e-01,-8.232886195182800293e-01,9.709003567695617676e-01,-4.569017887115478516e-02,-1.095019429922103882e-01,5.545214414596557617e-01,0.000000000000000000e+00,0.000000000000000000e+00,0.000000000000000000e+00,0.000000000000000000e+00,0.000000000000000000e+00,0.000000000000000000e+00,0.000000000000000000e+00,-8.600178956985473633e-01,-5.446909070014953613e-01,7.976015806198120117e-01,7.694226503372192383e-01,-3.081786036491394043e-01,-1.053264457732439041e-02,-6.338433623313903809e-01,0.000000000000000000e+00,0.000000000000000000e+00,0.000000000000000000e+00,0.000000000000000000e+00,0.000000000000000000e+00,0.000000000000000000e+00,0.000000000000000000e+00
1.494007557630538940e-01,6.027514860033988953e-02,7.697696685791015625e-01,-1.084282621741294861e-01,1.923255771398544312e-01,7.077602744102478027e-01,6.710660457611083984e-01,-3.645245730876922607e-01,3.168940842151641846e-01,1.787471324205398560e-01,1.986407339572906494e-01,-8.339907974004745483e-02,-1.039704307913780212e-01,-7.369039058685302734e-01,-2.421168088912963867e-01,-7.504694163799285889e-02,3.685333430767059326e-01,-2.006515413522720337e-01,7.587596029043197632e-02,-3.182922601699829102e-01,1.636667102575302124e-01,5.199999809265136719e-01,-1.709164142608642578e+00,3.788210749626159668e-01,-8.068946599960327148e-01,1.001953601837158203e+00,-3.284663334488868713e-02,-1.012135818600654602e-01,5.538840293884277344e-01,0.000000000000000000e+00,0.000000000000000000e+00,0.000000000000000000e+00,0.000000000000000000e+00,0.000000000000000000e+00,0.000000000000000000e+00,0.000000000000000000e+00,-8.499983549118041992e-01,-5.452330708503723145e-01,8.031146526336669922e-01,7.759810090065002441e-01,-3.069142699241638184e-01,-2.035755105316638947e-02,-6.329110264778137207e-01,0.000000000000000000e+00,0.000000000000000000e+00,0.000000000000000000e+00,0.000000000000000000e+00,0.000000000000000000e+00,0.000000000000000000e+00,0.000000000000000000e+00
1.427413225173950195e-01,5.390163883566856384e-02,7.693396806716918945e-01,-1.065161526203155518e-01,1.875449717044830322e-01,7.083692550659179688e-01,6.720820069313049316e-01,-3.765594661235809326e-01,3.069466352462768555e-01,1.527103334665298462e-01,2.065263837575912476e-01,-1.009676158428192139e-01,-1.002777442336082458e-01,-7.235576510429382324e-01,-2.453285604715347290e-01,-7.096794992685317993e-02,3.423018753528594971e-01,-1.879211664199829102e-01,7.722387462854385376e-02,-3.111580312252044678e-01,1.532871723175048828e-01,5.199999809265136719e-01,-1.603196024894714355e+00,3.501708805561065674e-01,-7.882976531982421875e-01,1.046157360076904297e+00,-2.848467556759715080e-04,-9.243442863225936890e-02,5.559182167053222656e-01,0.000000000000000000e+00,0.000000000000000000e+00,0.000000000000000000e+00,0.000000000000000000e+00,0.000000000000000000e+00,0.000000000000000000e+00,0.000000000000000000e+00,-8.409991860389709473e-01,-5.450522303581237793e-01,7.995231151580810547e-01,7.824890017509460449e-01,-3.043259978294372559e-01,-2.770108543336391449e-02,-6.334661841392517090e-01,0.000000000000000000e+00,0.000000000000000000e+00,0.000000000000000000e+00,0.000000000000000000e+00,0.000000000000000000e+00,0.000000000000000000e+00,0.000000000000000000e+00
1.352971047163009644e-01,4.693054780364036560e-02,7.693503499031066895e-01,-1.017426401376724243e-01,1.783362776041030884e-01,7.094455361366271973e-01,6.741896271705627441e-01,-3.796344399452209473e-01,2.965924441814422607e-01,1.431342959403991699e-01,2.151910215616226196e-01,-1.183791831135749817e-01,-8.597851544618606567e-02,-6.992719769477844238e-01,-2.475177794694900513e-01,-6.871785223484039307e-02,3.173016607761383057e-01,-1.715742051601409912e-01,8.325999975204467773e-02,-3.030368089675903320e-01,1.377200484275817871e-01,5.199999809265136719e-01,-1.475573539733886719e+00,3.318510651588439941e-01,-7.643949985504150391e-01,1.099481582641601562e+00,3.920593112707138062e-02,-7.972980290651321411e-02,5.417619943618774414e-01,0.000000000000000000e+00,0.000000000000000000e+00,0.000000000000000000e+00,0.000000000000000000e+00,0.000000000000000000e+00,0.000000000000000000e+00,0.000000000000000000e+00,-8.222193717956542969e-01,-5.478721261024475098e-01,7.867895960807800293e-01,7.836889624595642090e-01,-2.861751317977905273e-01,-4.332920908927917480e-02,-6.054598689079284668e-01,0.000000000000000000e+00,0.000000000000000000e+00,0.000000000000000000e+00,0.000000000000000000e+00,0.000000000000000000e+00,0.000000000000000000e+00,0.000000000000000000e+00
1.269542127847671509e-01,3.988058865070343018e-02,7.691456675529479980e-01,-9.822918474674224854e-02,1.696674674749374390e-01,7.095625400543212891e-01,6.768197417259216309e-01,-3.866825401782989502e-01,2.860503196716308594e-01,1.316732913255691528e-01,2.235183715820312500e-01,-1.285094022750854492e-01,-7.651665061712265015e-02,-6.749277710914611816e-01,-2.493068426847457886e-01,-6.978920847177505493e-02,2.845433950424194336e-01,-1.485721915960311890e-01,8.941397815942764282e-02,-2.932194471359252930e-01,1.217764839529991150e-01,5.199999809265136719e-01,-1.340013623237609863e+00,3.088068366050720215e-01,-7.448440194129943848e-01,1.163068652153015137e+00,8.357684314250946045e-02,-7.875179499387741089e-02,5.257701277732849121e-01,0.000000000000000000e+00,0.000000000000000000e+00,0.000000000000000000e+00,0.000000000000000000e+00,0.000000000000000000e+00,0.000000000000000000e+00,0.000000000000000000e+00,-8.105770945549011230e-01,-5.598191618919372559e-01,7.892253994941711426e-01,7.792746424674987793e-01,-2.830938696861267090e-01,-6.158277019858360291e-02,-5.753868222236633301e-01,0.000000000000000000e+00,0.000000000000000000e+00,0.000000000000000000e+00,0.000000000000000000e+00,0.000000000000000000e+00,0.000000000000000000e+00,0.000000000000000000e+00
1.179146096110343933e-01,3.297328203916549683e-02,7.682902216911315918e-01,-9.334809333086013794e-02,1.573552489280700684e-01,7.103091478347778320e-01,6.796957850456237793e-01,-3.832891881465911865e-01,2.744351625442504883e-01,1.172047480940818787e-01,2.303452342748641968e-01,-1.462867408990859985e-01,-6.123586744070053101e-02,-6.441879272460937500e-01,-2.482890933752059937e-01,-6.635101884603500366e-02,2.561980485916137695e-01,-1.289116740226745605e-01,9.324914216995239258e-02,-2.879961729049682617e-01,1.054957509040832520e-01,5.199999809265136719e-01,-1.196111440658569336e+00,2.896372079849243164e-01,-7.178789973258972168e-01,1.227702617645263672e+00,1.322367489337921143e-01,-8.150275796651840210e-02,4.954997301101684570e-01,0.000000000000000000e+00,0.000000000000000000e+00,0.000000000000000000e+00,0.000000000000000000e+00,0.000000000000000000e+00,0.000000000000000000e+00,0.000000000000000000e+00,-7.924435138702392578e-01,-5.720587372779846191e-01,7.836824059486389160e-01,7.637091279029846191e-01,-2.692662179470062256e-01,-7.888107001781463623e-02,-5.418993234634399414e-01,0.000000000000000000e+00,0.000000000000000000e+00,0.000000000000000000e+00,0.000000000000000000e+00,0.000000000000000000e+00,0.000000000000000000e+00,0.000000000000000000e+00
1.084257438778877258e-01,2.656448818743228912e-02,7.670940160751342773e-01,-8.781589567661285400e-02,1.451718658208847046e-01,7.123493552207946777e-01,6.810079813003540039e-01,-3.804555833339691162e-01,2.642283439636230469e-01,1.037427484989166260e-01,2.501459717750549316e-01,-1.614201366901397705e-01,-4.892086610198020935e-02,-6.125322580337524414e-01,-2.532814741134643555e-01,-7.204790413379669189e-02,2.318838238716125488e-01,-1.140955239534378052e-01,9.695887565612792969e-02,-2.731006741523742676e-01,9.070231020450592041e-02,5.199999809265136719e-01,-1.057016730308532715e+00,2.720591723918914795e-01,-6.945131421089172363e-01,1.278879284858703613e+00,1.637628227472305298e-01,-8.607482165098190308e-02,4.722352921962738037e-01,0.000000000000000000e+00,0.000000000000000000e+00,0.000000000000000000e+00,0.000000000000000000e+00,0.000000000000000000e+00,0.000000000000000000e+00,0.000000000000000000e+00,-7.654747366905212402e-01,-5.936659574508666992e-01,7.712082862854003906e-01,7.438774704933166504e-01,-2.599664628505706787e-01,-8.693476021289825439e-02,-5.149196386337280273e-01,0.000000000000000000e+00,0.000000000000000000e+00,0.000000000000000000e+00,0.000000000000000000e+00,0.000000000000000000e+00,0.000000000000000000e+00,0.000000000000000000e+00
9.866975247859954834e-02,2.101931720972061157e-02,7.645566463470458984e-01,-8.201969414949417114e-02,1.333984583616256714e-01,7.125611901283264160e-01,6.839109659194946289e-01,-3.688583374023437500e-01,2.553320229053497314e-01,1.009443104267120361e-01,2.635464966297149658e-01,-1.872930079698562622e-01,-3.430733829736709595e-02,-5.840216279029846191e-01,-2.575019598007202148e-01,-7.481247931718826294e-02,2.122054696083068848e-01,-1.090908274054527283e-01,1.063424497842788696e-01,-2.588019073009490967e-01,7.638881355524063110e-02,5.199999809265136719e-01,-9.172379970550537109e-01,2.824293673038482666e-01,-6.712436079978942871e-01,1.292566418647766113e+00,1.934097111225128174e-01,-9.804756939411163330e-02,4.570290148258209229e-01,0.000000000000000000e+00,0.000000000000000000e+00,0.000000000000000000e+00,0.000000000000000000e+00,0.000000000000000000e+00,0.000000000000000000e+00,0.000000000000000000e+00,-7.362536191940307617e-01,-6.204295754432678223e-01,7.573788166046142578e-01,7.155933380126953125e-01,-2.560770511627197266e-01,-9.568983316421508789e-02,-4.938042461872100830e-01,0.000000000000000000e+00,0.000000000000000000e+00,0.000000000000000000e+00,0.000000000000000000e+00,0.000000000000000000e+00,0.000000000000000000e+00,0.000000000000000000e+00
8.879825472831726074e-02,1.654195599257946014e-02,7.624074220657348633e-01,-7.565631717443466187e-02,1.234707236289978027e-01,7.094584107398986816e-01,6.897100210189819336e-01,-3.484911620616912842e-01,2.456947267055511475e-01,1.013983190059661865e-01,2.740757465362548828e-01,-2.215995043516159058e-01,-1.648746989667415619e-02,-5.609737634658813477e-01,-2.599692940711975098e-01,-6.733884662389755249e-02,1.951557844877243042e-01,-9.977757185697555542e-02,1.210053488612174988e-01,-2.397480010986328125e-01,6.068532168865203857e-02,5.199999809265136719e-01,-7.556350231170654297e-01,3.179713785648345947e-01,-6.409307718276977539e-01,1.264727711677551270e+00,2.283099889755249023e-01,-1.124729588627815247e-01,4.584229290485382080e-01,0.000000000000000000e+00,0.000000000000000000e+00,0.000000000000000000e+00,0.000000000000000000e+00,0.000000000000000000e+00,0.000000000000000000e+00,0.000000000000000000e+00,-7.068738341331481934e-01,-6.444043517112731934e-01,7.357940673828125000e-01,6.870260238647460938e-01,-2.535906732082366943e-01,-1.002427041530609131e-01,-4.851227402687072754e-01,0.000000000000000000e+00,0.000000000000000000e+00,0.000000000000000000e+00,0.000000000000000000e+00,0.000000000000000000e+00,0.000000000000000000e+00,0.000000000000000000e+00
7.899325340986251831e-02,1.340348366647958755e-02,7.614534497261047363e-01,-6.898303329944610596e-02,1.137766093015670776e-01,7.083056569099426270e-01,6.932526826858520508e-01,-3.279277980327606201e-01,2.379639595746994019e-01,1.069242730736732483e-01,2.850570082664489746e-01,-2.563192546367645264e-01,-2.178301801905035973e-03,-5.352922081947326660e-01,-2.661882638931274414e-01,-6.149976700544357300e-02,1.815356761217117310e-01,-8.793304115533828735e-02,1.319190561771392822e-01,-2.183220237493515015e-01,5.222596973180770874e-02,5.199999809265136719e-01,-5.816348195075988770e-01,3.551563918590545654e-01,-5.971917510032653809e-01,1.225115180015563965e+00,2.511776089668273926e-01,-1.368840187788009644e-01,4.329121708869934082e-01,0.000000000000000000e+00,0.000000000000000000e+00,0.000000000000000000e+00,0.000000000000000000e+00,0.000000000000000000e+00,0.000000000000000000e+00,0.000000000000000000e+00,-6.595293283462524414e-01,-6.700240969657897949e-01,6.980022788047790527e-01,6.486566066741943359e-01,-2.532894611358642578e-01,-1.052872091531753540e-01,-4.766494929790496826e-01,0.000000000000000000e+00,0.000000000000000000e+00,0.000000000000000000e+00,0.000000000000000000e+00,0.000000000000000000e+00,0.000000000000000000e+00,0.000000000000000000e+00
6.931150704622268677e-02,1.138713490217924118e-02,7.612575888633728027e-01,-6.281657516956329346e-02,1.044932603836059570e-01,7.065597176551818848e-01,6.970714330673217773e-01,-2.980696260929107666e-01,2.299363762140274048e-01,1.164576038718223572e-01,2.808021306991577148e-01,-2.908202707767486572e-01,1.063539180904626846e-02,-5.063589215278625488e-01,-2.701192796230316162e-01,-5.062881484627723694e-02,1.608773916959762573e-01,-6.983317434787750244e-02,1.453154534101486206e-01,-2.023719996213912964e-01,4.063990339636802673e-02,5.199999809265136719e-01,-4.123102426528930664e-01,3.969946801662445068e-01,-5.415508747100830078e-01,1.190296292304992676e+00,2.422263771295547485e-01,-1.688893586397171021e-01,3.996819555759429932e-01,0.000000000000000000e+00,0.000000000000000000e+00,0.000000000000000000e+00,0.000000000000000000e+00,0.000000000000000000e+00,0.000000000000000000e+00,0.000000000000000000e+00,-6.076643466949462891e-01,-6.992020010948181152e-01,6.567685604095458984e-01,6.117998957633972168e-01,-2.509067952632904053e-01,-1.181132346391677856e-01,-4.692380130290985107e-01,0.000000000000000000e+00,0.000000000000000000e+00,0.000000000000000000e+00,0.000000000000000000e+00,0.000000000000000000e+00,0.000000000000000000e+00,0.000000000000000000e+00
5.988070741295814514e-02,1.043441146612167358e-02,7.617861032485961914e-01,-5.721416324377059937e-02,9.646795690059661865e-02,7.053567171096801758e-01,6.999230980873107910e-01,-2.718587219715118408e-01,2.185740321874618530e-01,1.174052506685256958e-01,2.801900207996368408e-01,-3.190936744213104248e-01,2.505014277994632721e-02,-4.794374704360961914e-01,-2.754374146461486816e-01,-3.799457848072052002e-02,1.431867331266403198e-01,-4.970784112811088562e-02,1.543938666582107544e-01,-1.875762045383453369e-01,3.424398973584175110e-02,5.199999809265136719e-01,-2.779262661933898926e-01,4.276113510131835938e-01,-4.926011562347412109e-01,1.160214662551879883e+00,2.310048490762710571e-01,-1.915437132120132446e-01,3.638073205947875977e-01,0.000000000000000000e+00,0.000000000000000000e+00,0.000000000000000000e+00,0.000000000000000000e+00,0.000000000000000000e+00,0.000000000000000000e+00,0.000000000000000000e+00,-5.520482063293457031e-01,-7.241466641426086426e-01,6.030263304710388184e-01,5.840138792991638184e-01,-2.397460639476776123e-01,-1.271672546863555908e-01,-4.565859138965606689e-01,0.000000000000000000e+00,0.000000000000000000e+00,0.000000000000000000e+00,0.000000000000000000e+00,0.000000000000000000e+00,0.000000000000000000e+00,0.000000000000000000e+00
5.077490583062171936e-02,1.005000621080398560e-02,7.620815038681030273e-01,-5.054808780550956726e-02,8.724218606948852539e-02,7.037824988365173340e-01,7.032239437103271484e-01,-2.407140731811523438e-01,2.087459117174148560e-01,1.203843057155609131e-01,2.785390913486480713e-01,-3.473388552665710449e-01,3.676544129848480225e-02,-4.528023004531860352e-01,-2.809255421161651611e-01,-2.901094965636730194e-02,1.339517831802368164e-01,-3.396081551909446716e-02,1.611227542161941528e-01,-1.692155152559280396e-01,3.031612187623977661e-02,5.199999809265136719e-01,-1.563881933689117432e-01,4.737412929534912109e-01,-4.281694889068603516e-01,1.104449748992919922e+00,2.207926511764526367e-01,-1.996757090091705322e-01,3.440976440906524658e-01,0.000000000000000000e+00,0.000000000000000000e+00,0.000000000000000000e+00,0.000000000000000000e+00,0.000000000000000000e+00,0.000000000000000000e+00,0.000000000000000000e+00,-4.922250211238861084e-01,-7.417311668395996094e-01,5.426830053329467773e-01,5.505797266960144043e-01,-2.367694973945617676e-01,-1.268247812986373901e-01,-4.481458067893981934e-01,0.000000000000000000e+00,0.000000000000000000e+00,0.000000000000000000e+00,0.000000000000000000e+00,0.000000000000000000e+00,0.000000000000000000e+00,0.000000000000000000e+00
4.213465750217437744e-02,1.003998797386884689e-02,7.619537711143493652e-01,-4.278158769011497498e-02,7.909420877695083618e-02,7.027311921119689941e-01,7.057497501373291016e-01,-2.079662084579467773e-01,1.973718702793121338e-01,1.335188150405883789e-01,2.738897204399108887e-01,-3.734168410301208496e-01,4.797635227441787720e-02,-4.293898046016693115e-01,-2.928962111473083496e-01,-3.326079621911048889e-02,1.315960735082626343e-01,-2.134118042886257172e-02,1.758389770984649658e-01,-1.561231017112731934e-01,2.450985088944435120e-02,5.199953913688659668e-01,-6.708559393882751465e-02,5.139262676239013672e-01,-3.692189455032348633e-01,1.060772895812988281e+00,2.121777832508087158e-01,-2.048954069614410400e-01,3.335996866226196289e-01,0.000000000000000000e+00,0.000000000000000000e+00,0.000000000000000000e+00,0.000000000000000000e+00,0.000000000000000000e+00,0.000000000000000000e+00,0.000000000000000000e+00,-4.408238232135772705e-01,-7.494366765022277832e-01,4.894196093082427979e-01,5.303182005882263184e-01,-2.267192602157592773e-01,-1.251225322484970093e-01,-4.364305138587951660e-01,0.000000000000000000e+00,0.000000000000000000e+00,0.000000000000000000e+00,0.000000000000000000e+00,0.000000000000000000e+00,0.000000000000000000e+00,0.000000000000000000e+00
3.403410688042640686e-02,1.021903660148382187e-02,7.632259130477905273e-01,-3.587441518902778625e-02,7.122474163770675659e-02,7.025935053825378418e-01,7.071084976196289062e-01,-1.768137216567993164e-01,1.869615018367767334e-01,1.459302753210067749e-01,2.646408081054687500e-01,-3.830853700637817383e-01,5.270165950059890747e-02,-4.125725030899047852e-01,-3.050607740879058838e-01,-4.063330590724945068e-02,1.372620314359664917e-01,9.392283856868743896e-03,1.922496557235717773e-01,-1.444548368453979492e-01,1.785426773130893707e-02,5.150544047355651855e-01,2.424819860607385635e-03,5.552405118942260742e-01,-3.159900307655334473e-01,1.020059823989868164e+00,2.054162919521331787e-01,-2.031903415918350220e-01,3.183966279029846191e-01,0.000000000000000000e+00,0.000000000000000000e+00,0.000000000000000000e+00,0.000000000000000000e+00,0.000000000000000000e+00,0.000000000000000000e+00,0.000000000000000000e+00,-3.938948214054107666e-01,-7.507261037826538086e-01,4.417607188224792480e-01,5.118131637573242188e-01,-2.155583053827285767e-01,-1.191792190074920654e-01,-4.226948022842407227e-01,0.000000000000000000e+00,0.000000000000000000e+00,0.000000000000000000e+00,0.000000000000000000e+00,0.000000000000000000e+00,0.000000000000000000e+00,0.000000000000000000e+00
2.643449231982231140e-02,1.053904369473457336e-02,7.645238041877746582e-01,-2.772988937795162201e-02,6.245974451303482056e-02,7.016343474388122559e-01,7.092524766921997070e-01,-1.395373195409774780e-01,1.759336888790130615e-01,1.541909426450729370e-01,2.496996819972991943e-01,-3.903211951255798340e-01,5.690740793943405151e-02,-4.039711058139801025e-01,-3.185551762580871582e-01,-5.377684533596038818e-02,1.450498700141906738e-01,7.324844598770141602e-02,2.088381946086883545e-01,-1.389222592115402222e-01,1.295347511768341064e-02,5.112232565879821777e-01,4.127639904618263245e-02,5.888346433639526367e-01,-2.724722623825073242e-01,9.938126206398010254e-01,2.038449347019195557e-01,-1.971170902252197266e-01,3.173219859600067139e-01,0.000000000000000000e+00,0.000000000000000000e+00,0.000000000000000000e+00,0.000000000000000000e+00,0.000000000000000000e+00,0.000000000000000000e+00,0.000000000000000000e+00,-3.659927546977996826e-01,-7.445856332778930664e-01,4.113068282604217529e-01,5.032542943954467773e-01,-2.117814272642135620e-01,-1.111875921487808228e-01,-4.182124435901641846e-01,0.000000000000000000e+00,0.000000000000000000e+00,0.000000000000000000e+00,0.000000000000000000e+00,0.000000000000000000e+00,0.000000000000000000e+00,0.000000000000000000e+00
1.935466192662715912e-02,1.076745335012674332e-02,7.663505673408508301e-01,-2.177507244050502777e-02,5.353587493300437927e-02,6.994105577468872070e-01,7.123795747756958008e-01,-1.034779176115989685e-01,1.709348261356353760e-01,1.701069623231887817e-01,2.322289347648620605e-01,-3.935699164867401123e-01,6.003336608409881592e-02,-4.067362844944000244e-01,-3.249343037605285645e-01,-8.894720673561096191e-02,1.560430675745010376e-01,1.178442686796188354e-01,2.161209285259246826e-01,-1.375329792499542236e-01,6.106950342655181885e-03,5.068513154983520508e-01,5.922484770417213440e-02,6.121586561203002930e-01,-2.380168586969375610e-01,9.699597954750061035e-01,1.985455900430679321e-01,-1.901213228702545166e-01,3.142340183258056641e-01,0.000000000000000000e+00,0.000000000000000000e+00,0.000000000000000000e+00,0.000000000000000000e+00,0.000000000000000000e+00,0.000000000000000000e+00,0.000000000000000000e+00,-3.487875163555145264e-01,-7.282077074050903320e-01,3.940905332565307617e-01,4.997110962867736816e-01,-2.130278944969177246e-01,-1.037778332829475403e-01,-4.147966504096984863e-01,0.000000000000000000e+00,0.000000000000000000e+00,0.000000000000000000e+00,0.000000000000000000e+00,0.000000000000000000e+00,0.000000000000000000e+00,0.000000000000000000e+00
1.326887682080268860e-02,1.107145100831985474e-02,7.680163979530334473e-01,-1.651876792311668396e-02,4.386808723211288452e-02,6.975492238998413086e-01,7.150019407272338867e-01,-6.607981026172637939e-02,1.680950224399566650e-01,1.802865862846374512e-01,2.109290212392807007e-01,-3.967187404632568359e-01,6.287069618701934814e-02,-4.100652635097503662e-01,-3.161713778972625732e-01,-1.061877831816673279e-01,1.702173352241516113e-01,8.883185684680938721e-02,2.226202487945556641e-01,-1.433501392602920532e-01,-6.483023171313107014e-04,5.031540989875793457e-01,5.099669843912124634e-02,6.253433227539062500e-01,-2.192087322473526001e-01,9.553299546241760254e-01,2.002054452896118164e-01,-1.844771802425384521e-01,3.155781328678131104e-01,0.000000000000000000e+00,0.000000000000000000e+00,0.000000000000000000e+00,0.000000000000000000e+00,0.000000000000000000e+00,0.000000000000000000e+00,0.000000000000000000e+00,-3.397454023361206055e-01,-7.059456110000610352e-01,3.904902935028076172e-01,5.000096559524536133e-01,-2.203434258699417114e-01,-9.884653985500335693e-02,-4.097326695919036865e-01,0.000000000000000000e+00,0.000000000000000000e+00,0.000000000000000000e+00,0.000000000000000000e+00,0.000000000000000000e+00,0.000000000000000000e+00,0.000000000000000000e+00
7.827766239643096924e-03,1.129973679780960083e-02,7.686471343040466309e-01,-1.027303654700517654e-02,3.534266725182533264e-02,6.947726607322692871e-01,7.182870507240295410e-01,-2.969525381922721863e-02,1.623900234699249268e-01,1.870019882917404175e-01,1.918867528438568115e-01,-4.050190448760986328e-01,6.589256227016448975e-02,-4.135282039642333984e-01,-3.082728981971740723e-01,-1.329397112131118774e-01,1.993023008108139038e-01,6.368640065193176270e-02,2.197076827287673950e-01,-1.488950997591018677e-01,-9.186838753521442413e-03,4.998122155666351318e-01,1.194187812507152557e-02,6.275029778480529785e-01,-2.111225426197052002e-01,9.631122946739196777e-01,2.021762132644653320e-01,-1.784267127513885498e-01,3.296268284320831299e-01,0.000000000000000000e+00,0.000000000000000000e+00,0.000000000000000000e+00,0.000000000000000000e+00,0.000000000000000000e+00,0.000000000000000000e+00,0.000000000000000000e+00,-3.364972472190856934e-01,-6.841430068016052246e-01,3.990146219730377197e-01,5.052188038825988770e-01,-2.314128279685974121e-01,-1.005522683262825012e-01,-4.076707661151885986e-01,0.000000000000000000e+00,0.000000000000000000e+00,0.000000000000000000e+00,0.000000000000000000e+00,0.000000000000000000e+00,0.000000000000000000e+00,0.000000000000000000e+00
3.182682208716869354e-03,1.148923393338918686e-02,7.694581747055053711e-01,-4.657173529267311096e-03,2.672913670539855957e-02,6.911767125129699707e-01,7.221762537956237793e-01,1.826986204832792282e-03,1.593003422021865845e-01,1.905925273895263672e-01,1.814738959074020386e-01,-4.114664196968078613e-01,7.083240896463394165e-02,-4.159159660339355469e-01,-2.979782819747924805e-01,-1.477112919092178345e-01,2.309195399284362793e-01,4.865882545709609985e-02,2.160527855157852173e-01,-1.584946066141128540e-01,-2.127837575972080231e-02,4.980037510395050049e-01,-4.110741987824440002e-02,6.201069951057434082e-01,-2.230790555477142334e-01,9.997688531875610352e-01,2.035163342952728271e-01,-1.695342957973480225e-01,3.325034976005554199e-01,0.000000000000000000e+00,0.000000000000000000e+00,0.000000000000000000e+00,0.000000000000000000e+00,0.000000000000000000e+00,0.000000000000000000e+00,0.000000000000000000e+00,-3.425056338310241699e-01,-6.639649271965026855e-01,4.188774526119232178e-01,5.113347172737121582e-01,-2.432951182126998901e-01,-1.017658561468124390e-01,-4.026191234588623047e-01,0.000000000000000000e+00,0.000000000000000000e+00,0.000000000000000000e+00,0.000000000000000000e+00,0.000000000000000000e+00,0.000000000000000000e+00,0.000000000000000000e+00
-6.571665289811789989e-04,1.160576101392507553e-02,7.696228027343750000e-01,1.114514889195561409e-03,1.838728971779346466e-02,6.888641715049743652e-01,7.246563434600830078e-01,3.215138241648674011e-02,1.558511555194854736e-01,1.898396760225296021e-01,1.701870858669281006e-01,-4.210010468959808350e-01,7.283636927604675293e-02,-4.147241115570068359e-01,-2.864796221256256104e-01,-1.558972001075744629e-01,2.619324028491973877e-01,3.367403522133827209e-02,2.164070606231689453e-01,-1.685832142829895020e-01,-3.258014470338821411e-02,4.958588480949401855e-01,-1.050521954894065857e-01,6.058770418167114258e-01,-2.337593138217926025e-01,1.048933982849121094e+00,1.987291425466537476e-01,-1.595419645309448242e-01,3.348805308341979980e-01,0.000000000000000000e+00,0.000000000000000000e+00,0.000000000000000000e+00,0.000000000000000000e+00,0.000000000000000000e+00,0.000000000000000000e+00,0.000000000000000000e+00,-3.506704270839691162e-01,-6.509311199188232422e-01,4.409071803092956543e-01,5.146437287330627441e-01,-2.555592656135559082e-01,-1.024243533611297607e-01,-3.925703465938568115e-01,0.000000000000000000e+00,0.000000000000000000e+00,0.000000000000000000e+00,0.000000000000000000e+00,0.000000000000000000e+00,0.000000000000000000e+00,0.000000000000000000e+00
-3.712916513904929161e-03,1.183382421731948853e-02,7.696095705032348633e-01,7.007807027548551559e-03,1.039573177695274353e-02,6.873370409011840820e-01,7.262304425239562988e-01,5.911905691027641296e-02,1.529883891344070435e-01,1.875828504562377930e-01,1.642931699752807617e-01,-4.301923811435699463e-01,7.506199181079864502e-02,-4.133707284927368164e-01,-2.723619043827056885e-01,-1.630407869815826416e-01,2.892100811004638672e-01,1.922511681914329529e-02,2.150990217924118042e-01,-1.831196099519729614e-01,-4.313440620899200439e-02,4.932726323604583740e-01,-1.715180724859237671e-01,5.881859064102172852e-01,-2.625513076782226562e-01,1.102223396301269531e+00,2.027419209480285645e-01,-1.482568681240081787e-01,3.285504579544067383e-01,0.000000000000000000e+00,0.000000000000000000e+00,0.000000000000000000e+00,0.000000000000000000e+00,0.000000000000000000e+00,0.000000000000000000e+00,0.000000000000000000e+00,-3.656671047210693359e-01,-6.401727795600891113e-01,4.660552144050598145e-01,5.155202746391296387e-01,-2.677811086177825928e-01,-1.010171547532081604e-01,-3.835744261741638184e-01,0.000000000000000000e+00,0.000000000000000000e+00,0.000000000000000000e+00,0.000000000000000000e+00,0.000000000000000000e+00,0.000000000000000000e+00,0.000000000000000000e+00
-5.971985403448343277e-03,1.209087669849395752e-02,7.696941494941711426e-01,1.378432195633649826e-02,4.277368541806936264e-03,6.853387355804443359e-01,7.280814051628112793e-01,8.158779889345169067e-02,1.476704925298690796e-01,1.897654384374618530e-01,1.658766567707061768e-01,-4.350259900093078613e-01,8.625860512256622314e-02,-4.004678726196289062e-01,-2.666552662849426270e-01,-1.776847988367080688e-01,3.073878288269042969e-01,1.457448769360780716e-02,2.079331874847412109e-01,-1.941253542900085449e-01,-5.114318430423736572e-02,4.810653924942016602e-01,-2.515237629413604736e-01,5.697483420372009277e-01,-2.917935550212860107e-01,1.145503759384155273e+00,2.004992216825485229e-01,-1.336783319711685181e-01,3.295996487140655518e-01,0.000000000000000000e+00,0.000000000000000000e+00,0.000000000000000000e+00,0.000000000000000000e+00,0.000000000000000000e+00,0.000000000000000000e+00,0.000000000000000000e+00,-3.814679086208343506e-01,-6.308258771896362305e-01,4.923106729984283447e-01,5.190988779067993164e-01,-2.748697102069854736e-01,-9.584477543830871582e-02,-3.714170157909393311e-01,0.000000000000000000e+00,0.000000000000000000e+00,0.000000000000000000e+00,0.000000000000000000e+00,0.000000000000000000e+00,0.000000000000000000e+00,0.000000000000000000e+00
