-6.815109401941299438e-03,-4.761850088834762573e-02,8.526730537414550781e-01,3.342690691351890564e-02,2.180555835366249084e-02,9.748904109001159668e-01,2.190794199705123901e-01,2.909107320010662079e-02,1.747114658355712891e-01,-4.718956947326660156e-01,1.699275672435760498e-01,-1.898641288280487061e-01,-1.351298093795776367e-01,-5.146165192127227783e-02,-2.252459973096847534e-01,2.602756023406982422e-01,2.368023544549942017e-01,-2.006237506866455078e-01,2.180768996477127075e-01,1.790362223982810974e-02,2.193675143644213676e-03,1.297951191663742065e-01,-1.210145354270935059e+00,9.565041661262512207e-01,-6.352661848068237305e-01,-1.355630755424499512e-01,-5.329887941479682922e-02,-2.344538718461990356e-01,5.298250317573547363e-01,0.000000000000000000e+00,0.000000000000000000e+00,0.000000000000000000e+00,0.000000000000000000e+00,0.000000000000000000e+00,0.000000000000000000e+00,0.000000000000000000e+00,-2.172370851039886475e-01,-7.194833159446716309e-01,4.256421029567718506e-01,4.997059702873229980e-01,1.762723624706268311e-01,-1.604929566383361816e-01,-2.201444357633590698e-01,0.000000000000000000e+00,0.000000000000000000e+00,0.000000000000000000e+00,0.000000000000000000e+00,0.000000000000000000e+00,0.000000000000000000e+00,0.000000000000000000e+00
-8.636084385216236115e-03,-6.338131427764892578e-02,8.498666286468505859e-01,2.938561327755451202e-02,1.879110373556613922e-02,9.695664048194885254e-01,2.423310279846191406e-01,1.655628718435764313e-02,1.343382000923156738e-01,-4.745912849903106689e-01,2.446127831935882568e-01,-2.530348002910614014e-01,-1.170282363891601562e-01,-1.138727813959121704e-01,-2.103982418775558472e-01,3.276385068893432617e-01,3.004126250743865967e-01,-2.135208845138549805e-01,2.323099672794342041e-01,-1.930491067469120026e-02,8.669785223901271820e-03,1.629202067852020264e-01,-1.247207403182983398e+00,9.133115410804748535e-01,-6.561324000358581543e-01,-7.167673856019973755e-02,-5.458738282322883606e-02,-2.436392456293106079e-01,5.388865470886230469e-01,0.000000000000000000e+00,0.000000000000000000e+00,0.000000000000000000e+00,0.000000000000000000e+00,0.000000000000000000e+00,0.000000000000000000e+00,0.000000000000000000e+00,-3.251416683197021484e-01,-7.240539789199829102e-01,4.389934241771697998e-01,5.242619514465332031e-01,2.039074003696441650e-01,-1.560446918010711670e-01,-2.084422558546066284e-01,0.000000000000000000e+00,0.000000000000000000e+00,0.000000000000000000e+00,0.000000000000000000e+00,0.000000000000000000e+00,0.000000000000000000e+00,0.000000000000000000e+00
-1.283071283251047134e-02,-8.107662945985794067e-02,8.477646708488464355e-01,2.837033383548259735e-02,1.492519117891788483e-02,9.645314812660217285e-01,2.620140314102172852e-01,2.191698737442493439e-02,1.112831309437751770e-01,-4.141956865787506104e-01,2.657343745231628418e-01,-3.089931607246398926e-01,-6.668768823146820068e-02,-1.293416619300842285e-01,-2.124176174402236938e-01,3.787653744220733643e-01,2.856897711753845215e-01,-1.831596195697784424e-01,2.540767490863800049e-01,-6.823966652154922485e-02,4.524965770542621613e-03,1.746668368577957153e-01,-1.211704611778259277e+00,8.804113268852233887e-01,-6.623697280883789062e-01,-6.647985428571701050e-02,-7.050894200801849365e-02,-2.401928752660751343e-01,5.295879840850830078e-01,0.000000000000000000e+00,0.000000000000000000e+00,0.000000000000000000e+00,0.000000000000000000e+00,0.000000000000000000e+00,0.000000000000000000e+00,0.000000000000000000e+00,-3.486705422401428223e-01,-7.153859138488769531e-01,4.324495494365692139e-01,5.095338225364685059e-01,2.337626069784164429e-01,-1.519282013177871704e-01,-2.238939702510833740e-01,0.000000000000000000e+00,0.000000000000000000e+00,0.000000000000000000e+00,0.000000000000000000e+00,0.000000000000000000e+00,0.000000000000000000e+00,0.000000000000000000e+00
-1.544910762459039688e-02,-9.852332621812820435e-02,8.490551710128784180e-01,2.823277376592159271e-02,7.369464263319969177e-03,9.587759375572204590e-01,2.826611399650573730e-01,3.103381767868995667e-02,1.180323436856269836e-01,-3.105264306068420410e-01,2.637977302074432373e-01,-3.497552871704101562e-01,-1.865687966346740723e-02,-1.451254785060882568e-01,-2.052956074476242065e-01,3.793192207813262939e-01,2.683018147945404053e-01,-1.089428737759590149e-01,2.617990374565124512e-01,-1.192632615566253662e-01,7.595092989504337311e-03,1.929498314857482910e-01,-1.164437294006347656e+00,8.494400382041931152e-01,-6.601454019546508789e-01,-4.872966557741165161e-02,-7.614748924970626831e-02,-2.277913689613342285e-01,5.142093896865844727e-01,0.000000000000000000e+00,0.000000000000000000e+00,0.000000000000000000e+00,0.000000000000000000e+00,0.000000000000000000e+00,0.000000000000000000e+00,0.000000000000000000e+00,-3.536759316921234131e-01,-7.066715359687805176e-01,4.273764789104461670e-01,4.801813662052154541e-01,2.461853921413421631e-01,-1.418232172727584839e-01,-2.450108379125595093e-01,0.000000000000000000e+00,0.000000000000000000e+00,0.000000000000000000e+00,0.000000000000000000e+00,0.000000000000000000e+00,0.000000000000000000e+00,0.000000000000000000e+00
-1.840700581669807434e-02,-1.207534596323966980e-01,8.516293168067932129e-01,2.755965292453765869e-02,2.480617025867104530e-03,9.487757086753845215e-01,3.147363662719726562e-01,3.790228813886642456e-02,1.154986396431922913e-01,-2.125902771949768066e-01,2.614559829235076904e-01,-3.674243986606597900e-01,1.637024246156215668e-02,-1.809420734643936157e-01,-2.236036360263824463e-01,3.293794095516204834e-01,2.575455307960510254e-01,-4.956064000725746155e-02,2.617999911308288574e-01,-1.561496704816818237e-01,1.367453485727310181e-02,2.121075689792633057e-01,-1.113367915153503418e+00,8.245992064476013184e-01,-6.538233757019042969e-01,-2.310958504676818848e-02,-4.557108134031295776e-02,-2.169260978698730469e-01,5.082219243049621582e-01,0.000000000000000000e+00,0.000000000000000000e+00,0.000000000000000000e+00,0.000000000000000000e+00,0.000000000000000000e+00,0.000000000000000000e+00,0.000000000000000000e+00,-3.448757529258728027e-01,-7.011144161224365234e-01,4.159013330936431885e-01,4.534060955047607422e-01,2.277480959892272949e-01,-1.364127844572067261e-01,-2.732716500759124756e-01,0.000000000000000000e+00,0.000000000000000000e+00,0.000000000000000000e+00,0.000000000000000000e+00,0.000000000000000000e+00,0.000000000000000000e+00,0.000000000000000000e+00
-2.251899242401123047e-02,-1.466067135334014893e-01,8.521885871887207031e-01,2.605224214494228363e-02,1.750806928612291813e-03,9.356904029846191406e-01,3.518546223640441895e-01,3.831044957041740417e-02,1.023210957646369934e-01,-1.080705672502517700e-01,2.611752152442932129e-01,-3.873684704303741455e-01,4.911440983414649963e-02,-2.269275933504104614e-01,-2.517777681350708008e-01,2.525616884231567383e-01,2.741684615612030029e-01,-4.528623446822166443e-02,2.617999911308288574e-01,-1.826601475477218628e-01,2.128593251109123230e-02,2.276178747415542603e-01,-1.064294457435607910e+00,7.996864318847656250e-01,-6.487723588943481445e-01,2.230174839496612549e-02,-1.332322694361209869e-02,-2.077090144157409668e-01,5.188937187194824219e-01,0.000000000000000000e+00,0.000000000000000000e+00,0.000000000000000000e+00,0.000000000000000000e+00,0.000000000000000000e+00,0.000000000000000000e+00,0.000000000000000000e+00,-3.335184454917907715e-01,-6.951684355735778809e-01,3.983637988567352295e-01,4.190382063388824463e-01,1.934958398342132568e-01,-1.401993334293365479e-01,-3.318604230880737305e-01,0.000000000000000000e+00,0.000000000000000000e+00,0.000000000000000000e+00,0.000000000000000000e+00,0.000000000000000000e+00,0.000000000000000000e+00,0.000000000000000000e+00
-2.715476229786872864e-02,-1.722353696823120117e-01,8.533321022987365723e-01,2.354228682816028595e-02,3.135612001642584801e-03,9.191154241561889648e-01,3.932718932628631592e-01,3.948066756129264832e-02,8.790422976016998291e-02,7.955214823596179485e-04,2.517211735248565674e-01,-3.963488638401031494e-01,7.674220204353332520e-02,-2.605208456516265869e-01,-2.682059109210968018e-01,1.494446843862533569e-01,3.243616521358489990e-01,-6.580867618322372437e-02,2.500455975532531738e-01,-2.004151493310928345e-01,2.629377320408821106e-02,2.316103726625442505e-01,-1.030359625816345215e+00,7.823830842971801758e-01,-6.578765511512756348e-01,6.172828748822212219e-02,2.382001094520092010e-02,-2.001451849937438965e-01,5.262620449066162109e-01,0.000000000000000000e+00,0.000000000000000000e+00,0.000000000000000000e+00,0.000000000000000000e+00,0.000000000000000000e+00,0.000000000000000000e+00,0.000000000000000000e+00,-3.231928944587707520e-01,-7.000122666358947754e-01,4.042423963546752930e-01,3.799024224281311035e-01,1.467102319002151489e-01,-1.435786634683609009e-01,-3.681880831718444824e-01,0.000000000000000000e+00,0.000000000000000000e+00,0.000000000000000000e+00,0.000000000000000000e+00,0.000000000000000000e+00,0.000000000000000000e+00,0.000000000000000000e+00
-3.115843981504440308e-02,-1.962154805660247803e-01,8.564314246177673340e-01,1.602617464959621429e-02,1.043656491674482822e-03,8.982381224632263184e-01,4.392155706882476807e-01,3.673360496759414673e-02,9.072490781545639038e-02,1.135441288352012634e-01,2.366403043270111084e-01,-3.950885236263275146e-01,9.170010685920715332e-02,-2.807075381278991699e-01,-2.744726240634918213e-01,-1.704203896224498749e-03,4.280745685100555420e-01,-1.072523519396781921e-01,1.893339455127716064e-01,-2.059503495693206787e-01,3.539049625396728516e-02,2.264399230480194092e-01,-1.011478066444396973e+00,7.711233496665954590e-01,-6.688120961189270020e-01,1.007491797208786011e-01,6.637868285179138184e-02,-1.926234066486358643e-01,5.133919715881347656e-01,0.000000000000000000e+00,0.000000000000000000e+00,0.000000000000000000e+00,0.000000000000000000e+00,0.000000000000000000e+00,0.000000000000000000e+00,0.000000000000000000e+00,-3.082308471202850342e-01,-6.936247944831848145e-01,4.066455960273742676e-01,3.458704650402069092e-01,1.093860790133476257e-01,-1.456174105405807495e-01,-3.881314098834991455e-01,0.000000000000000000e+00,0.000000000000000000e+00,0.000000000000000000e+00,0.000000000000000000e+00,0.000000000000000000e+00,0.000000000000000000e+00,0.000000000000000000e+00
-3.592418506741523743e-02,-2.188059836626052856e-01,8.598863482475280762e-01,8.507955819368362427e-03,-1.808488043025135994e-03,8.724148273468017578e-01,4.886887669563293457e-01,3.601726517081260681e-02,9.610030055046081543e-02,2.144804745912551880e-01,2.211295068264007568e-01,-3.861837089061737061e-01,1.007716804742813110e-01,-2.811595201492309570e-01,-2.721854448318481445e-01,-1.189176887273788452e-01,5.527523756027221680e-01,-1.569398492574691772e-01,1.325918138027191162e-01,-2.015119940042495728e-01,4.332698881626129150e-02,2.160715460777282715e-01,-9.929195046424865723e-01,7.582610249519348145e-01,-6.700995564460754395e-01,1.227878108620643616e-01,1.013820841908454895e-01,-1.930888444185256958e-01,4.878956973552703857e-01,0.000000000000000000e+00,0.000000000000000000e+00,0.000000000000000000e+00,0.000000000000000000e+00,0.000000000000000000e+00,0.000000000000000000e+00,0.000000000000000000e+00,-2.968373298645019531e-01,-6.848848462104797363e-01,4.090185165405273438e-01,3.203727006912231445e-01,9.176617860794067383e-02,-1.537489145994186401e-01,-3.846951127052307129e-01,0.000000000000000000e+00,0.000000000000000000e+00,0.000000000000000000e+00,0.000000000000000000e+00,0.000000000000000000e+00,0.000000000000000000e+00,0.000000000000000000e+00
-4.185258969664573669e-02,-2.399984747171401978e-01,8.630425930023193359e-01,2.666615415364503860e-03,-3.815165255218744278e-03,8.400662541389465332e-01,5.424638986587524414e-01,4.201307892799377441e-02,9.878379851579666138e-02,3.130531013011932373e-01,2.007725834846496582e-01,-3.730964660644531250e-01,1.151126250624656677e-01,-2.723716497421264648e-01,-2.749781906604766846e-01,-2.103824764490127563e-01,6.859287023544311523e-01,-2.012793123722076416e-01,8.579291403293609619e-02,-1.903863549232482910e-01,4.787291958928108215e-02,2.037778496742248535e-01,-9.721058011054992676e-01,7.576758265495300293e-01,-6.561890244483947754e-01,1.367278844118118286e-01,1.397938877344131470e-01,-1.999887526035308838e-01,4.614433944225311279e-01,0.000000000000000000e+00,0.000000000000000000e+00,0.000000000000000000e+00,0.000000000000000000e+00,0.000000000000000000e+00,0.000000000000000000e+00,0.000000000000000000e+00,-2.844620347023010254e-01,-6.894723773002624512e-01,4.119167625904083252e-01,2.875902354717254639e-01,7.961060851812362671e-02,-1.621177941560745239e-01,-3.632678687572479248e-01,0.000000000000000000e+00,0.000000000000000000e+00,0.000000000000000000e+00,0.000000000000000000e+00,0.000000000000000000e+00,0.000000000000000000e+00,0.000000000000000000e+00
-4.929133132100105286e-02,-2.593720853328704834e-01,8.641867041587829590e-01,-1.451247488148510456e-03,-2.572739031165838242e-03,8.004475235939025879e-01,5.993955731391906738e-01,4.590051248669624329e-02,9.860766679048538208e-02,4.272475242614746094e-01,1.921934187412261963e-01,-3.704789578914642334e-01,1.343781352043151855e-01,-2.471325844526290894e-01,-2.822683751583099365e-01,-2.884820699691772461e-01,7.885059118270874023e-01,-2.228892147541046143e-01,5.782848224043846130e-02,-1.756905466318130493e-01,5.034430697560310364e-02,1.874499619007110596e-01,-9.427971243858337402e-01,7.552896738052368164e-01,-6.432791948318481445e-01,1.358533799648284912e-01,1.786051839590072632e-01,-2.050955891609191895e-01,4.385833740234375000e-01,0.000000000000000000e+00,0.000000000000000000e+00,0.000000000000000000e+00,0.000000000000000000e+00,0.000000000000000000e+00,0.000000000000000000e+00,0.000000000000000000e+00,-2.754725813865661621e-01,-6.904492974281311035e-01,4.196284413337707520e-01,2.475113272666931152e-01,7.066338509321212769e-02,-1.747315526008605957e-01,-3.480963408946990967e-01,0.000000000000000000e+00,0.000000000000000000e+00,0.000000000000000000e+00,0.000000000000000000e+00,0.000000000000000000e+00,0.000000000000000000e+00,0.000000000000000000e+00
-5.788252875208854675e-02,-2.768082618713378906e-01,8.645214438438415527e-01,-3.522298997268080711e-03,5.201711319386959076e-04,7.592366933822631836e-01,6.508048772811889648e-01,4.621775075793266296e-02,9.479548037052154541e-02,5.356458425521850586e-01,1.901661157608032227e-01,-3.672866523265838623e-01,1.577549129724502563e-01,-2.065665870904922485e-01,-2.909662425518035889e-01,-3.470528423786163330e-01,8.613695502281188965e-01,-2.174828499555587769e-01,4.570304974913597107e-02,-1.550448238849639893e-01,4.850798845291137695e-02,1.738968193531036377e-01,-9.047444462776184082e-01,7.608569860458374023e-01,-6.244524717330932617e-01,1.277708411216735840e-01,2.046313583850860596e-01,-2.069912105798721313e-01,4.154061973094940186e-01,0.000000000000000000e+00,0.000000000000000000e+00,0.000000000000000000e+00,0.000000000000000000e+00,0.000000000000000000e+00,0.000000000000000000e+00,0.000000000000000000e+00,-2.651123404502868652e-01,-6.892886161804199219e-01,4.163393676280975342e-01,2.135868072509765625e-01,6.808419525623321533e-02,-1.791786253452301025e-01,-3.299074769020080566e-01,0.000000000000000000e+00,0.000000000000000000e+00,0.000000000000000000e+00,0.000000000000000000e+00,0.000000000000000000e+00,0.000000000000000000e+00,0.000000000000000000e+00
-6.740549951791763306e-02,-2.922835052013397217e-01,8.639396429061889648e-01,-5.609292071312665939e-03,6.209256127476692200e-03,7.146641612052917480e-01,6.994176506996154785e-01,4.079342633485794067e-02,9.176814556121826172e-02,6.513773202896118164e-01,1.950823962688446045e-01,-3.663433194160461426e-01,1.808427125215530396e-01,-1.563010364770889282e-01,-2.980370819568634033e-01,-4.003908038139343262e-01,8.943593502044677734e-01,-1.994860321283340454e-01,4.702639952301979065e-02,-1.315401047468185425e-01,4.652658104896545410e-02,1.610022932291030884e-01,-8.696276545524597168e-01,7.735131978988647461e-01,-6.104699373245239258e-01,1.149062067270278931e-01,2.235766798257827759e-01,-2.062465995550155640e-01,3.978637456893920898e-01,0.000000000000000000e+00,0.000000000000000000e+00,0.000000000000000000e+00,0.000000000000000000e+00,0.000000000000000000e+00,0.000000000000000000e+00,0.000000000000000000e+00,-2.636086046695709229e-01,-6.849007606506347656e-01,4.141394495964050293e-01,1.790001392364501953e-01,7.218323647975921631e-02,-1.786741614341735840e-01,-3.117908537387847900e-01,0.000000000000000000e+00,0.000000000000000000e+00,0.000000000000000000e+00,0.000000000000000000e+00,0.000000000000000000e+00,0.000000000000000000e+00,0.000000000000000000e+00
-7.702516019344329834e-02,-3.060850501060485840e-01,8.630099892616271973e-01,-9.701085276901721954e-03,1.179273705929517746e-02,6.739257574081420898e-01,7.386412620544433594e-01,2.662000618875026703e-02,9.384212642908096313e-02,7.482886314392089844e-01,2.042817175388336182e-01,-3.710995912551879883e-01,2.043326795101165771e-01,-1.111938580870628357e-01,-2.958806753158569336e-01,-4.340127110481262207e-01,8.932821750640869141e-01,-1.785993874073028564e-01,5.418078228831291199e-02,-1.123851388692855835e-01,4.515678808093070984e-02,1.519894003868103027e-01,-8.314657211303710938e-01,7.850562930107116699e-01,-5.947756767272949219e-01,9.582990407943725586e-02,2.263644188642501831e-01,-2.067227661609649658e-01,3.861469328403472900e-01,0.000000000000000000e+00,0.000000000000000000e+00,0.000000000000000000e+00,0.000000000000000000e+00,0.000000000000000000e+00,0.000000000000000000e+00,0.000000000000000000e+00,-2.622787356376647949e-01,-6.894419789314270020e-01,4.091067016124725342e-01,1.326724439859390259e-01,6.494640558958053589e-02,-1.797409206628799438e-01,-3.020701110363006592e-01,0.000000000000000000e+00,0.000000000000000000e+00,0.000000000000000000e+00,0.000000000000000000e+00,0.000000000000000000e+00,0.000000000000000000e+00,0.000000000000000000e+00
-8.600565791130065918e-02,-3.188405334949493408e-01,8.612148761749267578e-01,-1.479655224829912186e-02,2.171157486736774445e-02,6.338706016540527344e-01,7.729926705360412598e-01,4.796665161848068237e-03,9.400904178619384766e-02,8.465537428855895996e-01,2.093354165554046631e-01,-3.766671419143676758e-01,2.183348089456558228e-01,-5.524643883109092712e-02,-2.911449074745178223e-01,-4.772832095623016357e-01,8.294743299484252930e-01,-1.663638353347778320e-01,6.868957728147506714e-02,-9.335804730653762817e-02,4.265497997403144836e-02,1.400005668401718140e-01,-7.972509860992431641e-01,7.941734194755554199e-01,-5.805205702781677246e-01,8.539219945669174194e-02,2.287959456443786621e-01,-2.091560959815979004e-01,3.811129331588745117e-01,0.000000000000000000e+00,0.000000000000000000e+00,0.000000000000000000e+00,0.000000000000000000e+00,0.000000000000000000e+00,0.000000000000000000e+00,0.000000000000000000e+00,-2.591784894466400146e-01,-6.939418911933898926e-01,4.069512188434600830e-01,9.255388379096984863e-02,5.725931003689765930e-02,-1.817969232797622681e-01,-3.039279878139495850e-01,0.000000000000000000e+00,0.000000000000000000e+00,0.000000000000000000e+00,0.000000000000000000e+00,0.000000000000000000e+00,0.000000000000000000e+00,0.000000000000000000e+00
-9.496670216321945190e-02,-3.311947584152221680e-01,8.591178655624389648e-01,-2.044911868870258331e-02,3.302007168531417847e-02,5.933417677879333496e-01,8.040130734443664551e-01,-2.171809412539005280e-02,9.633768349885940552e-02,9.365639090538024902e-01,2.129490673542022705e-01,-3.825086653232574463e-01,2.245770245790481567e-01,3.009467618539929390e-04,-2.775648534297943115e-01,-5.228193998336791992e-01,7.244796752929687500e-01,-1.643125265836715698e-01,8.462426066398620605e-02,-7.245039194822311401e-02,4.212689399719238281e-02,1.310462802648544312e-01,-7.686185836791992188e-01,8.077705502510070801e-01,-5.660261511802673340e-01,7.496847957372665405e-02,2.433644384145736694e-01,-2.071570008993148804e-01,3.919672369956970215e-01,0.000000000000000000e+00,0.000000000000000000e+00,0.000000000000000000e+00,0.000000000000000000e+00,0.000000000000000000e+00,0.000000000000000000e+00,0.000000000000000000e+00,-2.531915009021759033e-01,-7.021869421005249023e-01,4.024836122989654541e-01,4.284164309501647949e-02,4.516896605491638184e-02,-1.857471764087677002e-01,-3.143115937709808350e-01,0.000000000000000000e+00,0.000000000000000000e+00,0.000000000000000000e+00,0.000000000000000000e+00,0.000000000000000000e+00,0.000000000000000000e+00,0.000000000000000000e+00
-1.037258729338645935e-01,-3.435499370098114014e-01,8.568051457405090332e-01,-2.459356933832168579e-02,4.509167000651359558e-02,5.502637028694152832e-01,8.334097266197204590e-01,-4.819450899958610535e-02,1.027210056781768799e-01,1.031705260276794434e+00,2.206389009952545166e-01,-3.853048384189605713e-01,2.266517281532287598e-01,5.546269193291664124e-02,-2.633236348628997803e-01,-5.749160647392272949e-01,5.943539738655090332e-01,-1.698053926229476929e-01,1.008498221635818481e-01,-5.180025845766067505e-02,3.957706689834594727e-02,1.210228279232978821e-01,-7.454856634140014648e-01,8.246471285820007324e-01,-5.584107041358947754e-01,6.430289149284362793e-02,2.499211728572845459e-01,-2.086611539125442505e-01,3.998615443706512451e-01,0.000000000000000000e+00,0.000000000000000000e+00,0.000000000000000000e+00,0.000000000000000000e+00,0.000000000000000000e+00,0.000000000000000000e+00,0.000000000000000000e+00,-2.473767846822738647e-01,-7.163297533988952637e-01,4.006449282169342041e-01,-7.084435783326625824e-03,3.950868919491767883e-02,-1.895377188920974731e-01,-3.140220344066619873e-01,0.000000000000000000e+00,0.000000000000000000e+00,0.000000000000000000e+00,0.000000000000000000e+00,0.000000000000000000e+00,0.000000000000000000e+00,0.000000000000000000e+00
-1.119420677423477173e-01,-3.562162220478057861e-01,8.552809953689575195e-01,-2.701105363667011261e-02,5.381693318486213684e-02,5.129384398460388184e-01,8.563108444213867188e-01,-7.179431617259979248e-02,1.126609668135643005e-01,1.101080894470214844e+00,2.277581095695495605e-01,-3.799997866153717041e-01,2.249869108200073242e-01,9.091603010892868042e-02,-2.459369301795959473e-01,-6.075817346572875977e-01,4.773604273796081543e-01,-1.834846884012222290e-01,1.096091866493225098e-01,-4.104649648070335388e-02,3.673195466399192810e-02,1.201829165220260620e-01,-7.231441736221313477e-01,8.379725217819213867e-01,-5.517317652702331543e-01,5.602018535137176514e-02,2.414671033620834351e-01,-2.112991511821746826e-01,4.000744819641113281e-01,0.000000000000000000e+00,0.000000000000000000e+00,0.000000000000000000e+00,0.000000000000000000e+00,0.000000000000000000e+00,0.000000000000000000e+00,0.000000000000000000e+00,-2.368045300245285034e-01,-7.377876043319702148e-01,3.856105804443359375e-01,-5.988991633057594299e-02,3.198072686791419983e-02,-1.964056044816970825e-01,-3.099502027034759521e-01,0.000000000000000000e+00,0.000000000000000000e+00,0.000000000000000000e+00,0.000000000000000000e+00,0.000000000000000000e+00,0.000000000000000000e+00,0.000000000000000000e+00
-1.197814494371414185e-01,-3.692833185195922852e-01,8.537744879722595215e-01,-2.568560652434825897e-02,5.986661463975906372e-02,4.794029295444488525e-01,8.751737475395202637e-01,-9.262143820524215698e-02,1.236079707741737366e-01,1.138983368873596191e+00,2.398525774478912354e-01,-3.696889877319335938e-01,2.183030545711517334e-01,1.110737696290016174e-01,-2.363560646772384644e-01,-6.223055124282836914e-01,3.901883959770202637e-01,-1.940474808216094971e-01,1.162780001759529114e-01,-3.756959736347198486e-02,3.590642288327217102e-02,1.264224648475646973e-01,-7.129961848258972168e-01,8.539130687713623047e-01,-5.480552911758422852e-01,5.032458528876304626e-02,2.352572232484817505e-01,-2.143906950950622559e-01,3.934817612171173096e-01,0.000000000000000000e+00,0.000000000000000000e+00,0.000000000000000000e+00,0.000000000000000000e+00,0.000000000000000000e+00,0.000000000000000000e+00,0.000000000000000000e+00,-2.257958054542541504e-01,-7.704406976699829102e-01,3.653660118579864502e-01,-1.198192536830902100e-01,3.685525059700012207e-02,-2.080267369747161865e-01,-3.062642514705657959e-01,0.000000000000000000e+00,0.000000000000000000e+00,0.000000000000000000e+00,0.000000000000000000e+00,0.000000000000000000e+00,0.000000000000000000e+00,0.000000000000000000e+00
-1.270160824060440063e-01,-3.826803267002105713e-01,8.524878025054931641e-01,-2.032474987208843231e-02,6.209097430109977722e-02,4.514233171939849854e-01,8.899149298667907715e-01,-1.086863428354263306e-01,1.376099884510040283e-01,1.150044918060302734e+00,2.601372599601745605e-01,-3.492291271686553955e-01,2.083707749843597412e-01,1.189289912581443787e-01,-2.311261296272277832e-01,-6.152620911598205566e-01,3.321363627910614014e-01,-2.078086733818054199e-01,1.189813092350959778e-01,-4.425371810793876648e-02,3.640636056661605835e-02,1.370948553085327148e-01,-7.146709561347961426e-01,8.647931218147277832e-01,-5.509997010231018066e-01,4.049729555845260620e-02,2.185070812702178955e-01,-2.218860387802124023e-01,3.855130672454833984e-01,0.000000000000000000e+00,0.000000000000000000e+00,0.000000000000000000e+00,0.000000000000000000e+00,0.000000000000000000e+00,0.000000000000000000e+00,0.000000000000000000e+00,-2.113939225673675537e-01,-8.071711063385009766e-01,3.356928527355194092e-01,-1.787901669740676880e-01,4.736519232392311096e-02,-2.188498377799987793e-01,-3.040514588356018066e-01,0.000000000000000000e+00,0.000000000000000000e+00,0.000000000000000000e+00,0.000000000000000000e+00,0.000000000000000000e+00,0.000000000000000000e+00,0.000000000000000000e+00
-1.338785439729690552e-01,-3.964051008224487305e-01,8.511805534362792969e-01,-1.432979200035333633e-02,5.814257264137268066e-02,4.307071566581726074e-01,9.005028605461120605e-01,-1.248845085501670837e-01,1.678399145603179932e-01,1.130089044570922852e+00,2.989478409290313721e-01,-3.231899142265319824e-01,1.915560215711593628e-01,1.176361814141273499e-01,-2.217340916395187378e-01,-6.015986204147338867e-01,2.997784614562988281e-01,-2.387705892324447632e-01,1.120483279228210449e-01,-5.296174436807632446e-02,4.093129932880401611e-02,1.573730856180191040e-01,-7.259721159934997559e-01,8.693902492523193359e-01,-5.541404485702514648e-01,3.711966425180435181e-02,1.876979172229766846e-01,-2.248798161745071411e-01,3.717243075370788574e-01,0.000000000000000000e+00,0.000000000000000000e+00,0.000000000000000000e+00,0.000000000000000000e+00,0.000000000000000000e+00,0.000000000000000000e+00,0.000000000000000000e+00,-1.950431466102600098e-01,-8.477295637130737305e-01,3.021635413169860840e-01,-2.367897331714630127e-01,6.059507653117179871e-02,-2.207001000642776489e-01,-2.969489991664886475e-01,0.000000000000000000e+00,0.000000000000000000e+00,0.000000000000000000e+00,0.000000000000000000e+00,0.000000000000000000e+00,0.000000000000000000e+00,0.000000000000000000e+00
-1.401649564504623413e-01,-4.097347855567932129e-01,8.506193161010742188e-01,-8.650293573737144470e-03,5.265864729881286621e-02,4.132916331291198730e-01,9.090337157249450684e-01,-1.428172290325164795e-01,1.898703724145889282e-01,1.086143016815185547e+00,3.170325458049774170e-01,-2.836948931217193604e-01,1.627285331487655640e-01,1.131135970354080200e-01,-2.119136899709701538e-01,-5.601289272308349609e-01,2.781603634357452393e-01,-2.703260779380798340e-01,1.115083843469619751e-01,-6.212282180786132812e-02,4.199139401316642761e-02,1.711647957563400269e-01,-7.417069673538208008e-01,8.657326102256774902e-01,-5.597639083862304688e-01,3.745486959815025330e-02,1.714934259653091431e-01,-2.281405031681060791e-01,3.649182915687561035e-01,0.000000000000000000e+00,0.000000000000000000e+00,0.000000000000000000e+00,0.000000000000000000e+00,0.000000000000000000e+00,0.000000000000000000e+00,0.000000000000000000e+00,-1.899234801530838013e-01,-8.733363151550292969e-01,2.828297615051269531e-01,-2.691472172737121582e-01,6.844650208950042725e-02,-2.219277173280715942e-01,-2.977268397808074951e-01,0.000000000000000000e+00,0.000000000000000000e+00,0.000000000000000000e+00,0.000000000000000000e+00,0.000000000000000000e+00,0.000000000000000000e+00,0.000000000000000000e+00
-1.469942331314086914e-01,-4.225324988365173340e-01,8.513602614402770996e-01,-3.721808549016714096e-03,4.360554367303848267e-02,3.994684219360351562e-01,9.157017469406127930e-01,-1.661190092563629150e-01,2.211965471506118774e-01,1.032279491424560547e+00,3.513831496238708496e-01,-2.351084351539611816e-01,1.310149282217025757e-01,1.147487312555313110e-01,-2.026824504137039185e-01,-5.300465822219848633e-01,2.543482780456542969e-01,-2.797134220600128174e-01,1.129021197557449341e-01,-7.157947123050689697e-02,4.519636183977127075e-02,1.850127726793289185e-01,-7.646377086639404297e-01,8.587324619293212891e-01,-5.735805034637451172e-01,4.337003454566001892e-02,1.647273153066635132e-01,-2.265729010105133057e-01,3.676900863647460938e-01,0.000000000000000000e+00,0.000000000000000000e+00,0.000000000000000000e+00,0.000000000000000000e+00,0.000000000000000000e+00,0.000000000000000000e+00,0.000000000000000000e+00,-1.919838786125183105e-01,-8.944308757781982422e-01,2.612819373607635498e-01,-2.887067794799804688e-01,6.855583935976028442e-02,-2.223235070705413818e-01,-3.160839080810546875e-01,0.000000000000000000e+00,0.000000000000000000e+00,0.000000000000000000e+00,0.000000000000000000e+00,0.000000000000000000e+00,0.000000000000000000e+00,0.000000000000000000e+00
-1.540050655603408813e-01,-4.339516460895538330e-01,8.522355556488037109e-01,8.522460120730102062e-04,3.301952406764030457e-02,3.833218812942504883e-01,9.230239987373352051e-01,-1.924733519554138184e-01,2.493439316749572754e-01,9.552446603775024414e-01,3.822777867317199707e-01,-1.970041543245315552e-01,1.001695394515991211e-01,1.159793362021446228e-01,-1.930490881204605103e-01,-4.900561571121215820e-01,2.373027801513671875e-01,-2.819097340106964111e-01,1.111536175012588501e-01,-7.331616431474685669e-02,4.752775654196739197e-02,1.993578970432281494e-01,-7.885303497314453125e-01,8.448456525802612305e-01,-5.825197696685791016e-01,6.392428278923034668e-02,1.703491508960723877e-01,-2.216694504022598267e-01,3.790204524993896484e-01,0.000000000000000000e+00,0.000000000000000000e+00,0.000000000000000000e+00,0.000000000000000000e+00,0.000000000000000000e+00,0.000000000000000000e+00,0.000000000000000000e+00,-1.986951231956481934e-01,-9.117408990859985352e-01,2.471125423908233643e-01,-2.943206727504730225e-01,6.160444766283035278e-02,-2.214758247137069702e-01,-3.315088450908660889e-01,0.000000000000000000e+00,0.000000000000000000e+00,0.000000000000000000e+00,0.000000000000000000e+00,0.000000000000000000e+00,0.000000000000000000e+00,0.000000000000000000e+00
-1.610279828310012817e-01,-4.436097741127014160e-01,8.541177511215209961e-01,6.027576979249715805e-03,2.208553999662399292e-02,3.645490109920501709e-01,9.309027194976806641e-01,-2.235181480646133423e-01,2.722575962543487549e-01,8.529641032218933105e-01,4.127171039581298828e-01,-1.643317639827728271e-01,6.501735746860504150e-02,1.208024397492408752e-01,-1.839838027954101562e-01,-4.447322785854339600e-01,2.170439064502716064e-01,-2.734583914279937744e-01,1.106612384319305420e-01,-6.970454752445220947e-02,5.124797672033309937e-02,2.091508060693740845e-01,-8.078574538230895996e-01,8.240326642990112305e-01,-5.975218415260314941e-01,8.276490867137908936e-02,1.681194603443145752e-01,-2.191657721996307373e-01,3.882612287998199463e-01,0.000000000000000000e+00,0.000000000000000000e+00,0.000000000000000000e+00,0.000000000000000000e+00,0.000000000000000000e+00,0.000000000000000000e+00,0.000000000000000000e+00,-2.055945545434951782e-01,-9.299679398536682129e-01,2.411154210567474365e-01,-2.979019284248352051e-01,6.138782203197479248e-02,-2.222992330789566040e-01,-3.460842072963714600e-01,0.000000000000000000e+00,0.000000000000000000e+00,0.000000000000000000e+00,0.000000000000000000e+00,0.000000000000000000e+00,0.000000000000000000e+00,0.000000000000000000e+00
-1.678638905286788940e-01,-4.512798190116882324e-01,8.567631840705871582e-01,1.241106726229190826e-02,1.391764171421527863e-02,3.413229882717132568e-01,9.397611021995544434e-01,-2.484926730394363403e-01,2.843298912048339844e-01,7.478029131889343262e-01,4.375578165054321289e-01,-1.530554741621017456e-01,3.547091782093048096e-02,1.210660412907600403e-01,-1.819879412651062012e-01,-3.971913158893585205e-01,1.974681615829467773e-01,-2.576841115951538086e-01,1.146406978368759155e-01,-5.852020531892776489e-02,5.259831249713897705e-02,2.129417508840560913e-01,-8.265236020088195801e-01,8.117026686668395996e-01,-6.127215623855590820e-01,1.098587065935134888e-01,1.888397336006164551e-01,-2.135497480630874634e-01,3.994349837303161621e-01,0.000000000000000000e+00,0.000000000000000000e+00,0.000000000000000000e+00,0.000000000000000000e+00,0.000000000000000000e+00,0.000000000000000000e+00,0.000000000000000000e+00,-2.173279821872711182e-01,-9.501110911369323730e-01,2.452090680599212646e-01,-2.876755297183990479e-01,4.831450805068016052e-02,-2.215539216995239258e-01,-3.547065854072570801e-01,0.000000000000000000e+00,0.000000000000000000e+00,0.000000000000000000e+00,0.000000000000000000e+00,0.000000000000000000e+00,0.000000000000000000e+00,0.000000000000000000e+00
-1.740960776805877686e-01,-4.573573172092437744e-01,8.594931960105895996e-01,2.043368481099605560e-02,8.309511467814445496e-03,3.208573758602142334e-01,9.468706250190734863e-01,-2.704464197158813477e-01,2.885520160198211670e-01,6.425916552543640137e-01,4.719115495681762695e-01,-1.494606882333755493e-01,1.833109185099601746e-02,1.200156509876251221e-01,-1.858617961406707764e-01,-3.432572782039642334e-01,1.776610910892486572e-01,-2.409147173166275024e-01,1.191851645708084106e-01,-4.939199239015579224e-02,4.816701635718345642e-02,2.160581350326538086e-01,-8.393297195434570312e-01,7.956155538558959961e-01,-6.243230104446411133e-01,1.359986215829849243e-01,1.987947672605514526e-01,-2.099081873893737793e-01,4.091027975082397461e-01,0.000000000000000000e+00,0.000000000000000000e+00,0.000000000000000000e+00,0.000000000000000000e+00,0.000000000000000000e+00,0.000000000000000000e+00,0.000000000000000000e+00,-2.273393273353576660e-01,-9.597794413566589355e-01,2.489769011735916138e-01,-2.587530910968780518e-01,4.349953308701515198e-02,-2.225243300199508667e-01,-3.636176884174346924e-01,0.000000000000000000e+00,0.000000000000000000e+00,0.000000000000000000e+00,0.000000000000000000e+00,0.000000000000000000e+00,0.000000000000000000e+00,0.000000000000000000e+00
-1.795383542776107788e-01,-4.617927074432373047e-01,8.613618612289428711e-01,2.697532624006271362e-02,2.654688665643334389e-03,3.022872209548950195e-01,9.528314471244812012e-01,-2.799239754676818848e-01,2.926581203937530518e-01,5.644107460975646973e-01,4.879820942878723145e-01,-1.430201977491378784e-01,5.589273292571306229e-03,1.163735985755920410e-01,-1.905979067087173462e-01,-2.972482740879058838e-01,1.704485267400741577e-01,-2.290277779102325439e-01,1.231742724776268005e-01,-4.544517397880554199e-02,4.699120670557022095e-02,2.198767811059951782e-01,-8.533083200454711914e-01,7.862004637718200684e-01,-6.366267204284667969e-01,1.581474840641021729e-01,2.218417525291442871e-01,-2.082539498805999756e-01,4.163510203361511230e-01,0.000000000000000000e+00,0.000000000000000000e+00,0.000000000000000000e+00,0.000000000000000000e+00,0.000000000000000000e+00,0.000000000000000000e+00,0.000000000000000000e+00,-2.379343509674072266e-01,-9.715481400489807129e-01,2.545010745525360107e-01,-2.226010710000991821e-01,4.047013446688652039e-02,-2.245183885097503662e-01,-3.699678778648376465e-01,0.000000000000000000e+00,0.000000000000000000e+00,0.000000000000000000e+00,0.000000000000000000e+00,0.000000000000000000e+00,0.000000000000000000e+00,0.000000000000000000e+00
-1.840782016515731812e-01,-4.646532535552978516e-01,8.638092875480651855e-01,3.486713767051696777e-02,-6.240186048671603203e-04,2.825520336627960205e-01,9.586178660392761230e-01,-2.828862965106964111e-01,2.970064878463745117e-01,4.980194866657257080e-01,4.984461665153503418e-01,-1.308671683073043823e-01,-6.925212685018777847e-03,1.088776960968971252e-01,-2.023136466741561890e-01,-2.569779157638549805e-01,1.666958034038543701e-01,-2.145167589187622070e-01,1.282267272472381592e-01,-3.827092796564102173e-02,4.248141124844551086e-02,2.229746282100677490e-01,-8.626687526702880859e-01,7.827127575874328613e-01,-6.452269554138183594e-01,1.758986562490463257e-01,2.356291860342025757e-01,-2.108164578676223755e-01,4.194012880325317383e-01,0.000000000000000000e+00,0.000000000000000000e+00,0.000000000000000000e+00,0.000000000000000000e+00,0.000000000000000000e+00,0.000000000000000000e+00,0.000000000000000000e+00,-2.388776838779449463e-01,-9.680145978927612305e-01,2.533963620662689209e-01,-1.737759858369827271e-01,3.338101878762245178e-02,-2.242611944675445557e-01,-3.818190991878509521e-01,0.000000000000000000e+00,0.000000000000000000e+00,0.000000000000000000e+00,0.000000000000000000e+00,0.000000000000000000e+00,0.000000000000000000e+00,0.000000000000000000e+00
-1.876911371946334839e-01,-4.660537242889404297e-01,8.653144240379333496e-01,4.019475355744361877e-02,-2.890355652198195457e-03,2.651951909065246582e-01,9.633522629737854004e-01,-2.765057384967803955e-01,2.969576120376586914e-01,4.409599900245666504e-01,4.892514944076538086e-01,-1.216324642300605774e-01,-1.612181216478347778e-02,9.919238835573196411e-02,-2.101695090532302856e-01,-2.198164463043212891e-01,1.670815199613571167e-01,-2.039536237716674805e-01,1.362051665782928467e-01,-3.568492084741592407e-02,3.847982361912727356e-02,2.275955528020858765e-01,-8.681974411010742188e-01,7.866845726966857910e-01,-6.537938714027404785e-01,1.897220313549041748e-01,2.532694339752197266e-01,-2.129108160734176636e-01,4.198919534683227539e-01,0.000000000000000000e+00,0.000000000000000000e+00,0.000000000000000000e+00,0.000000000000000000e+00,0.000000000000000000e+00,0.000000000000000000e+00,0.000000000000000000e+00,-2.376667559146881104e-01,-9.677423238754272461e-01,2.497923076152801514e-01,-1.255865544080734253e-01,1.812845841050148010e-02,-2.245434671640396118e-01,-3.940709829330444336e-01,0.000000000000000000e+00,0.000000000000000000e+00,0.000000000000000000e+00,0.000000000000000000e+00,0.000000000000000000e+00,0.000000000000000000e+00,0.000000000000000000e+00
-1.904155462980270386e-01,-4.659235179424285889e-01,8.659589290618896484e-01,4.524078592658042908e-02,-7.400932256132364273e-03,2.478173971176147461e-01,9.677215814590454102e-01,-2.677319049835205078e-01,2.989102900028228760e-01,3.825353980064392090e-01,4.699634909629821777e-01,-1.087533757090568542e-01,-2.917249314486980438e-02,9.275908023118972778e-02,-2.179658710956573486e-01,-1.842496395111083984e-01,1.757827401161193848e-01,-2.002947032451629639e-01,1.374361068010330200e-01,-3.453161567449569702e-02,4.001044481992721558e-02,2.366928756237030029e-01,-8.681289553642272949e-01,7.882614135742187500e-01,-6.587839722633361816e-01,1.958288848400115967e-01,2.692038118839263916e-01,-2.153996676206588745e-01,4.271056652069091797e-01,0.000000000000000000e+00,0.000000000000000000e+00,0.000000000000000000e+00,0.000000000000000000e+00,0.000000000000000000e+00,0.000000000000000000e+00,0.000000000000000000e+00,-2.364698499441146851e-01,-9.662306308746337891e-01,2.437020391225814819e-01,-7.046288996934890747e-02,-4.727010382339358330e-04,-2.220061421394348145e-01,-4.092456996440887451e-01,0.000000000000000000e+00,0.000000000000000000e+00,0.000000000000000000e+00,0.000000000000000000e+00,0.000000000000000000e+00,0.000000000000000000e+00,0.000000000000000000e+00
-1.921671181917190552e-01,-4.642639756202697754e-01,8.669593334197998047e-01,5.003212392330169678e-02,-9.784608148038387299e-03,2.314026951789855957e-01,9.715213775634765625e-01,-2.526060342788696289e-01,2.949829101562500000e-01,3.309191167354583740e-01,4.464598596096038818e-01,-9.656845778226852417e-02,-4.046402499079704285e-02,8.389953523874282837e-02,-2.280742526054382324e-01,-1.544668674468994141e-01,1.854373365640640259e-01,-1.925799250602722168e-01,1.421428620815277100e-01,-3.708631545305252075e-02,4.027120023965835571e-02,2.398857623338699341e-01,-8.585465550422668457e-01,7.949680089950561523e-01,-6.680108308792114258e-01,2.007097601890563965e-01,2.785500586032867432e-01,-2.185212969779968262e-01,4.251119494438171387e-01,0.000000000000000000e+00,0.000000000000000000e+00,0.000000000000000000e+00,0.000000000000000000e+00,0.000000000000000000e+00,0.000000000000000000e+00,0.000000000000000000e+00,-2.208438962697982788e-01,-9.593377113342285156e-01,2.316915839910507202e-01,-1.493646763265132904e-02,-1.104294136166572571e-02,-2.139697074890136719e-01,-4.186608195304870605e-01,0.000000000000000000e+00,0.000000000000000000e+00,0.000000000000000000e+00,0.000000000000000000e+00,0.000000000000000000e+00,0.000000000000000000e+00,0.000000000000000000e+00
-1.935884058475494385e-01,-4.616029262542724609e-01,8.665199875831604004e-01,5.244386941194534302e-02,-1.165945734828710556e-02,2.161778509616851807e-01,9.748747944831848145e-01,-2.377859503030776978e-01,2.975298464298248291e-01,2.811811864376068115e-01,4.180354773998260498e-01,-8.449444919824600220e-02,-5.431877449154853821e-02,7.409770041704177856e-02,-2.335518449544906616e-01,-1.236056089401245117e-01,1.953623592853546143e-01,-1.959405541419982910e-01,1.434378176927566528e-01,-4.320017248392105103e-02,4.580335319042205811e-02,2.495579421520233154e-01,-8.540009856224060059e-01,8.054968118667602539e-01,-6.798395514488220215e-01,2.005735039710998535e-01,2.932190001010894775e-01,-2.217922061681747437e-01,4.267125427722930908e-01,0.000000000000000000e+00,0.000000000000000000e+00,0.000000000000000000e+00,0.000000000000000000e+00,0.000000000000000000e+00,0.000000000000000000e+00,0.000000000000000000e+00,-2.125737369060516357e-01,-9.543997049331665039e-01,2.201918661594390869e-01,4.810507223010063171e-02,-2.229580841958522797e-02,-2.059840857982635498e-01,-4.322267472743988037e-01,0.000000000000000000e+00,0.000000000000000000e+00,0.000000000000000000e+00,0.000000000000000000e+00,0.000000000000000000e+00,0.000000000000000000e+00,0.000000000000000000e+00
-1.947206407785415649e-01,-4.578890204429626465e-01,8.654927015304565430e-01,5.310193076729774475e-02,-1.275632996112108231e-02,2.004483491182327271e-01,9.781809449195861816e-01,-2.189863324165344238e-01,2.965000271797180176e-01,2.357879430055618286e-01,3.859768211841583252e-01,-7.693888992071151733e-02,-6.653960049152374268e-02,6.125407293438911438e-02,-2.362842857837677002e-01,-9.259588271379470825e-02,2.069489657878875732e-01,-2.006372511386871338e-01,1.483831554651260376e-01,-5.175817757844924927e-02,5.128486454486846924e-02,2.613065242767333984e-01,-8.476641774177551270e-01,8.221608996391296387e-01,-6.896334290504455566e-01,1.973639577627182007e-01,3.036165833473205566e-01,-2.275408059358596802e-01,4.234607815742492676e-01,0.000000000000000000e+00,0.000000000000000000e+00,0.000000000000000000e+00,0.000000000000000000e+00,0.000000000000000000e+00,0.000000000000000000e+00,0.000000000000000000e+00,-2.049129456281661987e-01,-9.455097913742065430e-01,2.080818116664886475e-01,1.130727604031562805e-01,-2.771266363561153412e-02,-1.985651105642318726e-01,-4.449751675128936768e-01,0.000000000000000000e+00,0.000000000000000000e+00,0.000000000000000000e+00,0.000000000000000000e+00,0.000000000000000000e+00,0.000000000000000000e+00,0.000000000000000000e+00
-1.957567185163497925e-01,-4.532242715358734131e-01,8.642182946205139160e-01,5.341715365648269653e-02,-1.256455574184656143e-02,1.856821179389953613e-01,9.810764193534851074e-01,-1.991141289472579956e-01,3.005850613117218018e-01,1.967474520206451416e-01,3.540360927581787109e-01,-6.559619307518005371e-02,-8.041397482156753540e-02,4.506617411971092224e-02,-2.400695234537124634e-01,-6.329001486301422119e-02,2.213937491178512573e-01,-2.069607377052307129e-01,1.553229689598083496e-01,-6.585543602705001831e-02,5.721845477819442749e-02,2.753569185733795166e-01,-8.425394892692565918e-01,8.457484841346740723e-01,-7.018428444862365723e-01,1.893212646245956421e-01,3.147493898868560791e-01,-2.348529100418090820e-01,4.167274534702301025e-01,0.000000000000000000e+00,0.000000000000000000e+00,0.000000000000000000e+00,0.000000000000000000e+00,0.000000000000000000e+00,0.000000000000000000e+00,0.000000000000000000e+00,-1.961355358362197876e-01,-9.334653019905090332e-01,1.963021904230117798e-01,1.875311583280563354e-01,-2.950784936547279358e-02,-1.899430006742477417e-01,-4.567256271839141846e-01,0.000000000000000000e+00,0.000000000000000000e+00,0.000000000000000000e+00,0.000000000000000000e+00,0.000000000000000000e+00,0.000000000000000000e+00,0.000000000000000000e+00
-1.967914849519729614e-01,-4.477692842483520508e-01,8.622564077377319336e-01,5.206905677914619446e-02,-1.447601150721311569e-02,1.716953217983245850e-01,9.836665987968444824e-01,-1.812753230333328247e-01,3.041088581085205078e-01,1.609315574169158936e-01,3.196654617786407471e-01,-4.756622016429901123e-02,-9.409958869218826294e-02,3.182075172662734985e-02,-2.396142929792404175e-01,-3.286158293485641479e-02,2.388188242912292480e-01,-2.124043405055999756e-01,1.649300307035446167e-01,-8.471077680587768555e-02,6.333398073911666870e-02,2.922114133834838867e-01,-8.366342782974243164e-01,8.706542253494262695e-01,-7.153067588806152344e-01,1.883548051118850708e-01,3.326749205589294434e-01,-2.407171428203582764e-01,4.165527224540710449e-01,0.000000000000000000e+00,0.000000000000000000e+00,0.000000000000000000e+00,0.000000000000000000e+00,0.000000000000000000e+00,0.000000000000000000e+00,0.000000000000000000e+00,-1.886249035596847534e-01,-9.126516580581665039e-01,1.811912059783935547e-01,2.750542163848876953e-01,-2.775119990110397339e-02,-1.795436590909957886e-01,-4.745216965675354004e-01,0.000000000000000000e+00,0.000000000000000000e+00,0.000000000000000000e+00,0.000000000000000000e+00,0.000000000000000000e+00,0.000000000000000000e+00,0.000000000000000000e+00
-1.981169432401657104e-01,-4.417388737201690674e-01,8.606117367744445801e-01,5.095765367150306702e-02,-1.476213801652193069e-02,1.587316691875457764e-01,9.858953356742858887e-01,-1.651178002357482910e-01,3.073797225952148438e-01,1.319256722927093506e-01,2.923037409782409668e-01,-3.648367151618003845e-02,-1.077728271484375000e-01,1.646950654685497284e-02,-2.413402497768402100e-01,-6.047167349606752396e-03,2.543780207633972168e-01,-2.175475805997848511e-01,1.697192490100860596e-01,-1.062086746096611023e-01,7.006549835205078125e-02,3.096658587455749512e-01,-8.310527801513671875e-01,9.001274108886718750e-01,-7.326813340187072754e-01,1.905335634946823120e-01,3.471133112907409668e-01,-2.476604878902435303e-01,4.089250564575195312e-01,0.000000000000000000e+00,0.000000000000000000e+00,0.000000000000000000e+00,0.000000000000000000e+00,0.000000000000000000e+00,0.000000000000000000e+00,0.000000000000000000e+00,-1.805344820022583008e-01,-8.956726789474487305e-01,1.639877259731292725e-01,3.688267469406127930e-01,-2.142140455543994904e-02,-1.697818040847778320e-01,-4.851085841655731201e-01,0.000000000000000000e+00,0.000000000000000000e+00,0.000000000000000000e+00,0.000000000000000000e+00,0.000000000000000000e+00,0.000000000000000000e+00,0.000000000000000000e+00
-1.997615545988082886e-01,-4.350122213363647461e-01,8.587157130241394043e-01,4.916346818208694458e-02,-1.617009006440639496e-02,1.482845842838287354e-01,9.875895977020263672e-01,-1.526956111192703247e-01,3.165555298328399658e-01,1.078203693032264709e-01,2.623365819454193115e-01,-2.247425168752670288e-02,-1.228870153427124023e-01,4.570433869957923889e-03,-2.430268675088882446e-01,1.530680619180202484e-02,2.696302831172943115e-01,-2.195941507816314697e-01,1.790408492088317871e-01,-1.292931139469146729e-01,7.840020209550857544e-02,3.265984952449798584e-01,-8.261008858680725098e-01,9.332841634750366211e-01,-7.475045323371887207e-01,1.970385462045669556e-01,3.650446236133575439e-01,-2.505315542221069336e-01,3.977968692779541016e-01,0.000000000000000000e+00,0.000000000000000000e+00,0.000000000000000000e+00,0.000000000000000000e+00,0.000000000000000000e+00,0.000000000000000000e+00,0.000000000000000000e+00,-1.658901423215866089e-01,-8.657191991806030273e-01,1.381565332412719727e-01,4.587678909301757812e-01,-1.856572111137211323e-03,-1.605305075645446777e-01,-4.967312216758728027e-01,0.000000000000000000e+00,0.000000000000000000e+00,0.000000000000000000e+00,0.000000000000000000e+00,0.000000000000000000e+00,0.000000000000000000e+00,0.000000000000000000e+00
-2.018098384141921997e-01,-4.275109767913818359e-01,8.576666712760925293e-01,4.742985591292381287e-02,-1.613106392323970795e-02,1.376430392265319824e-01,9.892141222953796387e-01,-1.404208540916442871e-01,3.246779441833496094e-01,9.206091612577438354e-02,2.374411076307296753e-01,-1.043766085058450699e-02,-1.363147199153900146e-01,-1.136153284460306168e-02,-2.471577376127243042e-01,3.153220564126968384e-02,2.848266065120697021e-01,-2.148901224136352539e-01,1.821891218423843384e-01,-1.570458412170410156e-01,8.329018950462341309e-02,3.443889617919921875e-01,-8.190513253211975098e-01,9.738420844078063965e-01,-7.657448053359985352e-01,2.074095904827117920e-01,3.788563311100006104e-01,-2.524163126945495605e-01,3.947596848011016846e-01,0.000000000000000000e+00,0.000000000000000000e+00,0.000000000000000000e+00,0.000000000000000000e+00,0.000000000000000000e+00,0.000000000000000000e+00,0.000000000000000000e+00,-1.544990986585617065e-01,-8.336198329925537109e-01,1.251731812953948975e-01,5.363734364509582520e-01,8.731925860047340393e-03,-1.494712233543395996e-01,-5.074220895767211914e-01,0.000000000000000000e+00,0.000000000000000000e+00,0.000000000000000000e+00,0.000000000000000000e+00,0.000000000000000000e+00,0.000000000000000000e+00,0.000000000000000000e+00
-2.040299177169799805e-01,-4.189068675041198730e-01,8.564537763595581055e-01,4.466684535145759583e-02,-1.493120379745960236e-02,1.290992647409439087e-01,9.905126690864562988e-01,-1.321572810411453247e-01,3.303757309913635254e-01,7.250971347093582153e-02,2.068036794662475586e-01,-1.907943282276391983e-03,-1.432580053806304932e-01,-2.699678018689155579e-02,-2.496743500232696533e-01,5.193536356091499329e-02,2.954618930816650391e-01,-2.076458632946014404e-01,1.835069358348846436e-01,-1.840353012084960938e-01,8.656901121139526367e-02,3.643718659877777100e-01,-8.149360418319702148e-01,1.015071392059326172e+00,-7.903361916542053223e-01,2.208180576562881470e-01,3.942278921604156494e-01,-2.563048303127288818e-01,3.935071527957916260e-01,0.000000000000000000e+00,0.000000000000000000e+00,0.000000000000000000e+00,0.000000000000000000e+00,0.000000000000000000e+00,0.000000000000000000e+00,0.000000000000000000e+00,-1.447522789239883423e-01,-7.999539375305175781e-01,1.143787056207656860e-01,6.063922643661499023e-01,1.425436511635780334e-02,-1.382757574319839478e-01,-5.208066105842590332e-01,0.000000000000000000e+00,0.000000000000000000e+00,0.000000000000000000e+00,0.000000000000000000e+00,0.000000000000000000e+00,0.000000000000000000e+00,0.000000000000000000e+00
-2.064252793788909912e-01,-4.088674783706665039e-01,8.550221323966979980e-01,4.087441042065620422e-02,-1.431669760495424271e-02,1.213323846459388733e-01,9.916666746139526367e-01,-1.280726641416549683e-01,3.378732800483703613e-01,5.938707664608955383e-02,1.838240325450897217e-01,8.051587268710136414e-03,-1.512196958065032959e-01,-4.107623174786567688e-02,-2.532169520854949951e-01,6.470122933387756348e-02,3.057623207569122314e-01,-1.958624571561813354e-01,1.908294707536697388e-01,-2.071866989135742188e-01,8.856721222400665283e-02,3.816091418266296387e-01,-8.040170669555664062e-01,1.053777337074279785e+00,-8.065271377563476562e-01,2.372471839189529419e-01,4.124294221401214600e-01,-2.610545158386230469e-01,3.934426605701446533e-01,0.000000000000000000e+00,0.000000000000000000e+00,0.000000000000000000e+00,0.000000000000000000e+00,0.000000000000000000e+00,0.000000000000000000e+00,0.000000000000000000e+00,-1.266438066959381104e-01,-7.645683288574218750e-01,1.041800305247306824e-01,6.587210297584533691e-01,1.666755601763725281e-02,-1.304845064878463745e-01,-5.275290012359619141e-01,0.000000000000000000e+00,0.000000000000000000e+00,0.000000000000000000e+00,0.000000000000000000e+00,0.000000000000000000e+00,0.000000000000000000e+00,0.000000000000000000e+00
-2.086928039789199829e-01,-3.971296846866607666e-01,8.537848591804504395e-01,3.720204904675483704e-02,-1.304773706942796707e-02,1.151825711131095886e-01,9.925616979598999023e-01,-1.301346123218536377e-01,3.422278761863708496e-01,4.437277093529701233e-02,1.723688393831253052e-01,1.863788627088069916e-02,-1.577739268541336060e-01,-5.322470888495445251e-02,-2.582226097583770752e-01,8.358416706323623657e-02,3.112035989761352539e-01,-1.788926720619201660e-01,1.965309828519821167e-01,-2.250555902719497681e-01,8.871592581272125244e-02,3.953123688697814941e-01,-7.997263073921203613e-01,1.084922194480895996e+00,-8.210204243659973145e-01,2.576572597026824951e-01,4.183404743671417236e-01,-2.680150270462036133e-01,3.986259996891021729e-01,0.000000000000000000e+00,0.000000000000000000e+00,0.000000000000000000e+00,0.000000000000000000e+00,0.000000000000000000e+00,0.000000000000000000e+00,0.000000000000000000e+00,-1.097399741411209106e-01,-7.340028882026672363e-01,1.082048341631889343e-01,7.112867832183837891e-01,2.380768209695816040e-02,-1.286420077085494995e-01,-5.244598984718322754e-01,0.000000000000000000e+00,0.000000000000000000e+00,0.000000000000000000e+00,0.000000000000000000e+00,0.000000000000000000e+00,0.000000000000000000e+00,0.000000000000000000e+00
-2.109704315662384033e-01,-3.831166625022888184e-01,8.513575792312622070e-01,3.143360465764999390e-02,-1.158693153411149979e-02,1.101462319493293762e-01,9.933506250381469727e-01,-1.297840625047683716e-01,3.502352237701416016e-01,3.838502243161201477e-02,1.626089513301849365e-01,2.876008860766887665e-02,-1.625375449657440186e-01,-6.401725113391876221e-02,-2.638721764087677002e-01,9.330410510301589966e-02,3.151321411132812500e-01,-1.640113592147827148e-01,2.094960361719131470e-01,-2.410653233528137207e-01,8.799269795417785645e-02,4.026114940643310547e-01,-7.961517572402954102e-01,1.113498806953430176e+00,-8.455832600593566895e-01,2.701830565929412842e-01,4.204166233539581299e-01,-2.759699821472167969e-01,3.983343839645385742e-01,0.000000000000000000e+00,0.000000000000000000e+00,0.000000000000000000e+00,0.000000000000000000e+00,0.000000000000000000e+00,0.000000000000000000e+00,0.000000000000000000e+00,-9.577222913503646851e-02,-7.076874375343322754e-01,1.329904049634933472e-01,7.600524425506591797e-01,2.336052618920803070e-02,-1.247689202427864075e-01,-5.073460340499877930e-01,0.000000000000000000e+00,0.000000000000000000e+00,0.000000000000000000e+00,0.000000000000000000e+00,0.000000000000000000e+00,0.000000000000000000e+00,0.000000000000000000e+00
-2.130385041236877441e-01,-3.666229844093322754e-01,8.483136892318725586e-01,2.562010847032070160e-02,-7.725975010544061661e-03,1.051185280084609985e-01,9.940996170043945312e-01,-1.313009411096572876e-01,3.579210937023162842e-01,3.006000071763992310e-02,1.581799238920211792e-01,3.655608743429183960e-02,-1.659222841262817383e-01,-7.717817276716232300e-02,-2.720923125743865967e-01,1.100804284214973450e-01,3.143000602722167969e-01,-1.504383087158203125e-01,2.207352966070175171e-01,-2.536232769489288330e-01,8.693860471248626709e-02,4.096363484859466553e-01,-7.981929183006286621e-01,1.138522148132324219e+00,-8.680134415626525879e-01,2.896149158477783203e-01,4.141541421413421631e-01,-2.779275774955749512e-01,3.887762427330017090e-01,0.000000000000000000e+00,0.000000000000000000e+00,0.000000000000000000e+00,0.000000000000000000e+00,0.000000000000000000e+00,0.000000000000000000e+00,0.000000000000000000e+00,-8.947510272264480591e-02,-6.857911944389343262e-01,1.600444018840789795e-01,8.032312393188476562e-01,3.088065981864929199e-02,-1.195997595787048340e-01,-4.764389097690582275e-01,0.000000000000000000e+00,0.000000000000000000e+00,0.000000000000000000e+00,0.000000000000000000e+00,0.000000000000000000e+00,0.000000000000000000e+00,0.000000000000000000e+00
-2.149761468172073364e-01,-3.478131294250488281e-01,8.456027507781982422e-01,2.036871016025543213e-02,-2.228944795206189156e-03,1.007849425077438354e-01,9.946972131729125977e-01,-1.355677396059036255e-01,3.596991896629333496e-01,3.082251362502574921e-02,1.606807708740234375e-01,2.497359737753868103e-02,-1.615464985370635986e-01,-9.040232747793197632e-02,-2.847402393817901611e-01,1.298136115074157715e-01,3.076961338520050049e-01,-1.285736560821533203e-01,2.355101704597473145e-01,-2.598964273929595947e-01,8.711745589971542358e-02,4.154968559741973877e-01,-8.113086819648742676e-01,1.158959388732910156e+00,-8.890993595123291016e-01,3.161699771881103516e-01,4.203981161117553711e-01,-2.751360535621643066e-01,3.838072419166564941e-01,0.000000000000000000e+00,0.000000000000000000e+00,0.000000000000000000e+00,0.000000000000000000e+00,0.000000000000000000e+00,0.000000000000000000e+00,0.000000000000000000e+00,-8.032895624637603760e-02,-6.607373952865600586e-01,1.988301724195480347e-01,8.598079085350036621e-01,2.612231113016605377e-02,-1.079490110278129578e-01,-4.288336038589477539e-01,0.000000000000000000e+00,0.000000000000000000e+00,0.000000000000000000e+00,0.000000000000000000e+00,0.000000000000000000e+00,0.000000000000000000e+00,0.000000000000000000e+00
-2.169314920902252197e-01,-3.269973397254943848e-01,8.415152430534362793e-01,1.433713734149932861e-02,2.347155706956982613e-03,9.308577328920364380e-02,9.955521225929260254e-01,-1.389096230268478394e-01,3.585704267024993896e-01,4.294761270284652710e-02,1.723053157329559326e-01,1.333902357146143913e-03,-1.531424373388290405e-01,-1.000960022211074829e-01,-2.997436523437500000e-01,1.437022686004638672e-01,2.919281721115112305e-01,-1.077573746442794800e-01,2.568690776824951172e-01,-2.669087350368499756e-01,8.432883769273757935e-02,4.206970036029815674e-01,-8.292326927185058594e-01,1.176384568214416504e+00,-9.099392890930175781e-01,3.412054479122161865e-01,4.323534965515136719e-01,-2.734903693199157715e-01,3.950500786304473877e-01,0.000000000000000000e+00,0.000000000000000000e+00,0.000000000000000000e+00,0.000000000000000000e+00,0.000000000000000000e+00,0.000000000000000000e+00,0.000000000000000000e+00,-8.051508665084838867e-02,-6.423954367637634277e-01,2.359867542982101440e-01,8.866319060325622559e-01,1.338970195502042770e-02,-9.929124265909194946e-02,-4.059467613697052002e-01,0.000000000000000000e+00,0.000000000000000000e+00,0.000000000000000000e+00,0.000000000000000000e+00,0.000000000000000000e+00,0.000000000000000000e+00,0.000000000000000000e+00
-2.185118496417999268e-01,-3.070242702960968018e-01,8.365298509597778320e-01,4.363385494798421860e-03,6.977398879826068878e-03,8.521731942892074585e-02,9.963284134864807129e-01,-1.461947262287139893e-01,3.589951694011688232e-01,5.679254233837127686e-02,1.886826753616333008e-01,-5.670079961419105530e-02,-1.311941891908645630e-01,-1.055853813886642456e-01,-2.986986339092254639e-01,1.605742275714874268e-01,2.677644789218902588e-01,-8.592201769351959229e-02,2.617993950843811035e-01,-2.702071964740753174e-01,8.345090597867965698e-02,4.295484125614166260e-01,-8.526722788810729980e-01,1.188001990318298340e+00,-9.318072199821472168e-01,3.642418384552001953e-01,4.396062791347503662e-01,-2.719201147556304932e-01,4.007653594017028809e-01,0.000000000000000000e+00,0.000000000000000000e+00,0.000000000000000000e+00,0.000000000000000000e+00,0.000000000000000000e+00,0.000000000000000000e+00,0.000000000000000000e+00,-8.376625180244445801e-02,-6.235672235488891602e-01,2.724183201789855957e-01,9.030720591545104980e-01,5.534200929105281830e-03,-9.133680164813995361e-02,-3.877387046813964844e-01,0.000000000000000000e+00,0.000000000000000000e+00,0.000000000000000000e+00,0.000000000000000000e+00,0.000000000000000000e+00,0.000000000000000000e+00,0.000000000000000000e+00
-2.200940698385238647e-01,-2.881455123424530029e-01,8.340137004852294922e-01,-7.834555581212043762e-03,1.177844032645225525e-02,7.859964668750762939e-02,9.968059062957763672e-01,-1.568083763122558594e-01,3.623950481414794922e-01,7.964801043272018433e-02,2.072792649269104004e-01,-1.255152970552444458e-01,-1.003074496984481812e-01,-1.101637333631515503e-01,-2.868177592754364014e-01,1.785591095685958862e-01,2.440501004457473755e-01,-3.823615238070487976e-02,2.617999911308288574e-01,-2.702284753322601318e-01,8.571942150592803955e-02,4.373383522033691406e-01,-8.819901347160339355e-01,1.194221496582031250e+00,-9.479855298995971680e-01,3.928945660591125488e-01,4.499983787536621094e-01,-2.693221867084503174e-01,4.165495038032531738e-01,0.000000000000000000e+00,0.000000000000000000e+00,0.000000000000000000e+00,0.000000000000000000e+00,0.000000000000000000e+00,0.000000000000000000e+00,0.000000000000000000e+00,-9.095966070890426636e-02,-6.054141521453857422e-01,3.095547258853912354e-01,9.132965803146362305e-01,-1.074177213013172150e-02,-8.436340093612670898e-02,-3.748852014541625977e-01,0.000000000000000000e+00,0.000000000000000000e+00,0.000000000000000000e+00,0.000000000000000000e+00,0.000000000000000000e+00,0.000000000000000000e+00,0.000000000000000000e+00
-2.221366465091705322e-01,-2.707576453685760498e-01,8.382753729820251465e-01,-2.186643518507480621e-02,1.672708056867122650e-02,7.164996117353439331e-02,9.970498085021972656e-01,-1.678723841905593872e-01,3.701890110969543457e-01,1.003569513559341431e-01,2.204983085393905640e-01,-1.575131565332412720e-01,-8.451488614082336426e-02,-1.137733608484268188e-01,-2.714839279651641846e-01,1.865869015455245972e-01,2.219548225402832031e-01,5.777764692902565002e-02,2.617999911308288574e-01,-2.630140781402587891e-01,9.164263308048248291e-02,4.449969232082366943e-01,-9.134380817413330078e-01,1.193825602531433105e+00,-9.543653130531311035e-01,4.220254719257354736e-01,4.583232402801513672e-01,-2.640478014945983887e-01,4.249794185161590576e-01,0.000000000000000000e+00,0.000000000000000000e+00,0.000000000000000000e+00,0.000000000000000000e+00,0.000000000000000000e+00,0.000000000000000000e+00,0.000000000000000000e+00,-9.630540013313293457e-02,-5.867271423339843750e-01,3.387666344642639160e-01,9.204827547073364258e-01,-2.159982919692993164e-02,-7.960798591375350952e-02,-3.559338152408599854e-01,0.000000000000000000e+00,0.000000000000000000e+00,0.000000000000000000e+00,0.000000000000000000e+00,0.000000000000000000e+00,0.000000000000000000e+00,0.000000000000000000e+00
-2.262772172689437866e-01,-2.476824969053268433e-01,8.435217142105102539e-01,-3.110253810882568359e-02,2.279739268124103546e-02,6.006868183612823486e-02,9.974491000175476074e-01,-1.769616454839706421e-01,3.635560870170593262e-01,1.377383023500442505e-01,2.337955236434936523e-01,-1.749254465103149414e-01,-7.018376141786575317e-02,-1.262119412422180176e-01,-3.202297091484069824e-01,1.505420953035354614e-01,1.964669674634933472e-01,1.487282812595367432e-01,2.617999911308288574e-01,-2.456141859292984009e-01,9.491501748561859131e-02,4.470516443252563477e-01,-9.454307556152343750e-01,1.191579937934875488e+00,-9.611760377883911133e-01,4.447941482067108154e-01,4.594525694847106934e-01,-2.622561752796173096e-01,4.295233190059661865e-01,0.000000000000000000e+00,0.000000000000000000e+00,0.000000000000000000e+00,0.000000000000000000e+00,0.000000000000000000e+00,0.000000000000000000e+00,0.000000000000000000e+00,-1.006258502602577209e-01,-5.715605616569519043e-01,3.712883293628692627e-01,9.257698059082031250e-01,-3.680468350648880005e-02,-7.888789474964141846e-02,-3.410944044589996338e-01,0.000000000000000000e+00,0.000000000000000000e+00,0.000000000000000000e+00,0.000000000000000000e+00,0.000000000000000000e+00,0.000000000000000000e+00,0.000000000000000000e+00
-2.310909032821655273e-01,-2.248664945363998413e-01,8.457973003387451172e-01,-3.207146748900413513e-02,2.877725288271903992e-02,5.164270848035812378e-02,9.977356195449829102e-01,-1.875405907630920410e-01,3.383039534091949463e-01,1.764827221632003784e-01,2.437790185213088989e-01,-1.914994269609451294e-01,-5.216298997402191162e-02,-1.384433656930923462e-01,-3.794335722923278809e-01,9.348741918802261353e-02,1.797367632389068604e-01,1.719495207071304321e-01,2.617999911308288574e-01,-2.221184372901916504e-01,8.800399303436279297e-02,4.426651298999786377e-01,-9.749758243560791016e-01,1.177210807800292969e+00,-9.559587240219116211e-01,4.678817987442016602e-01,4.568915665149688721e-01,-2.544165253639221191e-01,4.335341453552246094e-01,0.000000000000000000e+00,0.000000000000000000e+00,0.000000000000000000e+00,0.000000000000000000e+00,0.000000000000000000e+00,0.000000000000000000e+00,0.000000000000000000e+00,-1.080153137445449829e-01,-5.543020963668823242e-01,3.994320929050445557e-01,9.301324486732482910e-01,-6.006284803152084351e-02,-7.932445406913757324e-02,-3.295704126358032227e-01,0.000000000000000000e+00,0.000000000000000000e+00,0.000000000000000000e+00,0.000000000000000000e+00,0.000000000000000000e+00,0.000000000000000000e+00,0.000000000000000000e+00
-2.353471368551254272e-01,-2.074114382266998291e-01,8.480111360549926758e-01,-3.418592363595962524e-02,3.486323356628417969e-02,4.645388945937156677e-02,9.977263808250427246e-01,-1.986870616674423218e-01,3.202838301658630371e-01,2.061565369367599487e-01,2.443395853042602539e-01,-1.981395035982131958e-01,-4.235643520951271057e-02,-1.418214142322540283e-01,-4.030418992042541504e-01,3.962989151477813721e-02,1.744976788759231567e-01,1.781754493713378906e-01,2.617999911308288574e-01,-1.984234750270843506e-01,8.369372040033340454e-02,4.328656792640686035e-01,-1.000313043594360352e+00,1.154893040657043457e+00,-9.467889070510864258e-01,4.843916594982147217e-01,4.531938433647155762e-01,-2.460594177246093750e-01,4.408958256244659424e-01,0.000000000000000000e+00,0.000000000000000000e+00,0.000000000000000000e+00,0.000000000000000000e+00,0.000000000000000000e+00,0.000000000000000000e+00,0.000000000000000000e+00,-1.207884475588798523e-01,-5.398671627044677734e-01,4.239487051963806152e-01,9.376460909843444824e-01,-9.199953824281692505e-02,-7.781294733285903931e-02,-3.331602811813354492e-01,0.000000000000000000e+00,0.000000000000000000e+00,0.000000000000000000e+00,0.000000000000000000e+00,0.000000000000000000e+00,0.000000000000000000e+00,0.000000000000000000e+00
-2.395745962858200073e-01,-1.917260289192199707e-01,8.494779467582702637e-01,-3.312424942851066589e-02,3.962283581495285034e-02,4.175956919789314270e-02,9.977920651435852051e-01,-2.041442543268203735e-01,2.957401275634765625e-01,2.288191467523574829e-01,2.368680238723754883e-01,-1.980686187744140625e-01,-3.169047459959983826e-02,-1.327781677246093750e-01,-4.167551696300506592e-01,-1.178377866744995117e-02,1.957497894763946533e-01,1.628376990556716919e-01,2.617999911308288574e-01,-1.744300872087478638e-01,7.734606415033340454e-02,4.184650182723999023e-01,-1.001974582672119141e+00,1.120483398437500000e+00,-9.174472689628601074e-01,4.903474152088165283e-01,4.398545622825622559e-01,-2.388620227575302124e-01,4.550859630107879639e-01,0.000000000000000000e+00,0.000000000000000000e+00,0.000000000000000000e+00,0.000000000000000000e+00,0.000000000000000000e+00,0.000000000000000000e+00,0.000000000000000000e+00,-1.259305179119110107e-01,-5.296372771263122559e-01,4.272634685039520264e-01,9.329414367675781250e-01,-1.103129386901855469e-01,-8.203445374965667725e-02,-3.484400510787963867e-01,0.000000000000000000e+00,0.000000000000000000e+00,0.000000000000000000e+00,0.000000000000000000e+00,0.000000000000000000e+00,0.000000000000000000e+00,0.000000000000000000e+00
-2.433691024780273438e-01,-1.793797761201858521e-01,8.509649634361267090e-01,-3.171011060476303101e-02,4.197913035750389099e-02,3.861815109848976135e-02,9.978681802749633789e-01,-2.031504660844802856e-01,2.730000019073486328e-01,2.416647523641586304e-01,2.226642519235610962e-01,-1.920782327651977539e-01,-2.305906824767589569e-02,-1.185813024640083313e-01,-4.125740230083465576e-01,-5.404018983244895935e-02,2.375910878181457520e-01,1.347812861204147339e-01,2.529239058494567871e-01,-1.518241018056869507e-01,7.187853008508682251e-02,4.034810960292816162e-01,-9.849706292152404785e-01,1.082566618919372559e+00,-8.764121532440185547e-01,4.873890280723571777e-01,4.249811470508575439e-01,-2.332909852266311646e-01,4.766913950443267822e-01,0.000000000000000000e+00,0.000000000000000000e+00,0.000000000000000000e+00,0.000000000000000000e+00,0.000000000000000000e+00,0.000000000000000000e+00,0.000000000000000000e+00,-1.264598071575164795e-01,-5.284920334815979004e-01,4.181517064571380615e-01,9.106405377388000488e-01,-1.172885298728942871e-01,-8.862477540969848633e-02,-3.693231642246246338e-01,0.000000000000000000e+00,0.000000000000000000e+00,0.000000000000000000e+00,0.000000000000000000e+00,0.000000000000000000e+00,0.000000000000000000e+00,0.000000000000000000e+00
-2.471000403165817261e-01,-1.712413728237152100e-01,8.525519371032714844e-01,-3.166589513421058655e-02,4.207631573081016541e-02,4.038477316498756409e-02,9.977955222129821777e-01,-1.994030624628067017e-01,2.545239329338073730e-01,2.370235770940780640e-01,2.012387961149215698e-01,-1.819979399442672729e-01,-1.333810947835445404e-02,-9.897920489311218262e-02,-3.828822672367095947e-01,-8.762137591838836670e-02,3.027381002902984619e-01,9.947235137224197388e-02,2.280645668506622314e-01,-1.347520202398300171e-01,7.686936110258102417e-02,3.888500928878784180e-01,-9.559082984924316406e-01,1.028784513473510742e+00,-8.277100920677185059e-01,4.735577404499053955e-01,4.105564951896667480e-01,-2.336788326501846313e-01,4.927138686180114746e-01,0.000000000000000000e+00,0.000000000000000000e+00,0.000000000000000000e+00,0.000000000000000000e+00,0.000000000000000000e+00,0.000000000000000000e+00,0.000000000000000000e+00,-1.381031572818756104e-01,-5.462833046913146973e-01,4.133688211441040039e-01,8.700561523437500000e-01,-1.419379860162734985e-01,-9.256825596094131470e-02,-3.799789249897003174e-01,0.000000000000000000e+00,0.000000000000000000e+00,0.000000000000000000e+00,0.000000000000000000e+00,0.000000000000000000e+00,0.000000000000000000e+00,0.000000000000000000e+00
-2.500804364681243896e-01,-1.660665869712829590e-01,8.538309931755065918e-01,-3.072545677423477173e-02,4.219270125031471252e-02,3.835026547312736511e-02,9.979003071784973145e-01,-1.949542611837387085e-01,2.420285791158676147e-01,2.378785163164138794e-01,1.858487427234649658e-01,-1.710523217916488647e-01,-5.363335832953453064e-03,-7.435280084609985352e-02,-3.548552095890045166e-01,-1.188365668058395386e-01,3.499235212802886963e-01,7.268397510051727295e-02,2.059152871370315552e-01,-1.120285391807556152e-01,7.750528305768966675e-02,3.697042465209960938e-01,-9.148243665695190430e-01,9.750711917877197266e-01,-7.858539223670959473e-01,4.439585506916046143e-01,3.922576010227203369e-01,-2.377343773841857910e-01,5.101234316825866699e-01,0.000000000000000000e+00,0.000000000000000000e+00,0.000000000000000000e+00,0.000000000000000000e+00,0.000000000000000000e+00,0.000000000000000000e+00,0.000000000000000000e+00,-1.497982889413833618e-01,-5.816472172737121582e-01,4.035242497920989990e-01,7.904291749000549316e-01,-1.536876112222671509e-01,-9.941022843122482300e-02,-4.036080539226531982e-01,0.000000000000000000e+00,0.000000000000000000e+00,0.000000000000000000e+00,0.000000000000000000e+00,0.000000000000000000e+00,0.000000000000000000e+00,0.000000000000000000e+00
-2.525225877761840820e-01,-1.638157218694686890e-01,8.535206317901611328e-01,-2.603405341506004333e-02,4.292681813240051270e-02,4.041062295436859131e-02,9.979211091995239258e-01,-1.944451481103897095e-01,2.234232127666473389e-01,2.362767755985260010e-01,1.732986420392990112e-01,-1.643929630517959595e-01,5.392180290073156357e-03,-4.691344499588012695e-02,-3.252270221710205078e-01,-1.237309128046035767e-01,3.634956181049346924e-01,6.279420852661132812e-02,1.979930400848388672e-01,-8.978057652711868286e-02,7.494703680276870728e-02,3.470455408096313477e-01,-8.783237338066101074e-01,9.256389141082763672e-01,-7.505574822425842285e-01,4.199599921703338623e-01,3.813963532447814941e-01,-2.372558563947677612e-01,5.149391293525695801e-01,0.000000000000000000e+00,0.000000000000000000e+00,0.000000000000000000e+00,0.000000000000000000e+00,0.000000000000000000e+00,0.000000000000000000e+00,0.000000000000000000e+00,-1.680846363306045532e-01,-6.089472770690917969e-01,4.094854891300201416e-01,7.294160127639770508e-01,-1.665269732475280762e-01,-1.002614349126815796e-01,-4.183554053306579590e-01,0.000000000000000000e+00,0.000000000000000000e+00,0.000000000000000000e+00,0.000000000000000000e+00,0.000000000000000000e+00,0.000000000000000000e+00,0.000000000000000000e+00
-2.544352710247039795e-01,-1.640436947345733643e-01,8.518323302268981934e-01,-1.952970586717128754e-02,4.449850693345069885e-02,4.609159007668495178e-02,9.977545142173767090e-01,-1.969826221466064453e-01,2.021782547235488892e-01,2.301415055990219116e-01,1.614930480718612671e-01,-1.631540209054946899e-01,7.403032854199409485e-03,-1.048685051500797272e-02,-2.951584756374359131e-01,-1.166704148054122925e-01,3.456950485706329346e-01,4.801180958747863770e-02,1.938229352235794067e-01,-6.046193093061447144e-02,6.380512565374374390e-02,3.190476298332214355e-01,-8.515934348106384277e-01,8.795186281204223633e-01,-7.320849299430847168e-01,4.057286977767944336e-01,3.740145862102508545e-01,-2.360084205865859985e-01,4.955424070358276367e-01,0.000000000000000000e+00,0.000000000000000000e+00,0.000000000000000000e+00,0.000000000000000000e+00,0.000000000000000000e+00,0.000000000000000000e+00,0.000000000000000000e+00,-1.953995078802108765e-01,-6.361244320869445801e-01,4.199022948741912842e-01,6.929470300674438477e-01,-1.779835820198059082e-01,-1.036890000104904175e-01,-3.997286558151245117e-01,0.000000000000000000e+00,0.000000000000000000e+00,0.000000000000000000e+00,0.000000000000000000e+00,0.000000000000000000e+00,0.000000000000000000e+00,0.000000000000000000e+00
-2.567560374736785889e-01,-1.657666265964508057e-01,8.493740558624267578e-01,-1.152729149907827377e-02,4.485205188393592834e-02,5.113114416599273682e-02,9.976176619529724121e-01,-2.002389132976531982e-01,1.817220747470855713e-01,2.248359769582748413e-01,1.554933190345764160e-01,-1.613530218601226807e-01,7.763852365314960480e-03,2.093118801712989807e-02,-2.796644866466522217e-01,-1.172906085848808289e-01,3.173040151596069336e-01,5.088048428297042847e-02,1.920844316482543945e-01,-2.804512903094291687e-02,5.286146327853202820e-02,2.926323115825653076e-01,-8.328580260276794434e-01,8.309741020202636719e-01,-7.224202156066894531e-01,3.993523418903350830e-01,3.675731122493743896e-01,-2.353283911943435669e-01,4.634664058685302734e-01,0.000000000000000000e+00,0.000000000000000000e+00,0.000000000000000000e+00,0.000000000000000000e+00,0.000000000000000000e+00,0.000000000000000000e+00,0.000000000000000000e+00,-2.347398400306701660e-01,-6.720231771469116211e-01,4.377905130386352539e-01,6.776048541069030762e-01,-1.801199764013290405e-01,-1.113582253456115723e-01,-3.681019842624664307e-01,0.000000000000000000e+00,0.000000000000000000e+00,0.000000000000000000e+00,0.000000000000000000e+00,0.000000000000000000e+00,0.000000000000000000e+00,0.000000000000000000e+00
-2.591541707515716553e-01,-1.686510443687438965e-01,8.478904366493225098e-01,-5.331671331077814102e-03,4.392578080296516418e-02,5.603808164596557617e-02,9.974476695060729980e-01,-2.020160257816314697e-01,1.682174205780029297e-01,2.227275818586349487e-01,1.514200419187545776e-01,-1.533948332071304321e-01,6.053371354937553406e-03,4.262382537126541138e-02,-2.747660279273986816e-01,-1.256161779165267944e-01,2.907849848270416260e-01,4.412882775068283081e-02,1.833928227424621582e-01,5.551657639443874359e-03,4.526165500283241272e-02,2.723856568336486816e-01,-8.242176771163940430e-01,7.786104679107666016e-01,-7.092704772949218750e-01,3.967576920986175537e-01,3.577267229557037354e-01,-2.330349534749984741e-01,4.445771574974060059e-01,0.000000000000000000e+00,0.000000000000000000e+00,0.000000000000000000e+00,0.000000000000000000e+00,0.000000000000000000e+00,0.000000000000000000e+00,0.000000000000000000e+00,-2.774382829666137695e-01,-7.093217968940734863e-01,4.610723555088043213e-01,6.410302519798278809e-01,-1.789355725049972534e-01,-1.211716681718826294e-01,-3.389606177806854248e-01,0.000000000000000000e+00,0.000000000000000000e+00,0.000000000000000000e+00,0.000000000000000000e+00,0.000000000000000000e+00,0.000000000000000000e+00,0.000000000000000000e+00
-2.617528140544891357e-01,-1.719485670328140259e-01,8.461993932723999023e-01,1.688305746938567609e-05,4.111459478735923767e-02,5.861113965511322021e-02,9.974338412284851074e-01,-1.980993300676345825e-01,1.587294340133666992e-01,2.204576134681701660e-01,1.452060490846633911e-01,-1.480550318956375122e-01,2.197637921199202538e-03,5.718123540282249451e-02,-2.736887037754058838e-01,-1.483109444379806519e-01,2.822379767894744873e-01,3.286501765251159668e-02,1.679157465696334839e-01,3.338775783777236938e-02,4.100847616791725159e-02,2.573588490486145020e-01,-8.231450915336608887e-01,7.423220872879028320e-01,-7.067555189132690430e-01,3.968612253665924072e-01,3.441675901412963867e-01,-2.279147952795028687e-01,4.150782525539398193e-01,0.000000000000000000e+00,0.000000000000000000e+00,0.000000000000000000e+00,0.000000000000000000e+00,0.000000000000000000e+00,0.000000000000000000e+00,0.000000000000000000e+00,-3.162056803703308105e-01,-7.421170473098754883e-01,4.867582321166992188e-01,6.058462262153625488e-01,-1.746321916580200195e-01,-1.291710734367370605e-01,-3.066842854022979736e-01,0.000000000000000000e+00,0.000000000000000000e+00,0.000000000000000000e+00,0.000000000000000000e+00,0.000000000000000000e+00,0.000000000000000000e+00,0.000000000000000000e+00
-2.645454406738281250e-01,-1.756588816642761230e-01,8.453490734100341797e-01,3.462948370724916458e-03,3.679304942488670349e-02,6.094737350940704346e-02,9.974566102027893066e-01,-1.903834939002990723e-01,1.544639915227890015e-01,2.192191630601882935e-01,1.378202736377716064e-01,-1.398702710866928101e-01,-3.736493410542607307e-03,6.847649812698364258e-02,-2.737537324428558350e-01,-1.636140793561935425e-01,2.778039574623107910e-01,1.860315911471843719e-02,1.582582741975784302e-01,5.560166761279106140e-02,4.020473733544349670e-02,2.466014772653579712e-01,-8.273277878761291504e-01,7.113561630249023438e-01,-7.080819010734558105e-01,4.004124104976654053e-01,3.200963139533996582e-01,-2.239216566085815430e-01,3.781610429286956787e-01,0.000000000000000000e+00,0.000000000000000000e+00,0.000000000000000000e+00,0.000000000000000000e+00,0.000000000000000000e+00,0.000000000000000000e+00,0.000000000000000000e+00,-3.610646128654479980e-01,-7.825487852096557617e-01,5.271739363670349121e-01,5.580708980560302734e-01,-1.748788505792617798e-01,-1.400309652090072632e-01,-2.569728791713714600e-01,0.000000000000000000e+00,0.000000000000000000e+00,0.000000000000000000e+00,0.000000000000000000e+00,0.000000000000000000e+00,0.000000000000000000e+00,0.000000000000000000e+00
-2.675797343254089355e-01,-1.792500615119934082e-01,8.443175554275512695e-01,6.047823932021856308e-03,3.261643648147583008e-02,6.300417333841323853e-02,9.974617958068847656e-01,-1.828119456768035889e-01,1.520998030900955200e-01,2.162977010011672974e-01,1.276684850454330444e-01,-1.292041540145874023e-01,-8.227858692407608032e-03,7.617221772670745850e-02,-2.748429179191589355e-01,-1.818800270557403564e-01,2.791979312896728516e-01,2.178501570597290993e-03,1.465257406234741211e-01,7.520187646150588989e-02,4.348625615239143372e-02,2.355265915393829346e-01,-8.332260251045227051e-01,6.871970891952514648e-01,-7.129842638969421387e-01,3.960350751876831055e-01,3.141378164291381836e-01,-2.196393609046936035e-01,3.513540327548980713e-01,0.000000000000000000e+00,0.000000000000000000e+00,0.000000000000000000e+00,0.000000000000000000e+00,0.000000000000000000e+00,0.000000000000000000e+00,0.000000000000000000e+00,-4.051249921321868896e-01,-8.129252195358276367e-01,5.589950680732727051e-01,5.153954625129699707e-01,-1.764060407876968384e-01,-1.481594592332839966e-01,-2.259438186883926392e-01,0.000000000000000000e+00,0.000000000000000000e+00,0.000000000000000000e+00,0.000000000000000000e+00,0.000000000000000000e+00,0.000000000000000000e+00,0.000000000000000000e+00
-2.708184421062469482e-01,-1.824402064085006714e-01,8.431740999221801758e-01,8.007747121155261993e-03,2.821777760982513428e-02,6.482262164354324341e-02,9.974656105041503906e-01,-1.764399111270904541e-01,1.517500430345535278e-01,2.161414921283721924e-01,1.206736862659454346e-01,-1.200765594840049744e-01,-1.410540845245122910e-02,8.377639949321746826e-02,-2.757398784160614014e-01,-1.938410401344299316e-01,2.758139371871948242e-01,-5.569101311266422272e-03,1.415753662586212158e-01,8.657849580049514771e-02,4.879303276538848877e-02,2.261300534009933472e-01,-8.404535651206970215e-01,6.714432239532470703e-01,-7.224249243736267090e-01,3.891257941722869873e-01,3.079195916652679443e-01,-2.140618860721588135e-01,3.272880911827087402e-01,0.000000000000000000e+00,0.000000000000000000e+00,0.000000000000000000e+00,0.000000000000000000e+00,0.000000000000000000e+00,0.000000000000000000e+00,0.000000000000000000e+00,-4.489689171314239502e-01,-8.304572701454162598e-01,5.863688588142395020e-01,4.859544634819030762e-01,-1.711789816617965698e-01,-1.519764810800552368e-01,-1.991705149412155151e-01,0.000000000000000000e+00,0.000000000000000000e+00,0.000000000000000000e+00,0.000000000000000000e+00,0.000000000000000000e+00,0.000000000000000000e+00,0.000000000000000000e+00
-2.742145061492919922e-01,-1.847641617059707642e-01,8.424007892608642578e-01,8.848366327583789825e-03,2.338227815926074982e-02,6.446502357721328735e-02,9.976067543029785156e-01,-1.670101433992385864e-01,1.532953828573226929e-01,2.119650989770889282e-01,1.103206202387809753e-01,-1.105958148837089539e-01,-2.151396311819553375e-02,8.816996216773986816e-02,-2.747074067592620850e-01,-1.977408677339553833e-01,2.778954207897186279e-01,-1.273991167545318604e-02,1.397321373224258423e-01,9.358556568622589111e-02,5.752763152122497559e-02,2.164160609245300293e-01,-8.479527235031127930e-01,6.599853634834289551e-01,-7.298167943954467773e-01,3.857886791229248047e-01,3.121440112590789795e-01,-2.076608389616012573e-01,3.149486780166625977e-01,0.000000000000000000e+00,0.000000000000000000e+00,0.000000000000000000e+00,0.000000000000000000e+00,0.000000000000000000e+00,0.000000000000000000e+00,0.000000000000000000e+00,-4.925928711891174316e-01,-8.353983759880065918e-01,6.088147759437561035e-01,4.631047546863555908e-01,-1.709401458501815796e-01,-1.527136415243148804e-01,-1.925274729728698730e-01,0.000000000000000000e+00,0.000000000000000000e+00,0.000000000000000000e+00,0.000000000000000000e+00,0.000000000000000000e+00,0.000000000000000000e+00,0.000000000000000000e+00
-2.776741683483123779e-01,-1.860468238592147827e-01,8.421934843063354492e-01,9.935791604220867157e-03,2.012051269412040710e-02,5.761099606752395630e-02,9.980868697166442871e-01,-1.570768952369689941e-01,1.571795940399169922e-01,2.198403328657150269e-01,1.001609787344932556e-01,-9.752728790044784546e-02,-2.778932638466358185e-02,8.611147105693817139e-02,-2.756994962692260742e-01,-1.935150772333145142e-01,2.763330638408660889e-01,-1.777519099414348602e-02,1.420335173606872559e-01,9.599912166595458984e-02,6.623944640159606934e-02,2.106025218963623047e-01,-8.531161546707153320e-01,6.510746479034423828e-01,-7.339919209480285645e-01,3.821544945240020752e-01,3.238959312438964844e-01,-2.048442512750625610e-01,3.074782490730285645e-01,0.000000000000000000e+00,0.000000000000000000e+00,0.000000000000000000e+00,0.000000000000000000e+00,0.000000000000000000e+00,0.000000000000000000e+00,0.000000000000000000e+00,-5.400471687316894531e-01,-8.284068107604980469e-01,6.339328289031982422e-01,4.430913329124450684e-01,-1.794962733983993530e-01,-1.512147188186645508e-01,-1.888068616390228271e-01,0.000000000000000000e+00,0.000000000000000000e+00,0.000000000000000000e+00,0.000000000000000000e+00,0.000000000000000000e+00,0.000000000000000000e+00,0.000000000000000000e+00
-2.812545895576477051e-01,-1.862045079469680786e-01,8.417813777923583984e-01,1.078478340059518814e-02,1.681675761938095093e-02,4.817518591880798340e-02,9.986391067504882812e-01,-1.468165367841720581e-01,1.615117639303207397e-01,2.268459945917129517e-01,9.042011201381683350e-02,-8.502846211194992065e-02,-3.241122141480445862e-02,8.322967588901519775e-02,-2.769739925861358643e-01,-1.829435378313064575e-01,2.732463777065277100e-01,-2.594632841646671295e-02,1.440273821353912354e-01,9.635855257511138916e-02,7.560552656650543213e-02,2.078137248754501343e-01,-8.552399277687072754e-01,6.460079550743103027e-01,-7.359196543693542480e-01,3.828281760215759277e-01,3.373433053493499756e-01,-2.035687416791915894e-01,2.997077703475952148e-01,0.000000000000000000e+00,0.000000000000000000e+00,0.000000000000000000e+00,0.000000000000000000e+00,0.000000000000000000e+00,0.000000000000000000e+00,0.000000000000000000e+00,-5.898338556289672852e-01,-8.115859627723693848e-01,6.595404744148254395e-01,4.386531710624694824e-01,-1.966424733400344849e-01,-1.453080475330352783e-01,-1.904586106538772583e-01,0.000000000000000000e+00,0.000000000000000000e+00,0.000000000000000000e+00,0.000000000000000000e+00,0.000000000000000000e+00,0.000000000000000000e+00,0.000000000000000000e+00
-2.849803268909454346e-01,-1.852120608091354370e-01,8.425801396369934082e-01,1.098775025457143784e-02,1.563214883208274841e-02,3.298024460673332214e-02,9.992733597755432129e-01,-1.375888288021087646e-01,1.668322533369064331e-01,2.312954217195510864e-01,8.162680268287658691e-02,-6.790553033351898193e-02,-4.034405946731567383e-02,7.427649945020675659e-02,-2.779321968555450439e-01,-1.708292216062545776e-01,2.633763551712036133e-01,-2.329348213970661163e-02,1.501503735780715942e-01,9.164390712976455688e-02,8.464167267084121704e-02,2.059383392333984375e-01,-8.510267734527587891e-01,6.454300880432128906e-01,-7.393252253532409668e-01,3.812036514282226562e-01,3.528582155704498291e-01,-2.091838568449020386e-01,3.009389638900756836e-01,0.000000000000000000e+00,0.000000000000000000e+00,0.000000000000000000e+00,0.000000000000000000e+00,0.000000000000000000e+00,0.000000000000000000e+00,0.000000000000000000e+00,-6.342393755912780762e-01,-7.807495594024658203e-01,6.832455396652221680e-01,4.399674236774444580e-01,-2.081887423992156982e-01,-1.424624323844909668e-01,-1.974342763423919678e-01,0.000000000000000000e+00,0.000000000000000000e+00,0.000000000000000000e+00,0.000000000000000000e+00,0.000000000000000000e+00,0.000000000000000000e+00,0.000000000000000000e+00
-2.890414297580718994e-01,-1.833845376968383789e-01,8.432464003562927246e-01,1.203064993023872375e-02,1.518119219690561295e-02,1.112682279199361801e-02,9.997504353523254395e-01,-1.300107389688491821e-01,1.717381477355957031e-01,2.354310452938079834e-01,8.157289028167724609e-02,-5.511885508894920349e-02,-4.122856259346008301e-02,5.962878838181495667e-02,-2.796498835086822510e-01,-1.437000781297683716e-01,2.490884065628051758e-01,-2.142616175115108490e-02,1.568265110254287720e-01,8.372098207473754883e-02,8.893980085849761963e-02,2.071745693683624268e-01,-8.388367891311645508e-01,6.506447196006774902e-01,-7.382916808128356934e-01,3.828980624675750732e-01,3.677966594696044922e-01,-2.141265720129013062e-01,3.069837391376495361e-01,0.000000000000000000e+00,0.000000000000000000e+00,0.000000000000000000e+00,0.000000000000000000e+00,0.000000000000000000e+00,0.000000000000000000e+00,0.000000000000000000e+00,-6.718159317970275879e-01,-7.355946898460388184e-01,7.138463854789733887e-01,4.524987339973449707e-01,-2.208597362041473389e-01,-1.339265108108520508e-01,-2.008297443389892578e-01,0.000000000000000000e+00,0.000000000000000000e+00,0.000000000000000000e+00,0.000000000000000000e+00,0.000000000000000000e+00,0.000000000000000000e+00,0.000000000000000000e+00
-2.935946881771087646e-01,-1.810141056776046753e-01,8.434520363807678223e-01,1.271752920001745224e-02,1.557011995464563370e-02,-1.678773574531078339e-02,9.996569156646728516e-01,-1.187937036156654358e-01,1.741156280040740967e-01,2.372481226921081543e-01,8.096859604120254517e-02,-5.528524518013000488e-02,-3.258168324828147888e-02,3.695565089583396912e-02,-2.769452333450317383e-01,-8.980809897184371948e-02,2.319967895746231079e-01,-1.436189562082290649e-02,1.732120066881179810e-01,6.545576453208923340e-02,8.161664754152297974e-02,2.106698006391525269e-01,-8.230167031288146973e-01,6.636700034141540527e-01,-7.371764779090881348e-01,3.864254057407379150e-01,3.585722744464874268e-01,-2.212600260972976685e-01,3.081265091896057129e-01,0.000000000000000000e+00,0.000000000000000000e+00,0.000000000000000000e+00,0.000000000000000000e+00,0.000000000000000000e+00,0.000000000000000000e+00,0.000000000000000000e+00,-7.034989595413208008e-01,-6.845323443412780762e-01,7.506062984466552734e-01,4.799543321132659912e-01,-2.295364737510681152e-01,-1.232555732131004333e-01,-1.963762044906616211e-01,0.000000000000000000e+00,0.000000000000000000e+00,0.000000000000000000e+00,0.000000000000000000e+00,0.000000000000000000e+00,0.000000000000000000e+00,0.000000000000000000e+00
-2.988639473915100098e-01,-1.781317144632339478e-01,8.441804051399230957e-01,1.292187813669443130e-02,1.474583428353071213e-02,-4.649620875716209412e-02,9.987260103225708008e-01,-1.060137003660202026e-01,1.785676926374435425e-01,2.528386414051055908e-01,8.175051957368850708e-02,-5.345833674073219299e-02,-2.916894666850566864e-02,1.139002107083797455e-02,-2.758866548538208008e-01,-5.280879884958267212e-02,2.233494669198989868e-01,-3.739048726856708527e-03,1.838845461606979370e-01,4.009009152650833130e-02,7.998691499233245850e-02,2.192911207675933838e-01,-8.022734522819519043e-01,6.886399984359741211e-01,-7.290422916412353516e-01,3.825302720069885254e-01,3.505097329616546631e-01,-2.301849275827407837e-01,3.082777261734008789e-01,0.000000000000000000e+00,0.000000000000000000e+00,0.000000000000000000e+00,0.000000000000000000e+00,0.000000000000000000e+00,0.000000000000000000e+00,0.000000000000000000e+00,-7.217485308647155762e-01,-6.324445605278015137e-01,7.752904295921325684e-01,5.071279406547546387e-01,-2.410410791635513306e-01,-1.156208217144012451e-01,-2.031779438257217407e-01,0.000000000000000000e+00,0.000000000000000000e+00,0.000000000000000000e+00,0.000000000000000000e+00,0.000000000000000000e+00,0.000000000000000000e+00,0.000000000000000000e+00
-3.047539889812469482e-01,-1.749916374683380127e-01,8.441454172134399414e-01,1.189877651631832123e-02,1.385174505412578583e-02,-7.993791997432708740e-02,9.966325759887695312e-01,-9.188036620616912842e-02,1.856293827295303345e-01,2.771829068660736084e-01,8.706638962030410767e-02,-6.498016417026519775e-02,-2.816910855472087860e-02,-1.792744919657707214e-02,-2.707965672016143799e-01,-2.023553289473056793e-02,2.157758474349975586e-01,3.522810759022831917e-03,1.941909939050674438e-01,3.375960979610681534e-03,7.267343997955322266e-02,2.386762797832489014e-01,-7.805593013763427734e-01,7.241643071174621582e-01,-7.207915782928466797e-01,3.789833784103393555e-01,3.532924652099609375e-01,-2.387981563806533813e-01,2.999844849109649658e-01,0.000000000000000000e+00,0.000000000000000000e+00,0.000000000000000000e+00,0.000000000000000000e+00,0.000000000000000000e+00,0.000000000000000000e+00,0.000000000000000000e+00,-7.298446297645568848e-01,-5.819553136825561523e-01,7.927450537681579590e-01,5.282406210899353027e-01,-2.609224319458007812e-01,-1.161508262157440186e-01,-2.091228812932968140e-01,0.000000000000000000e+00,0.000000000000000000e+00,0.000000000000000000e+00,0.000000000000000000e+00,0.000000000000000000e+00,0.000000000000000000e+00,0.000000000000000000e+00
-3.110867440700531006e-01,-1.715849786996841431e-01,8.443106412887573242e-01,1.133594010025262833e-02,1.038320083171129227e-02,-1.190750002861022949e-01,9.927662611007690430e-01,-7.418148219585418701e-02,1.903112828731536865e-01,2.956050634384155273e-01,9.459019452333450317e-02,-7.130926847457885742e-02,-3.336180746555328369e-02,-5.036746710538864136e-02,-2.641642987728118896e-01,5.941614508628845215e-03,2.153310179710388184e-01,1.064052525907754898e-02,1.998888254165649414e-01,-3.075835295021533966e-02,6.346414983272552490e-02,2.643655538558959961e-01,-7.599182724952697754e-01,7.681421637535095215e-01,-7.142472267150878906e-01,3.595809936523437500e-01,3.620768487453460693e-01,-2.466532886028289795e-01,3.010815083980560303e-01,0.000000000000000000e+00,0.000000000000000000e+00,0.000000000000000000e+00,0.000000000000000000e+00,0.000000000000000000e+00,0.000000000000000000e+00,0.000000000000000000e+00,-7.184118032455444336e-01,-5.403906702995300293e-01,8.074983358383178711e-01,5.389764904975891113e-01,-2.749506533145904541e-01,-1.141603216528892517e-01,-2.228156626224517822e-01,0.000000000000000000e+00,0.000000000000000000e+00,0.000000000000000000e+00,0.000000000000000000e+00,0.000000000000000000e+00,0.000000000000000000e+00,0.000000000000000000e+00
-3.179108798503875732e-01,-1.679108738899230957e-01,8.432678580284118652e-01,1.281027309596538544e-02,4.801771603524684906e-03,-1.678898781538009644e-01,9.857107996940612793e-01,-5.131935328245162964e-02,1.930144727230072021e-01,3.280008435249328613e-01,1.044533327221870422e-01,-8.942437171936035156e-02,-3.368513286113739014e-02,-9.345965832471847534e-02,-2.572215497493743896e-01,3.496577963232994080e-02,2.223494499921798706e-01,1.347262691706418991e-02,2.040818780660629272e-01,-6.789283454418182373e-02,4.259793832898139954e-02,2.992169559001922607e-01,-7.314020395278930664e-01,8.191829323768615723e-01,-6.817845106124877930e-01,3.463391065597534180e-01,3.611344397068023682e-01,-2.479434758424758911e-01,3.159783482551574707e-01,0.000000000000000000e+00,0.000000000000000000e+00,0.000000000000000000e+00,0.000000000000000000e+00,0.000000000000000000e+00,0.000000000000000000e+00,0.000000000000000000e+00,-6.985659003257751465e-01,-5.017088055610656738e-01,8.145865797996520996e-01,5.563670992851257324e-01,-3.076174259185791016e-01,-1.040188819169998169e-01,-2.446976155042648315e-01,0.000000000000000000e+00,0.000000000000000000e+00,0.000000000000000000e+00,0.000000000000000000e+00,0.000000000000000000e+00,0.000000000000000000e+00,0.000000000000000000e+00
-3.238306045532226562e-01,-1.642832309007644653e-01,8.422414660453796387e-01,1.608528383076190948e-02,1.516319345682859421e-03,-2.105081230401992798e-01,9.774585962295532227e-01,-3.258541971445083618e-02,1.874978244304656982e-01,3.493217229843139648e-01,1.068685501813888550e-01,-1.081363856792449951e-01,-2.950971387326717377e-02,-1.278718858957290649e-01,-2.502730190753936768e-01,6.105368956923484802e-02,2.145368456840515137e-01,1.465880963951349258e-02,2.085784077644348145e-01,-9.863325208425521851e-02,2.565649524331092834e-02,3.206071555614471436e-01,-7.152047157287597656e-01,8.590198159217834473e-01,-6.678368449211120605e-01,3.391677737236022949e-01,3.722856044769287109e-01,-2.469745725393295288e-01,3.300602138042449951e-01,0.000000000000000000e+00,0.000000000000000000e+00,0.000000000000000000e+00,0.000000000000000000e+00,0.000000000000000000e+00,0.000000000000000000e+00,0.000000000000000000e+00,-6.564133763313293457e-01,-4.957943856716156006e-01,8.134258985519409180e-01,5.632563233375549316e-01,-3.344133496284484863e-01,-9.695464372634887695e-02,-2.680486738681793213e-01,0.000000000000000000e+00,0.000000000000000000e+00,0.000000000000000000e+00,0.000000000000000000e+00,0.000000000000000000e+00,0.000000000000000000e+00,0.000000000000000000e+00
-3.296262323856353760e-01,-1.603230983018875122e-01,8.407468795776367188e-01,1.931581087410449982e-02,-1.912427600473165512e-03,-2.510526180267333984e-01,9.677788019180297852e-01,-1.470249146223068237e-02,1.821991056203842163e-01,3.713504970073699951e-01,1.116261333227157593e-01,-1.279410272836685181e-01,-2.435396239161491394e-02,-1.604129672050476074e-01,-2.428422272205352783e-01,7.893734425306320190e-02,2.060708850622177124e-01,1.866878382861614227e-02,2.236946523189544678e-01,-1.274086087942123413e-01,6.728394888341426849e-03,3.384826779365539551e-01,-7.151565551757812500e-01,8.933656215667724609e-01,-6.522545814514160156e-01,3.460110723972320557e-01,4.048190712928771973e-01,-2.395704686641693115e-01,3.554832041263580322e-01,0.000000000000000000e+00,0.000000000000000000e+00,0.000000000000000000e+00,0.000000000000000000e+00,0.000000000000000000e+00,0.000000000000000000e+00,0.000000000000000000e+00,-6.162782311439514160e-01,-4.908249378204345703e-01,8.099541068077087402e-01,5.758336186408996582e-01,-3.640157282352447510e-01,-8.974722027778625488e-02,-2.829100787639617920e-01,0.000000000000000000e+00,0.000000000000000000e+00,0.000000000000000000e+00,0.000000000000000000e+00,0.000000000000000000e+00,0.000000000000000000e+00,0.000000000000000000e+00
-3.345994949340820312e-01,-1.558552384376525879e-01,8.384905457496643066e-01,2.163618989288806915e-02,-4.681164398789405823e-03,-2.884286344051361084e-01,9.572454690933227539e-01,2.528499579057097435e-03,1.765896081924438477e-01,3.641487956047058105e-01,1.096692308783531189e-01,-1.477893143892288208e-01,-2.492359839379787445e-02,-1.889805942773818970e-01,-2.289813756942749023e-01,1.148670390248298645e-01,1.919551938772201538e-01,2.315706945955753326e-02,2.290073484182357788e-01,-1.467792093753814697e-01,-1.723684370517730713e-02,3.614954352378845215e-01,-7.172280550003051758e-01,9.219026565551757812e-01,-6.436240077018737793e-01,3.562952876091003418e-01,4.342427253723144531e-01,-2.327652722597122192e-01,3.819108903408050537e-01,0.000000000000000000e+00,0.000000000000000000e+00,0.000000000000000000e+00,0.000000000000000000e+00,0.000000000000000000e+00,0.000000000000000000e+00,0.000000000000000000e+00,-5.880869030952453613e-01,-4.978457391262054443e-01,8.095654249191284180e-01,5.817850828170776367e-01,-3.803093433380126953e-01,-8.643720299005508423e-02,-2.966951429843902588e-01,0.000000000000000000e+00,0.000000000000000000e+00,0.000000000000000000e+00,0.000000000000000000e+00,0.000000000000000000e+00,0.000000000000000000e+00,0.000000000000000000e+00
-3.388894200325012207e-01,-1.509767621755599976e-01,8.375356197357177734e-01,2.454702556133270264e-02,-6.692867260426282883e-03,-3.194347620010375977e-01,9.472666382789611816e-01,1.393148582428693771e-02,1.738819777965545654e-01,3.656736910343170166e-01,1.196617260575294495e-01,-1.571693718433380127e-01,-2.799685113131999969e-02,-2.092165201902389526e-01,-2.210374623537063599e-01,1.314767003059387207e-01,1.735127866268157959e-01,2.954583987593650818e-02,2.355546057224273682e-01,-1.678234785795211792e-01,-4.345397278666496277e-02,3.816975355148315430e-01,-7.155516743659973145e-01,9.343092441558837891e-01,-6.279609203338623047e-01,3.832684755325317383e-01,4.382438063621520996e-01,-2.301720380783081055e-01,3.938687145709991455e-01,0.000000000000000000e+00,0.000000000000000000e+00,0.000000000000000000e+00,0.000000000000000000e+00,0.000000000000000000e+00,0.000000000000000000e+00,0.000000000000000000e+00,-5.463366508483886719e-01,-5.221728682518005371e-01,7.811369299888610840e-01,5.859333276748657227e-01,-3.695315122604370117e-01,-8.876208215951919556e-02,-3.029002845287322998e-01,0.000000000000000000e+00,0.000000000000000000e+00,0.000000000000000000e+00,0.000000000000000000e+00,0.000000000000000000e+00,0.000000000000000000e+00,0.000000000000000000e+00
-3.424460291862487793e-01,-1.455663740634918213e-01,8.361037373542785645e-01,2.779693342745304108e-02,-8.524823002517223358e-03,-3.449832797050476074e-01,9.381583929061889648e-01,2.783372625708580017e-02,1.701374202966690063e-01,3.797792494297027588e-01,1.267886608839035034e-01,-1.687842160463333130e-01,-3.044653125107288361e-02,-2.244881093502044678e-01,-2.169357836246490479e-01,1.461057066917419434e-01,1.492633074522018433e-01,3.930582851171493530e-02,2.382614016532897949e-01,-1.840157359838485718e-01,-6.817732006311416626e-02,3.908966481685638428e-01,-7.153565883636474609e-01,9.528857469558715820e-01,-6.297251582145690918e-01,3.983610272407531738e-01,4.527289271354675293e-01,-2.299980670213699341e-01,4.174148142337799072e-01,0.000000000000000000e+00,0.000000000000000000e+00,0.000000000000000000e+00,0.000000000000000000e+00,0.000000000000000000e+00,0.000000000000000000e+00,0.000000000000000000e+00,-5.113005638122558594e-01,-5.662998557090759277e-01,7.646715044975280762e-01,5.951439142227172852e-01,-3.852151930332183838e-01,-8.877117931842803955e-02,-3.061687648296356201e-01,0.000000000000000000e+00,0.000000000000000000e+00,0.000000000000000000e+00,0.000000000000000000e+00,0.000000000000000000e+00,0.000000000000000000e+00,0.000000000000000000e+00
-3.450659513473510742e-01,-1.398863792419433594e-01,8.353934884071350098e-01,2.856928482651710510e-02,-1.076694298535585403e-02,-3.594581782817840576e-01,9.326615929603576660e-01,3.358396887779235840e-02,1.663582921028137207e-01,3.767157196998596191e-01,1.307722926139831543e-01,-1.722096055746078491e-01,-2.833050303161144257e-02,-2.365704625844955444e-01,-2.146489471197128296e-01,1.512099057435989380e-01,1.433579325675964355e-01,5.166706070303916931e-02,2.416188120841979980e-01,-1.975625306367874146e-01,-8.118586987257003784e-02,4.066446423530578613e-01,-7.168019413948059082e-01,9.587026238441467285e-01,-6.140269637107849121e-01,4.209026396274566650e-01,4.730525910854339600e-01,-2.306391000747680664e-01,4.476684927940368652e-01,0.000000000000000000e+00,0.000000000000000000e+00,0.000000000000000000e+00,0.000000000000000000e+00,0.000000000000000000e+00,0.000000000000000000e+00,0.000000000000000000e+00,-4.493889212608337402e-01,-5.743992328643798828e-01,7.367687821388244629e-01,6.525942683219909668e-01,-3.941446840763092041e-01,-7.869596779346466064e-02,-3.057731986045837402e-01,0.000000000000000000e+00,0.000000000000000000e+00,0.000000000000000000e+00,0.000000000000000000e+00,0.000000000000000000e+00,0.000000000000000000e+00,0.000000000000000000e+00
-3.469620048999786377e-01,-1.340472102165222168e-01,8.326831459999084473e-01,2.710809372365474701e-02,-1.481976546347141266e-02,-3.698272407054901123e-01,9.285867214202880859e-01,4.002651199698448181e-02,1.644894629716873169e-01,3.810102045536041260e-01,1.315761059522628784e-01,-1.811419874429702759e-01,-1.725398935377597809e-02,-2.410356998443603516e-01,-2.144415676593780518e-01,1.536394208669662476e-01,1.341753154993057251e-01,5.813144892454147339e-02,2.481749057769775391e-01,-2.047536075115203857e-01,-9.795670956373214722e-02,4.151748120784759521e-01,-7.134586572647094727e-01,9.621205329895019531e-01,-6.028133034706115723e-01,4.278278350830078125e-01,4.890747964382171631e-01,-2.346915453672409058e-01,4.691064953804016113e-01,0.000000000000000000e+00,0.000000000000000000e+00,0.000000000000000000e+00,0.000000000000000000e+00,0.000000000000000000e+00,0.000000000000000000e+00,0.000000000000000000e+00,-3.834989666938781738e-01,-5.776367783546447754e-01,7.020967006683349609e-01,7.260458469390869141e-01,-3.965938091278076172e-01,-7.354384660720825195e-02,-3.099533617496490479e-01,0.000000000000000000e+00,0.000000000000000000e+00,0.000000000000000000e+00,0.000000000000000000e+00,0.000000000000000000e+00,0.000000000000000000e+00,0.000000000000000000e+00
-3.478057086467742920e-01,-1.281385123729705811e-01,8.306618928909301758e-01,2.470782212913036346e-02,-1.731393113732337952e-02,-3.777277767658233643e-01,9.254250526428222656e-01,4.635812714695930481e-02,1.628810912370681763e-01,3.813914954662322998e-01,1.318111121654510498e-01,-1.906893700361251831e-01,-1.516488194465637207e-02,-2.453963011503219604e-01,-2.163432538509368896e-01,1.444741785526275635e-01,1.238595545291900635e-01,6.551406532526016235e-02,2.496994584798812866e-01,-2.059987783432006836e-01,-1.106716915965080261e-01,4.213022887706756592e-01,-7.121462821960449219e-01,9.626307487487792969e-01,-5.975441336631774902e-01,4.287288784980773926e-01,4.981831610202789307e-01,-2.376747280359268188e-01,4.903753697872161865e-01,0.000000000000000000e+00,0.000000000000000000e+00,0.000000000000000000e+00,0.000000000000000000e+00,0.000000000000000000e+00,0.000000000000000000e+00,0.000000000000000000e+00,-3.321231901645660400e-01,-5.817214846611022949e-01,6.659729480743408203e-01,7.831715345382690430e-01,-3.907130062580108643e-01,-7.523947954177856445e-02,-3.197721540927886963e-01,0.000000000000000000e+00,0.000000000000000000e+00,0.000000000000000000e+00,0.000000000000000000e+00,0.000000000000000000e+00,0.000000000000000000e+00,0.000000000000000000e+00
-3.477782309055328369e-01,-1.224905923008918762e-01,8.293776512145996094e-01,2.130758576095104218e-02,-1.902421563863754272e-02,-3.824426531791687012e-01,9.235376119613647461e-01,4.966193810105323792e-02,1.636973321437835693e-01,3.781309425830841064e-01,1.356845200061798096e-01,-1.985816806554794312e-01,-1.474152412265539169e-02,-2.498127520084381104e-01,-2.187326997518539429e-01,1.355083733797073364e-01,1.157376319169998169e-01,7.282485812902450562e-02,2.449164539575576782e-01,-2.037675678730010986e-01,-1.243718862533569336e-01,4.286798238754272461e-01,-7.041092514991760254e-01,9.628152847290039062e-01,-5.898710489273071289e-01,4.251160919666290283e-01,4.941700696945190430e-01,-2.346863597631454468e-01,5.082444548606872559e-01,0.000000000000000000e+00,0.000000000000000000e+00,0.000000000000000000e+00,0.000000000000000000e+00,0.000000000000000000e+00,0.000000000000000000e+00,0.000000000000000000e+00,-2.834089100360870361e-01,-5.905716419219970703e-01,6.252847909927368164e-01,8.201249241828918457e-01,-3.768135309219360352e-01,-7.731918245553970337e-02,-3.210924267768859863e-01,0.000000000000000000e+00,0.000000000000000000e+00,0.000000000000000000e+00,0.000000000000000000e+00,0.000000000000000000e+00,0.000000000000000000e+00,0.000000000000000000e+00
-3.469580411911010742e-01,-1.173555105924606323e-01,8.303854465484619141e-01,1.690748333930969238e-02,-1.796681061387062073e-02,-3.820378482341766357e-01,9.238172769546508789e-01,4.643432796001434326e-02,1.686637252569198608e-01,3.729645609855651855e-01,1.421034634113311768e-01,-1.954771727323532104e-01,-1.610824093222618103e-02,-2.497321516275405884e-01,-2.199785411357879639e-01,1.242380067706108093e-01,1.065110713243484497e-01,8.463485538959503174e-02,2.345930635929107666e-01,-2.024265080690383911e-01,-1.371741294860839844e-01,4.333473742008209229e-01,-6.882066130638122559e-01,9.640372395515441895e-01,-5.846548080444335938e-01,4.173724353313446045e-01,4.911068975925445557e-01,-2.305376082658767700e-01,5.145621299743652344e-01,0.000000000000000000e+00,0.000000000000000000e+00,0.000000000000000000e+00,0.000000000000000000e+00,0.000000000000000000e+00,0.000000000000000000e+00,0.000000000000000000e+00,-2.415860891342163086e-01,-6.156327724456787109e-01,5.835722684860229492e-01,8.315485715866088867e-01,-3.692966699600219727e-01,-8.402399718761444092e-02,-3.095140457153320312e-01,0.000000000000000000e+00,0.000000000000000000e+00,0.000000000000000000e+00,0.000000000000000000e+00,0.000000000000000000e+00,0.000000000000000000e+00,0.000000000000000000e+00
-3.456102609634399414e-01,-1.130554750561714172e-01,8.315585851669311523e-01,1.225092262029647827e-02,-1.773918606340885162e-02,-3.742575645446777344e-01,9.270741939544677734e-01,3.667954728007316589e-02,1.732358336448669434e-01,3.627784252166748047e-01,1.572091579437255859e-01,-1.930220723152160645e-01,-1.487432885915040970e-02,-2.447991222143173218e-01,-2.258271425962448120e-01,1.145095080137252808e-01,1.044936478137969971e-01,9.541261941194534302e-02,2.276386171579360962e-01,-1.962474137544631958e-01,-1.452681422233581543e-01,4.364575445652008057e-01,-6.725990176200866699e-01,9.602959752082824707e-01,-5.754317045211791992e-01,4.042007029056549072e-01,4.832614660263061523e-01,-2.293688505887985229e-01,5.156475901603698730e-01,0.000000000000000000e+00,0.000000000000000000e+00,0.000000000000000000e+00,0.000000000000000000e+00,0.000000000000000000e+00,0.000000000000000000e+00,0.000000000000000000e+00,-2.020129710435867310e-01,-6.293826103210449219e-01,5.499645471572875977e-01,8.269938230514526367e-01,-3.635079264640808105e-01,-8.425971865653991699e-02,-2.943479716777801514e-01,0.000000000000000000e+00,0.000000000000000000e+00,0.000000000000000000e+00,0.000000000000000000e+00,0.000000000000000000e+00,0.000000000000000000e+00,0.000000000000000000e+00
-3.437541425228118896e-01,-1.097848564386367798e-01,8.327891826629638672e-01,7.600376382470130920e-03,-1.728542707860469818e-02,-3.598036468029022217e-01,9.328369498252868652e-01,2.107643149793148041e-02,1.775899082422256470e-01,3.476617634296417236e-01,1.768276989459991455e-01,-1.898030787706375122e-01,-1.684067770838737488e-02,-2.356233596801757812e-01,-2.355061322450637817e-01,1.058559790253639221e-01,1.063407212495803833e-01,1.071965917944908142e-01,2.252430021762847900e-01,-1.856404840946197510e-01,-1.504300385713577271e-01,4.387334287166595459e-01,-6.585947871208190918e-01,9.570909142494201660e-01,-5.725165009498596191e-01,3.848310410976409912e-01,4.729904532432556152e-01,-2.293286323547363281e-01,5.132549405097961426e-01,0.000000000000000000e+00,0.000000000000000000e+00,0.000000000000000000e+00,0.000000000000000000e+00,0.000000000000000000e+00,0.000000000000000000e+00,0.000000000000000000e+00,-1.726576387882232666e-01,-6.368169188499450684e-01,5.281313657760620117e-01,8.167778253555297852e-01,-3.533508777618408203e-01,-8.226527273654937744e-02,-2.795361876487731934e-01,0.000000000000000000e+00,0.000000000000000000e+00,0.000000000000000000e+00,0.000000000000000000e+00,0.000000000000000000e+00,0.000000000000000000e+00,0.000000000000000000e+00
-3.415534198284149170e-01,-1.076884865760803223e-01,8.340407013893127441e-01,2.336054807528853416e-03,-1.644264906644821167e-02,-3.396271765232086182e-01,9.404135346412658691e-01,2.450972096994519234e-03,1.829497665166854858e-01,3.317628204822540283e-01,1.967692524194717407e-01,-1.863142102956771851e-01,-1.609124243259429932e-02,-2.233826667070388794e-01,-2.454537302255630493e-01,1.031094714999198914e-01,1.106004342436790466e-01,1.186417341232299805e-01,2.191112339496612549e-01,-1.687974780797958374e-01,-1.518437266349792480e-01,4.401668906211853027e-01,-6.430742144584655762e-01,9.493907690048217773e-01,-5.702818036079406738e-01,3.577455580234527588e-01,4.578968882560729980e-01,-2.310221344232559204e-01,5.048692822456359863e-01,0.000000000000000000e+00,0.000000000000000000e+00,0.000000000000000000e+00,0.000000000000000000e+00,0.000000000000000000e+00,0.000000000000000000e+00,0.000000000000000000e+00,-1.526913344860076904e-01,-6.378962397575378418e-01,5.258100628852844238e-01,7.951900959014892578e-01,-3.424210250377655029e-01,-8.303554356098175049e-02,-2.617288529872894287e-01,0.000000000000000000e+00,0.000000000000000000e+00,0.000000000000000000e+00,0.000000000000000000e+00,0.000000000000000000e+00,0.000000000000000000e+00,0.000000000000000000e+00
-3.391289412975311279e-01,-1.071648746728897095e-01,8.350291848182678223e-01,-3.621798008680343628e-03,-1.562755182385444641e-02,-3.108732402324676514e-01,9.503160119056701660e-01,-2.222519554197788239e-02,1.890614777803421021e-01,3.123687505722045898e-01,2.215510606765747070e-01,-1.824398785829544067e-01,-1.851599290966987610e-02,-2.044161856174468994e-01,-2.619435787200927734e-01,9.574585407972335815e-02,1.187960356473922729e-01,1.282840073108673096e-01,2.211509495973587036e-01,-1.531545966863632202e-01,-1.455666869878768921e-01,4.431839585304260254e-01,-6.413369178771972656e-01,9.317281842231750488e-01,-5.795120596885681152e-01,3.294221460819244385e-01,4.406352639198303223e-01,-2.370590120553970337e-01,4.946474134922027588e-01,0.000000000000000000e+00,0.000000000000000000e+00,0.000000000000000000e+00,0.000000000000000000e+00,0.000000000000000000e+00,0.000000000000000000e+00,0.000000000000000000e+00,-1.434721797704696655e-01,-6.227854490280151367e-01,5.369334220886230469e-01,7.823504209518432617e-01,-3.276790678501129150e-01,-8.080386370420455933e-02,-2.489755600690841675e-01,0.000000000000000000e+00,0.000000000000000000e+00,0.000000000000000000e+00,0.000000000000000000e+00,0.000000000000000000e+00,0.000000000000000000e+00,0.000000000000000000e+00
-3.364507555961608887e-01,-1.082009971141815186e-01,8.351035714149475098e-01,-8.216298185288906097e-03,-1.208642777055501938e-02,-2.779800593852996826e-01,9.604756832122802734e-01,-5.194765701889991760e-02,1.925717145204544067e-01,2.935724258422851562e-01,2.398226112127304077e-01,-1.837429404258728027e-01,-1.936716027557849884e-02,-1.865595728158950806e-01,-2.783311009407043457e-01,9.247285872697830200e-02,1.252785027027130127e-01,1.355758905410766602e-01,2.155347615480422974e-01,-1.307215988636016846e-01,-1.311071366071701050e-01,4.436406791210174561e-01,-6.448345780372619629e-01,9.094812870025634766e-01,-5.926294922828674316e-01,3.118801116943359375e-01,4.356880486011505127e-01,-2.430822402238845825e-01,4.804148077964782715e-01,0.000000000000000000e+00,0.000000000000000000e+00,0.000000000000000000e+00,0.000000000000000000e+00,0.000000000000000000e+00,0.000000000000000000e+00,0.000000000000000000e+00,-1.458176672458648682e-01,-6.014593243598937988e-01,5.517438650131225586e-01,7.714691758155822754e-01,-3.129826784133911133e-01,-7.786718755960464478e-02,-2.446724623441696167e-01,0.000000000000000000e+00,0.000000000000000000e+00,0.000000000000000000e+00,0.000000000000000000e+00,0.000000000000000000e+00,0.000000000000000000e+00,0.000000000000000000e+00
-3.335133790969848633e-01,-1.108704134821891785e-01,8.347718715667724609e-01,-9.727921336889266968e-03,-4.880602937191724777e-03,-2.434256374835968018e-01,9.698585271835327148e-01,-8.762977272272109985e-02,1.908652037382125854e-01,2.709107100963592529e-01,2.517592012882232666e-01,-1.795396804809570312e-01,-2.346180938184261322e-02,-1.665787398815155029e-01,-2.935333251953125000e-01,7.242005318403244019e-02,1.267397701740264893e-01,1.359281539916992188e-01,2.054247409105300903e-01,-9.944460541009902954e-02,-1.135056689381599426e-01,4.420930743217468262e-01,-6.405217051506042480e-01,8.883717656135559082e-01,-6.069219708442687988e-01,2.920742332935333252e-01,4.268825948238372803e-01,-2.436834126710891724e-01,4.732831120491027832e-01,0.000000000000000000e+00,0.000000000000000000e+00,0.000000000000000000e+00,0.000000000000000000e+00,0.000000000000000000e+00,0.000000000000000000e+00,0.000000000000000000e+00,-1.570083498954772949e-01,-5.921195745468139648e-01,5.600687861442565918e-01,7.678511738777160645e-01,-3.065828382968902588e-01,-7.035950571298599243e-02,-2.505785226821899414e-01,0.000000000000000000e+00,0.000000000000000000e+00,0.000000000000000000e+00,0.000000000000000000e+00,0.000000000000000000e+00,0.000000000000000000e+00,0.000000000000000000e+00
-3.304703831672668457e-01,-1.154888495802879333e-01,8.347430229187011719e-01,-1.235849130898714066e-02,4.261308815330266953e-03,-1.983129680156707764e-01,9.800515770912170410e-01,-1.241194307804107666e-01,1.840476840734481812e-01,2.266612499952316284e-01,2.475859522819519043e-01,-1.755804121494293213e-01,-2.926366403698921204e-02,-1.387574374675750732e-01,-3.100570738315582275e-01,4.415210336446762085e-02,1.273492127656936646e-01,1.370453387498855591e-01,1.997347474098205566e-01,-6.349767744541168213e-02,-8.595403283834457397e-02,4.336208999156951904e-01,-6.517900228500366211e-01,8.619350790977478027e-01,-6.330170631408691406e-01,2.890225648880004883e-01,4.377898871898651123e-01,-2.458405196666717529e-01,4.438347816467285156e-01,0.000000000000000000e+00,0.000000000000000000e+00,0.000000000000000000e+00,0.000000000000000000e+00,0.000000000000000000e+00,0.000000000000000000e+00,0.000000000000000000e+00,-1.699503213167190552e-01,-5.801515579223632812e-01,5.522250533103942871e-01,8.004107475280761719e-01,-2.873164117336273193e-01,-6.545018404722213745e-02,-2.560906112194061279e-01,0.000000000000000000e+00,0.000000000000000000e+00,0.000000000000000000e+00,0.000000000000000000e+00,0.000000000000000000e+00,0.000000000000000000e+00,0.000000000000000000e+00
-3.274694383144378662e-01,-1.221893280744552612e-01,8.343653082847595215e-01,-1.449581049382686615e-02,1.424895133823156357e-02,-1.454096436500549316e-01,9.891627430915832520e-01,-1.649505794048309326e-01,1.696524173021316528e-01,1.617683619260787964e-01,2.392262518405914307e-01,-1.664830595254898071e-01,-3.932216763496398926e-02,-1.086119189858436584e-01,-3.225848972797393799e-01,3.925973922014236450e-02,1.341881603002548218e-01,1.425345987081527710e-01,2.020634114742279053e-01,-2.728348597884178162e-02,-5.794705823063850403e-02,4.289660453796386719e-01,-6.635631918907165527e-01,8.305308222770690918e-01,-6.541093587875366211e-01,2.830199897289276123e-01,4.434204995632171631e-01,-2.522396147251129150e-01,4.258960783481597900e-01,0.000000000000000000e+00,0.000000000000000000e+00,0.000000000000000000e+00,0.000000000000000000e+00,0.000000000000000000e+00,0.000000000000000000e+00,0.000000000000000000e+00,-1.730775088071823120e-01,-5.848228335380554199e-01,5.349587798118591309e-01,8.222182393074035645e-01,-2.660438120365142822e-01,-7.166174799203872681e-02,-2.585305869579315186e-01,0.000000000000000000e+00,0.000000000000000000e+00,0.000000000000000000e+00,0.000000000000000000e+00,0.000000000000000000e+00,0.000000000000000000e+00,0.000000000000000000e+00
-3.245956301689147949e-01,-1.303697973489761353e-01,8.330830931663513184e-01,-1.343779917806386948e-02,2.230364829301834106e-02,-9.238985180854797363e-02,9.953823685646057129e-01,-1.989140659570693970e-01,1.447513997554779053e-01,8.647555112838745117e-02,2.218800634145736694e-01,-1.529150456190109253e-01,-4.632287099957466125e-02,-7.935234904289245605e-02,-3.290929496288299561e-01,3.461199998855590820e-02,1.491671204566955566e-01,1.478202641010284424e-01,1.952800303697586060e-01,1.648028753697872162e-02,-2.198831178247928619e-02,4.228604137897491455e-01,-6.745350360870361328e-01,7.952734827995300293e-01,-6.679562330245971680e-01,2.683813273906707764e-01,4.534200727939605713e-01,-2.523571252822875977e-01,4.137613177299499512e-01,0.000000000000000000e+00,0.000000000000000000e+00,0.000000000000000000e+00,0.000000000000000000e+00,0.000000000000000000e+00,0.000000000000000000e+00,0.000000000000000000e+00,-1.789930760860443115e-01,-6.044163703918457031e-01,5.028007626533508301e-01,8.368580937385559082e-01,-2.526996433734893799e-01,-7.170935720205307007e-02,-2.606898844242095947e-01,0.000000000000000000e+00,0.000000000000000000e+00,0.000000000000000000e+00,0.000000000000000000e+00,0.000000000000000000e+00,0.000000000000000000e+00,0.000000000000000000e+00
-3.220117688179016113e-01,-1.399334371089935303e-01,8.321785926818847656e-01,-1.320382207632064819e-02,2.960207685828208923e-02,-4.210614413022994995e-02,9.985872507095336914e-01,-2.297575175762176514e-01,1.231815740466117859e-01,1.547836326062679291e-02,2.060578614473342896e-01,-1.335243731737136841e-01,-4.789034649729728699e-02,-5.123024806380271912e-02,-3.328996300697326660e-01,1.433760672807693481e-02,1.664159297943115234e-01,1.307052373886108398e-01,1.766222268342971802e-01,5.625729635357856750e-02,1.469438057392835617e-02,4.207287430763244629e-01,-6.896167993545532227e-01,7.621456980705261230e-01,-6.906992793083190918e-01,2.510270476341247559e-01,4.743928909301757812e-01,-2.455537170171737671e-01,4.004768431186676025e-01,0.000000000000000000e+00,0.000000000000000000e+00,0.000000000000000000e+00,0.000000000000000000e+00,0.000000000000000000e+00,0.000000000000000000e+00,0.000000000000000000e+00,-1.893016993999481201e-01,-6.408574581146240234e-01,4.631075263023376465e-01,8.385350704193115234e-01,-2.256661951541900635e-01,-7.962286472320556641e-02,-2.598395347595214844e-01,0.000000000000000000e+00,0.000000000000000000e+00,0.000000000000000000e+00,0.000000000000000000e+00,0.000000000000000000e+00,0.000000000000000000e+00,0.000000000000000000e+00
-3.195394873619079590e-01,-1.506955772638320923e-01,8.304183483123779297e-01,-1.115282159298658371e-02,3.530888631939888000e-02,7.554060779511928558e-03,9.992856383323669434e-01,-2.537330389022827148e-01,9.752444922924041748e-02,-5.323138833045959473e-02,1.863569468259811401e-01,-1.217051148414611816e-01,-5.569815263152122498e-02,-2.525534480810165405e-02,-3.290835916996002197e-01,1.752001699060201645e-03,1.966135948896408081e-01,9.588158130645751953e-02,1.516642570495605469e-01,1.012818142771720886e-01,5.657943710684776306e-02,4.166582822799682617e-01,-7.054709792137145996e-01,7.381411790847778320e-01,-7.080342173576354980e-01,2.516692578792572021e-01,4.977425932884216309e-01,-2.407831400632858276e-01,3.674690127372741699e-01,0.000000000000000000e+00,0.000000000000000000e+00,0.000000000000000000e+00,0.000000000000000000e+00,0.000000000000000000e+00,0.000000000000000000e+00,0.000000000000000000e+00,-2.029101699590682983e-01,-6.820847392082214355e-01,4.299839138984680176e-01,8.490936160087585449e-01,-2.083417773246765137e-01,-8.313743770122528076e-02,-2.478522062301635742e-01,0.000000000000000000e+00,0.000000000000000000e+00,0.000000000000000000e+00,0.000000000000000000e+00,0.000000000000000000e+00,0.000000000000000000e+00,0.000000000000000000e+00
-3.174095153808593750e-01,-1.622719913721084595e-01,8.266531229019165039e-01,-6.261964794248342514e-03,3.642166405916213989e-02,5.183328688144683838e-02,9.979717135429382324e-01,-2.700369358062744141e-01,7.111874222755432129e-02,-1.085357815027236938e-01,1.745876371860504150e-01,-1.129809841513633728e-01,-7.196908444166183472e-02,3.428612370043992996e-03,-3.271202743053436279e-01,-4.514245688915252686e-02,2.197821587324142456e-01,6.472291052341461182e-02,1.327511817216873169e-01,1.509779840707778931e-01,9.936227649450302124e-02,4.142477214336395264e-01,-7.171406149864196777e-01,7.205266952514648438e-01,-7.288513779640197754e-01,2.532383799552917480e-01,5.081258416175842285e-01,-2.397329062223434448e-01,3.439347445964813232e-01,0.000000000000000000e+00,0.000000000000000000e+00,0.000000000000000000e+00,0.000000000000000000e+00,0.000000000000000000e+00,0.000000000000000000e+00,0.000000000000000000e+00,-2.303501963615417480e-01,-7.370570302009582520e-01,4.003358483314514160e-01,8.714870810508728027e-01,-1.965072900056838989e-01,-8.202027529478073120e-02,-2.407201379537582397e-01,0.000000000000000000e+00,0.000000000000000000e+00,0.000000000000000000e+00,0.000000000000000000e+00,0.000000000000000000e+00,0.000000000000000000e+00,0.000000000000000000e+00
-3.154189586639404297e-01,-1.739352196455001831e-01,8.236889839172363281e-01,-2.807079348713159561e-03,3.646916523575782776e-02,8.803714811801910400e-02,9.954454302787780762e-01,-2.761290371417999268e-01,5.483071133494377136e-02,-1.511854231357574463e-01,1.534527391195297241e-01,-1.050706207752227783e-01,-8.692640066146850586e-02,2.844317816197872162e-02,-3.202354907989501953e-01,-1.047473177313804626e-01,2.454836219549179077e-01,1.017775293439626694e-02,1.059381738305091858e-01,2.064011543989181519e-01,1.498910188674926758e-01,4.119119346141815186e-01,-7.390992641448974609e-01,7.141981720924377441e-01,-7.548759579658508301e-01,2.413132786750793457e-01,5.238393545150756836e-01,-2.412803769111633301e-01,3.320127427577972412e-01,0.000000000000000000e+00,0.000000000000000000e+00,0.000000000000000000e+00,0.000000000000000000e+00,0.000000000000000000e+00,0.000000000000000000e+00,0.000000000000000000e+00,-2.600942850112915039e-01,-7.974402308464050293e-01,3.858290612697601318e-01,8.944650292396545410e-01,-1.977929621934890747e-01,-8.080161362886428833e-02,-2.354772090911865234e-01,0.000000000000000000e+00,0.000000000000000000e+00,0.000000000000000000e+00,0.000000000000000000e+00,0.000000000000000000e+00,0.000000000000000000e+00,0.000000000000000000e+00
-3.132252693176269531e-01,-1.857773363590240479e-01,8.202342391014099121e-01,1.291213789954781532e-03,3.551967814564704895e-02,1.197770312428474426e-01,9.921643733978271484e-01,-2.822278439998626709e-01,4.071635007858276367e-02,-1.867235600948333740e-01,1.396237611770629883e-01,-9.610071778297424316e-02,-9.700945764780044556e-02,4.941767454147338867e-02,-3.154512047767639160e-01,-1.535659134387969971e-01,2.619788646697998047e-01,-3.332367166876792908e-02,8.677934110164642334e-02,2.551776170730590820e-01,1.978368163108825684e-01,4.087999165058135986e-01,-7.614510059356689453e-01,7.119970917701721191e-01,-7.685525417327880859e-01,2.433799654245376587e-01,5.311823487281799316e-01,-2.358031123876571655e-01,3.345715701580047607e-01,0.000000000000000000e+00,0.000000000000000000e+00,0.000000000000000000e+00,0.000000000000000000e+00,0.000000000000000000e+00,0.000000000000000000e+00,0.000000000000000000e+00,-3.000890910625457764e-01,-8.552110195159912109e-01,3.613062798976898193e-01,9.065827727317810059e-01,-1.917795985937118530e-01,-8.437718451023101807e-02,-2.557786107063293457e-01,0.000000000000000000e+00,0.000000000000000000e+00,0.000000000000000000e+00,0.000000000000000000e+00,0.000000000000000000e+00,0.000000000000000000e+00,0.000000000000000000e+00
-3.110240101814270020e-01,-1.973249614238739014e-01,8.170920014381408691e-01,4.923242609947919846e-03,3.480978310108184814e-02,1.500320136547088623e-01,9.880558848381042480e-01,-2.892311215400695801e-01,2.886237204074859619e-02,-2.148055732250213623e-01,1.276660561561584473e-01,-8.386775851249694824e-02,-1.201470121741294861e-01,6.996598094701766968e-02,-3.130425512790679932e-01,-1.976009905338287354e-01,2.718937993049621582e-01,-6.880306452512741089e-02,7.596914470195770264e-02,2.999638319015502930e-01,2.436022162437438965e-01,4.104703664779663086e-01,-7.682093977928161621e-01,7.187065482139587402e-01,-7.845515608787536621e-01,2.266709655523300171e-01,5.056730508804321289e-01,-2.440326213836669922e-01,3.224487304687500000e-01,0.000000000000000000e+00,0.000000000000000000e+00,0.000000000000000000e+00,0.000000000000000000e+00,0.000000000000000000e+00,0.000000000000000000e+00,0.000000000000000000e+00,-3.526847362518310547e-01,-9.189113378524780273e-01,3.524667620658874512e-01,9.250078797340393066e-01,-1.735201478004455566e-01,-8.568025380373001099e-02,-2.636828422546386719e-01,0.000000000000000000e+00,0.000000000000000000e+00,0.000000000000000000e+00,0.000000000000000000e+00,0.000000000000000000e+00,0.000000000000000000e+00,0.000000000000000000e+00
-3.089849650859832764e-01,-2.080174833536148071e-01,8.141435980796813965e-01,7.064669393002986908e-03,3.252750635147094727e-02,1.784217506647109985e-01,9.833909273147583008e-01,-2.959901988506317139e-01,2.117784135043621063e-02,-2.341220378875732422e-01,1.222613975405693054e-01,-7.775243371725082397e-02,-1.376769244670867920e-01,9.267529100179672241e-02,-3.026108443737030029e-01,-2.259283661842346191e-01,2.759774625301361084e-01,-1.009359210729598999e-01,5.777442082762718201e-02,3.277774751186370850e-01,2.834957540035247803e-01,4.085638821125030518e-01,-7.774072885513305664e-01,7.382747530937194824e-01,-7.890791893005371094e-01,2.164273858070373535e-01,4.886270165443420410e-01,-2.407599091529846191e-01,3.173297345638275146e-01,0.000000000000000000e+00,0.000000000000000000e+00,0.000000000000000000e+00,0.000000000000000000e+00,0.000000000000000000e+00,0.000000000000000000e+00,0.000000000000000000e+00,-4.091540277004241943e-01,-9.694687724113464355e-01,3.453369736671447754e-01,9.310427308082580566e-01,-1.553288698196411133e-01,-8.802386373281478882e-02,-2.835794091224670410e-01,0.000000000000000000e+00,0.000000000000000000e+00,0.000000000000000000e+00,0.000000000000000000e+00,0.000000000000000000e+00,0.000000000000000000e+00,0.000000000000000000e+00
-3.072471022605895996e-01,-2.175188958644866943e-01,8.118364810943603516e-01,8.494431152939796448e-03,3.046290017664432526e-02,2.008516639471054077e-01,9.791110754013061523e-01,-2.979110181331634521e-01,2.031472884118556976e-02,-2.404137551784515381e-01,1.098404824733734131e-01,-7.094138860702514648e-02,-1.558743715286254883e-01,1.114863455295562744e-01,-2.925377786159515381e-01,-2.627710402011871338e-01,2.796852886676788330e-01,-1.310180127620697021e-01,3.475667908787727356e-02,3.467911779880523682e-01,3.148261606693267822e-01,4.061186909675598145e-01,-7.708738446235656738e-01,7.617658972740173340e-01,-7.853998541831970215e-01,2.062018215656280518e-01,4.791654646396636963e-01,-2.346694320440292358e-01,3.184852600097656250e-01,0.000000000000000000e+00,0.000000000000000000e+00,0.000000000000000000e+00,0.000000000000000000e+00,0.000000000000000000e+00,0.000000000000000000e+00,0.000000000000000000e+00,-4.630578160285949707e-01,-1.008403897285461426e+00,3.365037143230438232e-01,9.244047999382019043e-01,-1.416485756635665894e-01,-8.869402855634689331e-02,-3.142254054546356201e-01,0.000000000000000000e+00,0.000000000000000000e+00,0.000000000000000000e+00,0.000000000000000000e+00,0.000000000000000000e+00,0.000000000000000000e+00,0.000000000000000000e+00
-3.056023418903350830e-01,-2.259872257709503174e-01,8.108338713645935059e-01,9.983083233237266541e-03,2.954744547605514526e-02,2.201927304267883301e-01,9.749576449394226074e-01,-3.033689558506011963e-01,2.148655243217945099e-02,-2.345346212387084961e-01,1.043033376336097717e-01,-5.389209091663360596e-02,-1.733857095241546631e-01,1.247430667281150818e-01,-2.834840118885040283e-01,-2.922218441963195801e-01,2.807313501834869385e-01,-1.458326429128646851e-01,1.712483167648315430e-02,3.580289185047149658e-01,3.393242955207824707e-01,4.035251438617706299e-01,-7.597181200981140137e-01,7.763544917106628418e-01,-7.769924998283386230e-01,1.972314268350601196e-01,4.687915444374084473e-01,-2.311137020587921143e-01,3.181272149085998535e-01,0.000000000000000000e+00,0.000000000000000000e+00,0.000000000000000000e+00,0.000000000000000000e+00,0.000000000000000000e+00,0.000000000000000000e+00,0.000000000000000000e+00,-5.119624137878417969e-01,-1.039472818374633789e+00,3.319998383522033691e-01,9.075528383255004883e-01,-1.309785842895507812e-01,-9.263420104980468750e-02,-3.379333317279815674e-01,0.000000000000000000e+00,0.000000000000000000e+00,0.000000000000000000e+00,0.000000000000000000e+00,0.000000000000000000e+00,0.000000000000000000e+00,0.000000000000000000e+00
-3.044047057628631592e-01,-2.336034476757049561e-01,8.104109764099121094e-01,1.138763315975666046e-02,2.859088033437728882e-02,2.361213862895965576e-01,9.712361097335815430e-01,-3.083891570568084717e-01,2.712589874863624573e-02,-2.123748809099197388e-01,1.015713810920715332e-01,-3.296158462762832642e-02,-1.789526641368865967e-01,1.355832368135452271e-01,-2.757907807826995850e-01,-3.145337998867034912e-01,2.776999473571777344e-01,-1.515827476978302002e-01,1.699266955256462097e-02,3.625122010707855225e-01,3.546369075775146484e-01,3.959662914276123047e-01,-7.486245632171630859e-01,7.909657359123229980e-01,-7.721897959709167480e-01,1.871689856052398682e-01,4.615155756473541260e-01,-2.301516085863113403e-01,3.209148645401000977e-01,0.000000000000000000e+00,0.000000000000000000e+00,0.000000000000000000e+00,0.000000000000000000e+00,0.000000000000000000e+00,0.000000000000000000e+00,0.000000000000000000e+00,-5.559831857681274414e-01,-1.057850599288940430e+00,3.398855030536651611e-01,8.801752328872680664e-01,-1.263297498226165771e-01,-9.541165083646774292e-02,-3.657085597515106201e-01,0.000000000000000000e+00,0.000000000000000000e+00,0.000000000000000000e+00,0.000000000000000000e+00,0.000000000000000000e+00,0.000000000000000000e+00,0.000000000000000000e+00
-3.036587834358215332e-01,-2.403343021869659424e-01,8.101229071617126465e-01,1.224218867719173431e-02,2.846988104283809662e-02,2.500067949295043945e-01,9.677479863166809082e-01,-3.125801086425781250e-01,3.482359647750854492e-02,-1.862589418888092041e-01,9.526319056749343872e-02,-1.362173166126012802e-02,-1.741994470357894897e-01,1.410730928182601929e-01,-2.704963088035583496e-01,-3.386656343936920166e-01,2.788833081722259521e-01,-1.560253053903579712e-01,2.119483798742294312e-02,3.623680770397186279e-01,3.684301376342773438e-01,3.940389156341552734e-01,-7.377771735191345215e-01,8.006210923194885254e-01,-7.693250775337219238e-01,1.740200817584991455e-01,4.477453827857971191e-01,-2.326917052268981934e-01,3.226509690284729004e-01,0.000000000000000000e+00,0.000000000000000000e+00,0.000000000000000000e+00,0.000000000000000000e+00,0.000000000000000000e+00,0.000000000000000000e+00,0.000000000000000000e+00,-5.940929055213928223e-01,-1.064080119132995605e+00,3.533594310283660889e-01,8.518872857093811035e-01,-1.207352280616760254e-01,-9.718631953001022339e-02,-3.886744976043701172e-01,0.000000000000000000e+00,0.000000000000000000e+00,0.000000000000000000e+00,0.000000000000000000e+00,0.000000000000000000e+00,0.000000000000000000e+00,0.000000000000000000e+00
-3.032917976379394531e-01,-2.465945631265640259e-01,8.102868199348449707e-01,1.331839151680469513e-02,2.835433743894100189e-02,2.611845433712005615e-01,9.647804498672485352e-01,-3.160397410392761230e-01,4.590662941336631775e-02,-1.474014371633529663e-01,9.301214665174484253e-02,5.544397514313459396e-03,-1.602499932050704956e-01,1.419806182384490967e-01,-2.665253877639770508e-01,-3.555597364902496338e-01,2.854325473308563232e-01,-1.607910543680191040e-01,2.081879973411560059e-02,3.546444177627563477e-01,3.767464756965637207e-01,3.977586627006530762e-01,-7.288395762443542480e-01,8.055203557014465332e-01,-7.608510255813598633e-01,1.665489673614501953e-01,4.421357214450836182e-01,-2.339224815368652344e-01,3.296572566032409668e-01,0.000000000000000000e+00,0.000000000000000000e+00,0.000000000000000000e+00,0.000000000000000000e+00,0.000000000000000000e+00,0.000000000000000000e+00,0.000000000000000000e+00,-6.176313757896423340e-01,-1.056890845298767090e+00,3.669852316379547119e-01,8.237399458885192871e-01,-1.192933693528175354e-01,-9.802997112274169922e-02,-4.119291305541992188e-01,0.000000000000000000e+00,0.000000000000000000e+00,0.000000000000000000e+00,0.000000000000000000e+00,0.000000000000000000e+00,0.000000000000000000e+00,0.000000000000000000e+00
-3.032639324665069580e-01,-2.525579333305358887e-01,8.105070590972900391e-01,1.435039006173610687e-02,2.866005338728427887e-02,2.697650790214538574e-01,9.623925685882568359e-01,-3.202828168869018555e-01,5.687664449214935303e-02,-1.100325286388397217e-01,9.353312849998474121e-02,2.071147784590721130e-02,-1.389134973287582397e-01,1.382884681224822998e-01,-2.632272839546203613e-01,-3.659246265888214111e-01,2.952578663825988770e-01,-1.681076884269714355e-01,1.583919115364551544e-02,3.419538736343383789e-01,3.814811706542968750e-01,4.045808911323547363e-01,-7.181856632232666016e-01,8.047974705696105957e-01,-7.492209672927856445e-01,1.585652530193328857e-01,4.358655512332916260e-01,-2.371511459350585938e-01,3.375189602375030518e-01,0.000000000000000000e+00,0.000000000000000000e+00,0.000000000000000000e+00,0.000000000000000000e+00,0.000000000000000000e+00,0.000000000000000000e+00,0.000000000000000000e+00,-6.298687458038330078e-01,-1.040217995643615723e+00,3.774277567863464355e-01,7.935870885848999023e-01,-1.160617321729660034e-01,-1.008578091859817505e-01,-4.336916208267211914e-01,0.000000000000000000e+00,0.000000000000000000e+00,0.000000000000000000e+00,0.000000000000000000e+00,0.000000000000000000e+00,0.000000000000000000e+00,0.000000000000000000e+00
-3.034844696521759033e-01,-2.583032846450805664e-01,8.108982443809509277e-01,1.543600950390100479e-02,2.858247421681880951e-02,2.755479812622070312e-01,9.607383012771606445e-01,-3.225552439689636230e-01,6.736778467893600464e-02,-7.562035322189331055e-02,9.290161728858947754e-02,3.592883422970771790e-02,-1.230326071381568909e-01,1.329026371240615845e-01,-2.612621486186981201e-01,-3.759628832340240479e-01,3.072068393230438232e-01,-1.756208091974258423e-01,1.080501638352870941e-02,3.255292773246765137e-01,3.848278224468231201e-01,4.164646267890930176e-01,-7.081851959228515625e-01,8.011365532875061035e-01,-7.390366792678833008e-01,1.565917432308197021e-01,4.336724281311035156e-01,-2.396610081195831299e-01,3.417680561542510986e-01,0.000000000000000000e+00,0.000000000000000000e+00,0.000000000000000000e+00,0.000000000000000000e+00,0.000000000000000000e+00,0.000000000000000000e+00,0.000000000000000000e+00,-6.318531036376953125e-01,-1.016340017318725586e+00,3.846699893474578857e-01,7.661164402961730957e-01,-1.135055199265480042e-01,-1.024872437119483948e-01,-4.490038454532623291e-01,0.000000000000000000e+00,0.000000000000000000e+00,0.000000000000000000e+00,0.000000000000000000e+00,0.000000000000000000e+00,0.000000000000000000e+00,0.000000000000000000e+00
-3.037768900394439697e-01,-2.637968957424163818e-01,8.115409612655639648e-01,1.544698607176542282e-02,2.796146459877490997e-02,2.796452641487121582e-01,9.595718383789062500e-01,-3.241659104824066162e-01,7.740230858325958252e-02,-5.186292156577110291e-02,9.078583121299743652e-02,4.906043782830238342e-02,-1.114298775792121887e-01,1.261181682348251343e-01,-2.572893500328063965e-01,-3.841536641120910645e-01,3.198483288288116455e-01,-1.761693805456161499e-01,6.146012339740991592e-03,3.071438670158386230e-01,3.845250010490417480e-01,4.318741858005523682e-01,-7.034698128700256348e-01,7.962250113487243652e-01,-7.327075004577636719e-01,1.630141586065292358e-01,4.326265752315521240e-01,-2.401432394981384277e-01,3.480027914047241211e-01,0.000000000000000000e+00,0.000000000000000000e+00,0.000000000000000000e+00,0.000000000000000000e+00,0.000000000000000000e+00,0.000000000000000000e+00,0.000000000000000000e+00,-6.237073540687561035e-01,-9.852173328399658203e-01,3.862187862396240234e-01,7.471798062324523926e-01,-1.034425199031829834e-01,-1.030408889055252075e-01,-4.598382711410522461e-01,0.000000000000000000e+00,0.000000000000000000e+00,0.000000000000000000e+00,0.000000000000000000e+00,0.000000000000000000e+00,0.000000000000000000e+00,0.000000000000000000e+00
-3.040914535522460938e-01,-2.691287100315093994e-01,8.120070695877075195e-01,1.473029796034097672e-02,2.829580754041671753e-02,2.791888117790222168e-01,9.597061872482299805e-01,-3.260791301727294922e-01,9.029322862625122070e-02,-2.888197079300880432e-02,8.831916749477386475e-02,5.841518193483352661e-02,-1.004129201173782349e-01,1.163596138358116150e-01,-2.530880868434906006e-01,-3.924454748630523682e-01,3.292577266693115234e-01,-1.800790131092071533e-01,5.558501929044723511e-03,2.898482382297515869e-01,3.801956176757812500e-01,4.497276544570922852e-01,-6.981820464134216309e-01,7.888227701187133789e-01,-7.290071845054626465e-01,1.725048720836639404e-01,4.348107576370239258e-01,-2.437167018651962280e-01,3.465165793895721436e-01,0.000000000000000000e+00,0.000000000000000000e+00,0.000000000000000000e+00,0.000000000000000000e+00,0.000000000000000000e+00,0.000000000000000000e+00,0.000000000000000000e+00,-6.083040237426757812e-01,-9.542442560195922852e-01,3.887568712234497070e-01,7.307099699974060059e-01,-9.986327588558197021e-02,-1.023430079221725464e-01,-4.596261978149414062e-01,0.000000000000000000e+00,0.000000000000000000e+00,0.000000000000000000e+00,0.000000000000000000e+00,0.000000000000000000e+00,0.000000000000000000e+00,0.000000000000000000e+00
-3.043797910213470459e-01,-2.742158770561218262e-01,8.125989437103271484e-01,1.318629831075668335e-02,2.874828502535820007e-02,2.786601483821868896e-01,9.598688483238220215e-01,-3.287048041820526123e-01,1.027424484491348267e-01,-1.537703908979892731e-02,8.524004369974136353e-02,6.903184205293655396e-02,-9.416644275188446045e-02,1.083185374736785889e-01,-2.447861582040786743e-01,-3.954820036888122559e-01,3.315515220165252686e-01,-1.810364276170730591e-01,6.053877528756856918e-03,2.689203321933746338e-01,3.731389641761779785e-01,4.674484729766845703e-01,-6.960449218750000000e-01,7.802549004554748535e-01,-7.277418375015258789e-01,1.841278225183486938e-01,4.421191513538360596e-01,-2.470296472311019897e-01,3.473436832427978516e-01,0.000000000000000000e+00,0.000000000000000000e+00,0.000000000000000000e+00,0.000000000000000000e+00,0.000000000000000000e+00,0.000000000000000000e+00,0.000000000000000000e+00,-5.883770585060119629e-01,-9.226185679435729980e-01,3.916772603988647461e-01,7.115937471389770508e-01,-1.030001640319824219e-01,-1.043493226170539856e-01,-4.552301764488220215e-01,0.000000000000000000e+00,0.000000000000000000e+00,0.000000000000000000e+00,0.000000000000000000e+00,0.000000000000000000e+00,0.000000000000000000e+00,0.000000000000000000e+00
-3.045436739921569824e-01,-2.789140343666076660e-01,8.133529424667358398e-01,1.221212558448314667e-02,2.935470081865787506e-02,2.756381332874298096e-01,9.607355594635009766e-01,-3.290960192680358887e-01,1.158005893230438232e-01,1.057735527865588665e-03,8.055725693702697754e-02,8.107446134090423584e-02,-9.505326300859451294e-02,9.961006045341491699e-02,-2.385605275630950928e-01,-3.977345228195190430e-01,3.333861231803894043e-01,-1.814308613538742065e-01,7.277674041688442230e-03,2.497827410697937012e-01,3.618612885475158691e-01,4.841122627258300781e-01,-6.951014399528503418e-01,7.783316969871520996e-01,-7.266162037849426270e-01,2.028699666261672974e-01,4.545985460281372070e-01,-2.503831684589385986e-01,3.495080173015594482e-01,0.000000000000000000e+00,0.000000000000000000e+00,0.000000000000000000e+00,0.000000000000000000e+00,0.000000000000000000e+00,0.000000000000000000e+00,0.000000000000000000e+00,-5.641564130783081055e-01,-8.890012502670288086e-01,3.930928707122802734e-01,6.904539465904235840e-01,-1.034004315733909607e-01,-1.078262180089950562e-01,-4.484300315380096436e-01,0.000000000000000000e+00,0.000000000000000000e+00,0.000000000000000000e+00,0.000000000000000000e+00,0.000000000000000000e+00,0.000000000000000000e+00,0.000000000000000000e+00
-3.044640719890594482e-01,-2.833017408847808838e-01,8.139155507087707520e-01,1.066560856997966766e-02,3.245133534073829651e-02,2.719160914421081543e-01,9.617145061492919922e-01,-3.350115120410919189e-01,1.286037862300872803e-01,1.857779733836650848e-02,7.831566035747528076e-02,9.017448127269744873e-02,-9.381116181612014771e-02,8.760619908571243286e-02,-2.309171408414840698e-01,-3.959001898765563965e-01,3.287611007690429688e-01,-1.831583827733993530e-01,1.139727141708135605e-02,2.363434433937072754e-01,3.428385555744171143e-01,4.889568090438842773e-01,-6.852545142173767090e-01,7.706062793731689453e-01,-7.226058840751647949e-01,2.318072021007537842e-01,4.632107615470886230e-01,-2.523949146270751953e-01,3.486184179782867432e-01,0.000000000000000000e+00,0.000000000000000000e+00,0.000000000000000000e+00,0.000000000000000000e+00,0.000000000000000000e+00,0.000000000000000000e+00,0.000000000000000000e+00,-5.286396145820617676e-01,-8.574553728103637695e-01,3.967939317226409912e-01,6.661751866340637207e-01,-1.061867102980613708e-01,-1.141543462872505188e-01,-4.347840547561645508e-01,0.000000000000000000e+00,0.000000000000000000e+00,0.000000000000000000e+00,0.000000000000000000e+00,0.000000000000000000e+00,0.000000000000000000e+00,0.000000000000000000e+00
-3.042379021644592285e-01,-2.872128486633300781e-01,8.147233724594116211e-01,9.641128592193126678e-03,3.626556694507598877e-02,2.655370831489562988e-01,9.633700847625732422e-01,-3.393756747245788574e-01,1.414730101823806763e-01,3.973433747887611389e-02,7.481840997934341431e-02,9.823071211576461792e-02,-9.182162582874298096e-02,7.715830951929092407e-02,-2.226043194532394409e-01,-3.878413140773773193e-01,3.146999180316925049e-01,-1.854616999626159668e-01,1.411140616983175278e-02,2.217488139867782593e-01,3.209230899810791016e-01,4.895219504833221436e-01,-6.703069210052490234e-01,7.690521478652954102e-01,-7.221809625625610352e-01,2.653136253356933594e-01,4.712179899215698242e-01,-2.541819214820861816e-01,3.480388820171356201e-01,0.000000000000000000e+00,0.000000000000000000e+00,0.000000000000000000e+00,0.000000000000000000e+00,0.000000000000000000e+00,0.000000000000000000e+00,0.000000000000000000e+00,-4.905201494693756104e-01,-8.248074054718017578e-01,4.043289422988891602e-01,6.400274038314819336e-01,-1.085341349244117737e-01,-1.202148124575614929e-01,-4.170136749744415283e-01,0.000000000000000000e+00,0.000000000000000000e+00,0.000000000000000000e+00,0.000000000000000000e+00,0.000000000000000000e+00,0.000000000000000000e+00,0.000000000000000000e+00
-3.036920130252838135e-01,-2.907043099403381348e-01,8.152765631675720215e-01,9.535090066492557526e-03,3.732355311512947083e-02,2.606405615806579590e-01,9.646670818328857422e-01,-3.407059907913208008e-01,1.522529870271682739e-01,5.701221898198127747e-02,7.546914368867874146e-02,1.062660664319992065e-01,-9.075780212879180908e-02,7.428878545761108398e-02,-2.150890380144119263e-01,-3.806859850883483887e-01,3.025486469268798828e-01,-1.882614195346832275e-01,1.761176064610481262e-02,2.109911292791366577e-01,2.973870038986206055e-01,4.885534942150115967e-01,-6.503922343254089355e-01,7.677037715911865234e-01,-7.136531472206115723e-01,3.079531192779541016e-01,4.885908067226409912e-01,-2.531113028526306152e-01,3.484038412570953369e-01,0.000000000000000000e+00,0.000000000000000000e+00,0.000000000000000000e+00,0.000000000000000000e+00,0.000000000000000000e+00,0.000000000000000000e+00,0.000000000000000000e+00,-4.456435739994049072e-01,-7.976056337356567383e-01,4.131413996219635010e-01,6.080517172813415527e-01,-1.147570535540580750e-01,-1.273267567157745361e-01,-3.988809585571289062e-01,0.000000000000000000e+00,0.000000000000000000e+00,0.000000000000000000e+00,0.000000000000000000e+00,0.000000000000000000e+00,0.000000000000000000e+00,0.000000000000000000e+00
-3.028042316436767578e-01,-2.935895025730133057e-01,8.161729574203491211e-01,1.059460081160068512e-02,3.615150973200798035e-02,2.548387348651885986e-01,9.662494659423828125e-01,-3.383746147155761719e-01,1.625414192676544189e-01,7.308508455753326416e-02,8.315974473953247070e-02,1.077792719006538391e-01,-8.478068560361862183e-02,7.783453911542892456e-02,-2.083914875984191895e-01,-3.686699271202087402e-01,2.878077924251556396e-01,-1.870087683200836182e-01,1.964448392391204834e-02,1.988058090209960938e-01,2.743405699729919434e-01,4.871755242347717285e-01,-6.219239234924316406e-01,7.616919875144958496e-01,-7.058840990066528320e-01,3.522457480430603027e-01,5.031460523605346680e-01,-2.529180943965911865e-01,3.491766154766082764e-01,0.000000000000000000e+00,0.000000000000000000e+00,0.000000000000000000e+00,0.000000000000000000e+00,0.000000000000000000e+00,0.000000000000000000e+00,0.000000000000000000e+00,-4.081140458583831787e-01,-7.752532362937927246e-01,4.279708862304687500e-01,5.846821665763854980e-01,-1.270374059677124023e-01,-1.306287497282028198e-01,-3.860818743705749512e-01,0.000000000000000000e+00,0.000000000000000000e+00,0.000000000000000000e+00,0.000000000000000000e+00,0.000000000000000000e+00,0.000000000000000000e+00,0.000000000000000000e+00
-3.014299571514129639e-01,-2.958872020244598389e-01,8.170201182365417480e-01,1.356032304465770721e-02,3.440044447779655457e-02,2.473120391368865967e-01,9.682300686836242676e-01,-3.341686129570007324e-01,1.713936626911163330e-01,9.452304989099502563e-02,9.567657113075256348e-02,1.079608201980590820e-01,-7.875724136829376221e-02,8.429063856601715088e-02,-2.062919735908508301e-01,-3.547535538673400879e-01,2.733419835567474365e-01,-1.901779323816299438e-01,2.112589031457901001e-02,1.891315132379531860e-01,2.461958974599838257e-01,4.854112565517425537e-01,-5.918172597885131836e-01,7.561856508255004883e-01,-6.975899934768676758e-01,4.090071618556976318e-01,5.114670395851135254e-01,-2.515790462493896484e-01,3.476934432983398438e-01,0.000000000000000000e+00,0.000000000000000000e+00,0.000000000000000000e+00,0.000000000000000000e+00,0.000000000000000000e+00,0.000000000000000000e+00,0.000000000000000000e+00,-3.730124831199645996e-01,-7.529308795928955078e-01,4.437804222106933594e-01,5.641008615493774414e-01,-1.335881054401397705e-01,-1.355177313089370728e-01,-3.712406158447265625e-01,0.000000000000000000e+00,0.000000000000000000e+00,0.000000000000000000e+00,0.000000000000000000e+00,0.000000000000000000e+00,0.000000000000000000e+00,0.000000000000000000e+00
-2.995150089263916016e-01,-2.974396049976348877e-01,8.172236084938049316e-01,1.590171828866004944e-02,3.228245675563812256e-02,2.402768582105636597e-01,9.700371026992797852e-01,-3.305730521678924561e-01,1.821675449609756470e-01,1.209821775555610657e-01,1.101947128772735596e-01,9.980121999979019165e-02,-6.693657487630844116e-02,9.332122653722763062e-02,-2.039530277252197266e-01,-3.445385396480560303e-01,2.589408755302429199e-01,-1.967008858919143677e-01,2.154773846268653870e-02,1.851368546485900879e-01,2.144165486097335815e-01,4.757384061813354492e-01,-5.517143011093139648e-01,7.469273209571838379e-01,-6.833712458610534668e-01,4.767037630081176758e-01,5.097286701202392578e-01,-2.486069202423095703e-01,3.460229635238647461e-01,0.000000000000000000e+00,0.000000000000000000e+00,0.000000000000000000e+00,0.000000000000000000e+00,0.000000000000000000e+00,0.000000000000000000e+00,0.000000000000000000e+00,-3.407058119773864746e-01,-7.337929606437683105e-01,4.650040268898010254e-01,5.456322431564331055e-01,-1.482648253440856934e-01,-1.400008797645568848e-01,-3.609125018119812012e-01,0.000000000000000000e+00,0.000000000000000000e+00,0.000000000000000000e+00,0.000000000000000000e+00,0.000000000000000000e+00,0.000000000000000000e+00,0.000000000000000000e+00
-2.967809438705444336e-01,-2.979776263236999512e-01,8.172847628593444824e-01,1.828878372907638550e-02,3.222702443599700928e-02,2.345303297042846680e-01,9.714022874832153320e-01,-3.309816122055053711e-01,1.901616901159286499e-01,1.426635235548019409e-01,1.261674463748931885e-01,8.944889903068542480e-02,-5.863491818308830261e-02,1.020612120628356934e-01,-2.022758871316909790e-01,-3.313016593456268311e-01,2.405426502227783203e-01,-2.020707428455352783e-01,2.536228299140930176e-02,1.823640167713165283e-01,1.849885582923889160e-01,4.660590887069702148e-01,-5.052325725555419922e-01,7.314525246620178223e-01,-6.699661016464233398e-01,5.513139367103576660e-01,5.049004554748535156e-01,-2.482117712497711182e-01,3.297935426235198975e-01,0.000000000000000000e+00,0.000000000000000000e+00,0.000000000000000000e+00,0.000000000000000000e+00,0.000000000000000000e+00,0.000000000000000000e+00,0.000000000000000000e+00,-3.143572509288787842e-01,-7.191232442855834961e-01,4.876769781112670898e-01,5.387861728668212891e-01,-1.583420783281326294e-01,-1.465060412883758545e-01,-3.398043811321258545e-01,0.000000000000000000e+00,0.000000000000000000e+00,0.000000000000000000e+00,0.000000000000000000e+00,0.000000000000000000e+00,0.000000000000000000e+00,0.000000000000000000e+00
-2.937167882919311523e-01,-2.974160015583038330e-01,8.174032568931579590e-01,2.110777050256729126e-02,3.204352781176567078e-02,2.258291989564895630e-01,9.734109640121459961e-01,-3.356661796569824219e-01,2.011439204216003418e-01,1.693367213010787964e-01,1.543159037828445435e-01,8.050846308469772339e-02,-4.679865762591362000e-02,1.058561727404594421e-01,-2.067980021238327026e-01,-3.207721710205078125e-01,2.341698706150054932e-01,-2.077840268611907959e-01,3.080095909535884857e-02,1.795189082622528076e-01,1.508327573537826538e-01,4.546634554862976074e-01,-4.588322043418884277e-01,7.051337957382202148e-01,-6.433624625205993652e-01,6.566676497459411621e-01,4.905436933040618896e-01,-2.448016256093978882e-01,3.049753308296203613e-01,0.000000000000000000e+00,0.000000000000000000e+00,0.000000000000000000e+00,0.000000000000000000e+00,0.000000000000000000e+00,0.000000000000000000e+00,0.000000000000000000e+00,-2.981885075569152832e-01,-7.069090604782104492e-01,5.192049741744995117e-01,5.298681259155273438e-01,-1.645895838737487793e-01,-1.525834798812866211e-01,-3.108832538127899170e-01,0.000000000000000000e+00,0.000000000000000000e+00,0.000000000000000000e+00,0.000000000000000000e+00,0.000000000000000000e+00,0.000000000000000000e+00,0.000000000000000000e+00
-2.895768582820892334e-01,-2.953631579875946045e-01,8.173890709877014160e-01,2.320265583693981171e-02,3.251114115118980408e-02,2.193720936775207520e-01,9.748233556747436523e-01,-3.406740725040435791e-01,2.093198001384735107e-01,1.971028298139572144e-01,1.826702356338500977e-01,6.407820433378219604e-02,-3.559153899550437927e-02,1.176329553127288818e-01,-2.075705975294113159e-01,-3.070757687091827393e-01,2.136285752058029175e-01,-2.089462876319885254e-01,3.329328075051307678e-02,1.797021031379699707e-01,1.209005117416381836e-01,4.358260333538055420e-01,-4.045077562332153320e-01,6.744639277458190918e-01,-6.179386973381042480e-01,7.645166516304016113e-01,4.721259772777557373e-01,-2.364778071641921997e-01,2.836192846298217773e-01,0.000000000000000000e+00,0.000000000000000000e+00,0.000000000000000000e+00,0.000000000000000000e+00,0.000000000000000000e+00,0.000000000000000000e+00,0.000000000000000000e+00,-2.815647423267364502e-01,-6.945024132728576660e-01,5.500773787498474121e-01,5.338588356971740723e-01,-1.706194132566452026e-01,-1.568730473518371582e-01,-2.847795188426971436e-01,0.000000000000000000e+00,0.000000000000000000e+00,0.000000000000000000e+00,0.000000000000000000e+00,0.000000000000000000e+00,0.000000000000000000e+00,0.000000000000000000e+00
-2.847401797771453857e-01,-2.916394174098968506e-01,8.177756071090698242e-01,2.478392608463764191e-02,3.389858081936836243e-02,2.148490250110626221e-01,9.757440686225891113e-01,-3.520275056362152100e-01,2.150681018829345703e-01,2.262255698442459106e-01,2.163227498531341553e-01,5.148527026176452637e-02,-2.447072416543960571e-02,1.295910626649856567e-01,-2.112565338611602783e-01,-3.022241890430450439e-01,1.950911581516265869e-01,-2.028800249099731445e-01,3.739646822214126587e-02,1.834518462419509888e-01,9.403153508901596069e-02,4.185155928134918213e-01,-3.608821332454681396e-01,6.437889337539672852e-01,-5.934633612632751465e-01,8.758025765419006348e-01,4.678757488727569580e-01,-2.250894606113433838e-01,2.478961646556854248e-01,0.000000000000000000e+00,0.000000000000000000e+00,0.000000000000000000e+00,0.000000000000000000e+00,0.000000000000000000e+00,0.000000000000000000e+00,0.000000000000000000e+00,-2.680925130844116211e-01,-6.846576929092407227e-01,5.708519816398620605e-01,5.346513390541076660e-01,-1.740087121725082397e-01,-1.601375341415405273e-01,-2.501586973667144775e-01,0.000000000000000000e+00,0.000000000000000000e+00,0.000000000000000000e+00,0.000000000000000000e+00,0.000000000000000000e+00,0.000000000000000000e+00,0.000000000000000000e+00
-2.792195379734039307e-01,-2.857137620449066162e-01,8.172876238822937012e-01,2.407213486731052399e-02,3.355875611305236816e-02,2.109531760215759277e-01,9.766232967376708984e-01,-3.636945188045501709e-01,2.246098667383193970e-01,2.499566525220870972e-01,2.456794977188110352e-01,3.502622246742248535e-02,-1.779947057366371155e-02,1.493484377861022949e-01,-2.108273059129714966e-01,-3.004910647869110107e-01,1.719930619001388550e-01,-1.965830177068710327e-01,3.766975924372673035e-02,1.872251629829406738e-01,7.178950309753417969e-02,4.032385647296905518e-01,-3.162856400012969971e-01,6.123661398887634277e-01,-5.685881972312927246e-01,9.835149049758911133e-01,4.660561680793762207e-01,-2.102907299995422363e-01,2.143348604440689087e-01,0.000000000000000000e+00,0.000000000000000000e+00,0.000000000000000000e+00,0.000000000000000000e+00,0.000000000000000000e+00,0.000000000000000000e+00,0.000000000000000000e+00,-2.623283863067626953e-01,-6.780132651329040527e-01,5.931218862533569336e-01,5.439953207969665527e-01,-1.804756969213485718e-01,-1.608078330755233765e-01,-2.226374596357345581e-01,0.000000000000000000e+00,0.000000000000000000e+00,0.000000000000000000e+00,0.000000000000000000e+00,0.000000000000000000e+00,0.000000000000000000e+00,0.000000000000000000e+00
-2.727455198764801025e-01,-2.773960530757904053e-01,8.159883022308349609e-01,2.165400050580501556e-02,3.628956526517868042e-02,2.059562504291534424e-01,9.776483178138732910e-01,-3.810383975505828857e-01,2.322677075862884521e-01,2.808244228363037109e-01,2.706090211868286133e-01,1.132699847221374512e-02,-1.138149201869964600e-02,1.657647639513015747e-01,-2.109874784946441650e-01,-3.010611832141876221e-01,1.437871754169464111e-01,-1.869793087244033813e-01,4.103655740618705750e-02,1.933766901493072510e-01,4.859291017055511475e-02,3.849450647830963135e-01,-2.735475897789001465e-01,5.852960944175720215e-01,-5.470705628395080566e-01,1.084134459495544434e+00,4.616634845733642578e-01,-1.976957619190216064e-01,1.736954301595687866e-01,0.000000000000000000e+00,0.000000000000000000e+00,0.000000000000000000e+00,0.000000000000000000e+00,0.000000000000000000e+00,0.000000000000000000e+00,0.000000000000000000e+00,-2.648657858371734619e-01,-6.661297678947448730e-01,6.170133352279663086e-01,5.604683756828308105e-01,-1.796654462814331055e-01,-1.582066118717193604e-01,-1.897658407688140869e-01,0.000000000000000000e+00,0.000000000000000000e+00,0.000000000000000000e+00,0.000000000000000000e+00,0.000000000000000000e+00,0.000000000000000000e+00,0.000000000000000000e+00
-2.649941742420196533e-01,-2.666185498237609863e-01,8.146023750305175781e-01,1.924408785998821259e-02,4.036713391542434692e-02,2.042128592729568481e-01,9.779045581817626953e-01,-3.872554302215576172e-01,2.287112623453140259e-01,3.148850500583648682e-01,2.947654128074645996e-01,-1.107832696288824081e-02,-3.393316175788640976e-03,1.804530918598175049e-01,-2.145590782165527344e-01,-3.014813959598541260e-01,1.240534186363220215e-01,-1.733102947473526001e-01,4.935734719038009644e-02,2.036258429288864136e-01,2.504120022058486938e-02,3.590364754199981689e-01,-2.276873141527175903e-01,5.703806877136230469e-01,-5.280025005340576172e-01,1.155600786209106445e+00,4.551097452640533447e-01,-1.888953447341918945e-01,1.343441903591156006e-01,0.000000000000000000e+00,0.000000000000000000e+00,0.000000000000000000e+00,0.000000000000000000e+00,0.000000000000000000e+00,0.000000000000000000e+00,0.000000000000000000e+00,-2.596183419227600098e-01,-6.581326127052307129e-01,6.364257335662841797e-01,5.730234384536743164e-01,-1.854961663484573364e-01,-1.572958678007125854e-01,-1.614906042814254761e-01,0.000000000000000000e+00,0.000000000000000000e+00,0.000000000000000000e+00,0.000000000000000000e+00,0.000000000000000000e+00,0.000000000000000000e+00,0.000000000000000000e+00
-2.566883563995361328e-01,-2.534431815147399902e-01,8.130386471748352051e-01,1.500150375068187714e-02,4.757672920823097229e-02,2.039651870727539062e-01,9.777063131332397461e-01,-3.894005119800567627e-01,2.265444099903106689e-01,3.522075414657592773e-01,3.172636032104492188e-01,-4.215913638472557068e-02,7.998042739927768707e-03,1.891556084156036377e-01,-2.204546481370925903e-01,-3.156734704971313477e-01,1.067554131150245667e-01,-1.510943323373794556e-01,5.887353420257568359e-02,2.123322933912277222e-01,3.934562206268310547e-03,3.259326815605163574e-01,-1.872378140687942505e-01,5.562493205070495605e-01,-4.974408149719238281e-01,1.221791863441467285e+00,4.466083049774169922e-01,-1.808275878429412842e-01,1.114716306328773499e-01,0.000000000000000000e+00,0.000000000000000000e+00,0.000000000000000000e+00,0.000000000000000000e+00,0.000000000000000000e+00,0.000000000000000000e+00,0.000000000000000000e+00,-2.502405643463134766e-01,-6.431092619895935059e-01,6.455983519554138184e-01,5.957729816436767578e-01,-1.899162232875823975e-01,-1.554535776376724243e-01,-1.490088999271392822e-01,0.000000000000000000e+00,0.000000000000000000e+00,0.000000000000000000e+00,0.000000000000000000e+00,0.000000000000000000e+00,0.000000000000000000e+00,0.000000000000000000e+00
-2.475118190050125122e-01,-2.375804334878921509e-01,8.103368878364562988e-01,8.881956338882446289e-03,5.509423837065696716e-02,2.010434418916702271e-01,9.779914617538452148e-01,-3.750452995300292969e-01,2.143271416425704956e-01,3.662670552730560303e-01,3.215434551239013672e-01,-8.656042069196701050e-02,2.477547898888587952e-02,1.898630857467651367e-01,-2.277572304010391235e-01,-3.241845369338989258e-01,1.024136841297149658e-01,-1.241444796323776245e-01,6.632301956415176392e-02,2.181389629840850830e-01,-1.554306689649820328e-02,2.869952619075775146e-01,-1.518483608961105347e-01,5.460194349288940430e-01,-4.645279943943023682e-01,1.274849295616149902e+00,4.282763004302978516e-01,-1.790538132190704346e-01,9.581061452627182007e-02,0.000000000000000000e+00,0.000000000000000000e+00,0.000000000000000000e+00,0.000000000000000000e+00,0.000000000000000000e+00,0.000000000000000000e+00,0.000000000000000000e+00,-2.386864423751831055e-01,-6.222823262214660645e-01,6.507329940795898438e-01,6.204707622528076172e-01,-1.890337616205215454e-01,-1.557056605815887451e-01,-1.324663311243057251e-01,0.000000000000000000e+00,0.000000000000000000e+00,0.000000000000000000e+00,0.000000000000000000e+00,0.000000000000000000e+00,0.000000000000000000e+00,0.000000000000000000e+00
-2.378940582275390625e-01,-2.196117788553237915e-01,8.090297579765319824e-01,1.530666137114167213e-03,6.119984015822410583e-02,2.039992362260818481e-01,9.770550131797790527e-01,-3.681811094284057617e-01,2.050766795873641968e-01,3.765832185745239258e-01,3.411262333393096924e-01,-1.246117651462554932e-01,3.751255199313163757e-02,1.855501532554626465e-01,-2.383913695812225342e-01,-3.426250815391540527e-01,1.221109628677368164e-01,-7.897289842367172241e-02,6.717525422573089600e-02,2.165874540805816650e-01,-2.952241152524948120e-02,2.478536069393157959e-01,-1.236967220902442932e-01,5.395232439041137695e-01,-4.335008561611175537e-01,1.312704920768737793e+00,4.065105319023132324e-01,-1.810139119625091553e-01,8.355086296796798706e-02,0.000000000000000000e+00,0.000000000000000000e+00,0.000000000000000000e+00,0.000000000000000000e+00,0.000000000000000000e+00,0.000000000000000000e+00,0.000000000000000000e+00,-2.264858484268188477e-01,-5.981708168983459473e-01,6.532982587814331055e-01,6.550636291503906250e-01,-1.868633925914764404e-01,-1.569087356328964233e-01,-1.201983988285064697e-01,0.000000000000000000e+00,0.000000000000000000e+00,0.000000000000000000e+00,0.000000000000000000e+00,0.000000000000000000e+00,0.000000000000000000e+00,0.000000000000000000e+00
-2.269929498434066772e-01,-1.996916234493255615e-01,8.085983395576477051e-01,-4.290323238819837570e-03,6.584206223487854004e-02,2.105801552534103394e-01,9.753473401069641113e-01,-3.464508652687072754e-01,1.829958260059356689e-01,3.723677098751068115e-01,3.371942937374114990e-01,-1.694897860288619995e-01,5.688646435737609863e-02,1.781456172466278076e-01,-2.505336999893188477e-01,-3.363693654537200928e-01,1.609507948160171509e-01,-2.440660633146762848e-02,7.182776927947998047e-02,2.068849951028823853e-01,-3.971897065639495850e-02,2.129565775394439697e-01,-1.030498817563056946e-01,5.292074084281921387e-01,-4.071651101112365723e-01,1.343792676925659180e+00,3.908957540988922119e-01,-1.767297685146331787e-01,8.092958480119705200e-02,0.000000000000000000e+00,0.000000000000000000e+00,0.000000000000000000e+00,0.000000000000000000e+00,0.000000000000000000e+00,0.000000000000000000e+00,0.000000000000000000e+00,-2.069358378648757935e-01,-5.732795596122741699e-01,6.469361782073974609e-01,6.948084235191345215e-01,-1.884174346923828125e-01,-1.583849191665649414e-01,-1.197640001773834229e-01,0.000000000000000000e+00,0.000000000000000000e+00,0.000000000000000000e+00,0.000000000000000000e+00,0.000000000000000000e+00,0.000000000000000000e+00,0.000000000000000000e+00
-2.148704528808593750e-01,-1.787977218627929688e-01,8.133168816566467285e-01,-9.537448175251483917e-03,6.592116504907608032e-02,2.255792617797851562e-01,9.719451665878295898e-01,-3.126164376735687256e-01,1.521012336015701294e-01,3.493274748325347900e-01,3.171631693840026855e-01,-1.904248744249343872e-01,7.036062330007553101e-02,1.555677801370620728e-01,-2.440964877605438232e-01,-2.858853042125701904e-01,2.305112034082412720e-01,2.667961874976754189e-03,8.618915826082229614e-02,1.811779737472534180e-01,-4.271465539932250977e-02,1.854377835988998413e-01,-9.199912101030349731e-02,5.232709646224975586e-01,-3.969490826129913330e-01,1.357568502426147461e+00,3.931837975978851318e-01,-1.666917949914932251e-01,7.219478487968444824e-02,0.000000000000000000e+00,0.000000000000000000e+00,0.000000000000000000e+00,0.000000000000000000e+00,0.000000000000000000e+00,0.000000000000000000e+00,0.000000000000000000e+00,-1.850408464670181274e-01,-5.498332977294921875e-01,6.355122327804565430e-01,7.416494488716125488e-01,-1.876643449068069458e-01,-1.563986986875534058e-01,-1.067007556557655334e-01,0.000000000000000000e+00,0.000000000000000000e+00,0.000000000000000000e+00,0.000000000000000000e+00,0.000000000000000000e+00,0.000000000000000000e+00,0.000000000000000000e+00
-2.026329487562179565e-01,-1.563837230205535889e-01,8.191363811492919922e-01,-1.887568272650241852e-02,6.331082433462142944e-02,2.378443330526351929e-01,9.690539240837097168e-01,-2.670717239379882812e-01,1.304976195096969604e-01,3.227564394474029541e-01,2.795561850070953369e-01,-2.110481709241867065e-01,9.496656060218811035e-02,1.177580356597900391e-01,-2.445920556783676147e-01,-2.656665742397308350e-01,3.591826856136322021e-01,5.957734584808349609e-02,8.561765402555465698e-02,1.558353751897811890e-01,-3.428212925791740417e-02,1.646602302789688110e-01,-1.008228287100791931e-01,5.171160101890563965e-01,-3.935477435588836670e-01,1.361972808837890625e+00,3.902429342269897461e-01,-1.600823998451232910e-01,5.906264111399650574e-02,0.000000000000000000e+00,0.000000000000000000e+00,0.000000000000000000e+00,0.000000000000000000e+00,0.000000000000000000e+00,0.000000000000000000e+00,0.000000000000000000e+00,-1.661548465490341187e-01,-5.269779562950134277e-01,6.257616281509399414e-01,7.918732762336730957e-01,-1.929478943347930908e-01,-1.542603075504302979e-01,-7.862681895494461060e-02,0.000000000000000000e+00,0.000000000000000000e+00,0.000000000000000000e+00,0.000000000000000000e+00,0.000000000000000000e+00,0.000000000000000000e+00,0.000000000000000000e+00
-1.904693841934204102e-01,-1.337820589542388916e-01,8.238845467567443848e-01,-2.945833280682563782e-02,5.545014888048171997e-02,2.526914179325103760e-01,9.655073881149291992e-01,-2.146655023097991943e-01,1.201795935630798340e-01,2.999626100063323975e-01,2.481335550546646118e-01,-2.308737039566040039e-01,1.006219163537025452e-01,6.676173210144042969e-02,-2.388239502906799316e-01,-2.850646376609802246e-01,4.973202645778656006e-01,8.562176674604415894e-02,7.493970543146133423e-02,1.270401775836944580e-01,-1.492423750460147858e-02,1.498292237520217896e-01,-1.213597655296325684e-01,5.083631873130798340e-01,-3.884730041027069092e-01,1.362677574157714844e+00,3.818254768848419189e-01,-1.532656103372573853e-01,4.578931257128715515e-02,0.000000000000000000e+00,0.000000000000000000e+00,0.000000000000000000e+00,0.000000000000000000e+00,0.000000000000000000e+00,0.000000000000000000e+00,0.000000000000000000e+00,-1.500770896673202515e-01,-5.077728033065795898e-01,6.154779791831970215e-01,8.518154025077819824e-01,-2.051871567964553833e-01,-1.464061737060546875e-01,-5.446523800492286682e-02,0.000000000000000000e+00,0.000000000000000000e+00,0.000000000000000000e+00,0.000000000000000000e+00,0.000000000000000000e+00,0.000000000000000000e+00,0.000000000000000000e+00
-1.789440363645553589e-01,-1.122564300894737244e-01,8.280138969421386719e-01,-3.901668265461921692e-02,4.508552327752113342e-02,2.749208807945251465e-01,9.596163630485534668e-01,-1.588723361492156982e-01,1.087110862135887146e-01,2.651384174823760986e-01,2.124046385288238525e-01,-2.461730241775512695e-01,1.066320091485977173e-01,3.729127813130617142e-03,-2.242719382047653198e-01,-2.900919318199157715e-01,6.385173201560974121e-01,7.046150416135787964e-02,5.870940163731575012e-02,8.554758876562118530e-02,7.110773120075464249e-03,1.434634327888488770e-01,-1.552266329526901245e-01,4.975468218326568604e-01,-3.907595872879028320e-01,1.364322900772094727e+00,3.690480887889862061e-01,-1.457942724227905273e-01,4.466081783175468445e-02,0.000000000000000000e+00,0.000000000000000000e+00,0.000000000000000000e+00,0.000000000000000000e+00,0.000000000000000000e+00,0.000000000000000000e+00,0.000000000000000000e+00,-1.408139169216156006e-01,-4.863871335983276367e-01,6.021782755851745605e-01,9.206118583679199219e-01,-2.219119668006896973e-01,-1.372724473476409912e-01,-4.500749707221984863e-02,0.000000000000000000e+00,0.000000000000000000e+00,0.000000000000000000e+00,0.000000000000000000e+00,0.000000000000000000e+00,0.000000000000000000e+00,0.000000000000000000e+00
-1.676495969295501709e-01,-9.220302850008010864e-02,8.302522897720336914e-01,-4.652136564254760742e-02,3.399972617626190186e-02,2.940810024738311768e-01,9.540420174598693848e-01,-1.046182364225387573e-01,1.022498533129692078e-01,2.321435064077377319e-01,1.878644078969955444e-01,-2.664618194103240967e-01,1.088914349675178528e-01,-5.484675988554954529e-02,-2.083631604909896851e-01,-2.979954779148101807e-01,7.410129904747009277e-01,2.663026005029678345e-02,4.178809747099876404e-02,4.636321216821670532e-02,2.496986836194992065e-02,1.428401172161102295e-01,-1.964739710092544556e-01,4.872203767299652100e-01,-4.022664427757263184e-01,1.354950785636901855e+00,3.687018752098083496e-01,-1.438787579536437988e-01,5.093045160174369812e-02,0.000000000000000000e+00,0.000000000000000000e+00,0.000000000000000000e+00,0.000000000000000000e+00,0.000000000000000000e+00,0.000000000000000000e+00,0.000000000000000000e+00,-1.233788058161735535e-01,-4.720797538757324219e-01,5.911844968795776367e-01,9.679684638977050781e-01,-2.313897758722305298e-01,-1.302918046712875366e-01,-3.407285362482070923e-02,0.000000000000000000e+00,0.000000000000000000e+00,0.000000000000000000e+00,0.000000000000000000e+00,0.000000000000000000e+00,0.000000000000000000e+00,0.000000000000000000e+00
-1.565052270889282227e-01,-7.376622408628463745e-02,8.316894769668579102e-01,-5.009592324495315552e-02,2.394533157348632812e-02,3.179505765438079834e-01,9.464800357818603516e-01,-5.031906813383102417e-02,8.964245766401290894e-02,1.889510899782180786e-01,1.572705060243606567e-01,-2.773059010505676270e-01,1.049080789089202881e-01,-1.258773952722549438e-01,-1.805945634841918945e-01,-2.849598824977874756e-01,8.046284317970275879e-01,-2.762424387037754059e-02,3.023641556501388550e-02,-2.575563965365290642e-03,3.794744610786437988e-02,1.448554545640945435e-01,-2.440408915281295776e-01,4.759583175182342529e-01,-4.205293953418731689e-01,1.336391448974609375e+00,3.618761301040649414e-01,-1.432435214519500732e-01,5.838489532470703125e-02,0.000000000000000000e+00,0.000000000000000000e+00,0.000000000000000000e+00,0.000000000000000000e+00,0.000000000000000000e+00,0.000000000000000000e+00,0.000000000000000000e+00,-1.068429350852966309e-01,-4.621080756187438965e-01,5.767570137977600098e-01,1.015618681907653809e+00,-2.303493320941925049e-01,-1.235689669847488403e-01,-1.933352649211883545e-02,0.000000000000000000e+00,0.000000000000000000e+00,0.000000000000000000e+00,0.000000000000000000e+00,0.000000000000000000e+00,0.000000000000000000e+00,0.000000000000000000e+00
-1.455503553152084351e-01,-5.625883862376213074e-02,8.315505981445312500e-01,-4.924065992236137390e-02,1.659598015248775482e-02,3.371185064315795898e-01,9.400271773338317871e-01,1.736288075335323811e-03,7.214986532926559448e-02,1.468842476606369019e-01,1.284189522266387939e-01,-2.865206003189086914e-01,9.771538525819778442e-02,-1.883080750703811646e-01,-1.571917533874511719e-01,-2.824884951114654541e-01,8.118888139724731445e-01,-6.596688926219940186e-02,2.373073995113372803e-02,-4.537534713745117188e-02,3.855507448315620422e-02,1.493005752563476562e-01,-2.969641983509063721e-01,4.645676612854003906e-01,-4.367728829383850098e-01,1.319102883338928223e+00,3.507449030876159668e-01,-1.467002630233764648e-01,6.531931459903717041e-02,0.000000000000000000e+00,0.000000000000000000e+00,0.000000000000000000e+00,0.000000000000000000e+00,0.000000000000000000e+00,0.000000000000000000e+00,0.000000000000000000e+00,-8.771485835313796997e-02,-4.494335651397705078e-01,5.622733235359191895e-01,1.051257491111755371e+00,-2.145199328660964966e-01,-1.210938096046447754e-01,-1.064546871930360794e-02,0.000000000000000000e+00,0.000000000000000000e+00,0.000000000000000000e+00,0.000000000000000000e+00,0.000000000000000000e+00,0.000000000000000000e+00,0.000000000000000000e+00
-1.341824233531951904e-01,-3.951543197035789490e-02,8.308709263801574707e-01,-4.747985675930976868e-02,8.314497768878936768e-03,3.630052208900451660e-01,9.305394887924194336e-01,4.918976128101348877e-02,5.956509336829185486e-02,1.050850749015808105e-01,1.107022687792778015e-01,-2.936075329780578613e-01,8.692483603954315186e-02,-2.401345074176788330e-01,-1.380522698163986206e-01,-2.874846160411834717e-01,7.894648909568786621e-01,-9.405946731567382812e-02,2.314623259007930756e-02,-9.228461235761642456e-02,3.359677642583847046e-02,1.558787673711776733e-01,-3.469164073467254639e-01,4.506936371326446533e-01,-4.575157761573791504e-01,1.289386868476867676e+00,3.356666564941406250e-01,-1.537591367959976196e-01,6.444919109344482422e-02,0.000000000000000000e+00,0.000000000000000000e+00,0.000000000000000000e+00,0.000000000000000000e+00,0.000000000000000000e+00,0.000000000000000000e+00,0.000000000000000000e+00,-6.583166867494583130e-02,-4.431329071521759033e-01,5.375362634658813477e-01,1.073892593383789062e+00,-1.863976866006851196e-01,-1.207592412829399109e-01,8.520843461155891418e-03,0.000000000000000000e+00,0.000000000000000000e+00,0.000000000000000000e+00,0.000000000000000000e+00,0.000000000000000000e+00,0.000000000000000000e+00,0.000000000000000000e+00
-1.222938820719718933e-01,-2.285658381879329681e-02,8.292845487594604492e-01,-4.293993487954139709e-02,1.659408677369356155e-03,3.861240744590759277e-01,9.214453697204589844e-01,9.574656188488006592e-02,4.511650651693344116e-02,6.606056541204452515e-02,9.552593529224395752e-02,-2.989881932735443115e-01,7.564783841371536255e-02,-2.825818955898284912e-01,-1.285411417484283447e-01,-2.973742187023162842e-01,7.319968938827514648e-01,-1.066597774624824524e-01,2.616516686975955963e-02,-1.311130374670028687e-01,2.213552221655845642e-02,1.620361506938934326e-01,-3.995713591575622559e-01,4.387944638729095459e-01,-4.800419211387634277e-01,1.251933217048645020e+00,3.293033242225646973e-01,-1.653447300195693970e-01,6.169057264924049377e-02,0.000000000000000000e+00,0.000000000000000000e+00,0.000000000000000000e+00,0.000000000000000000e+00,0.000000000000000000e+00,0.000000000000000000e+00,0.000000000000000000e+00,-4.761867225170135498e-02,-4.396681189537048340e-01,5.194340944290161133e-01,1.092218995094299316e+00,-1.708994209766387939e-01,-1.233447715640068054e-01,2.389787323772907257e-02,0.000000000000000000e+00,0.000000000000000000e+00,0.000000000000000000e+00,0.000000000000000000e+00,0.000000000000000000e+00,0.000000000000000000e+00,0.000000000000000000e+00
-1.093715131282806396e-01,-5.871883593499660492e-03,8.264504075050354004e-01,-3.694172576069831848e-02,-2.316876780241727829e-03,4.110318422317504883e-01,9.108692407608032227e-01,1.374302953481674194e-01,2.937972918152809143e-02,2.172781154513359070e-02,8.462437242269515991e-02,-3.070490658283233643e-01,6.674422323703765869e-02,-3.161355555057525635e-01,-1.175161525607109070e-01,-3.002232611179351807e-01,6.393859982490539551e-01,-1.057671606540679932e-01,3.776292502880096436e-02,-1.741627007722854614e-01,6.423660088330507278e-03,1.693706065416336060e-01,-4.467213451862335205e-01,4.276638627052307129e-01,-5.082556605339050293e-01,1.207835435867309570e+00,3.346310555934906006e-01,-1.727811545133590698e-01,6.122200191020965576e-02,0.000000000000000000e+00,0.000000000000000000e+00,0.000000000000000000e+00,0.000000000000000000e+00,0.000000000000000000e+00,0.000000000000000000e+00,0.000000000000000000e+00,-2.965986542403697968e-02,-4.413254559040069580e-01,4.945893585681915283e-01,1.105142354965209961e+00,-1.524091809988021851e-01,-1.232056915760040283e-01,3.199876472353935242e-02,0.000000000000000000e+00,0.000000000000000000e+00,0.000000000000000000e+00,0.000000000000000000e+00,0.000000000000000000e+00,0.000000000000000000e+00,0.000000000000000000e+00
-9.508796781301498413e-02,1.190657168626785278e-02,8.225708007812500000e-01,-3.013819456100463867e-02,-4.674530122429132462e-03,4.404842555522918701e-01,8.972421288490295410e-01,1.783791780471801758e-01,1.581756584346294403e-02,-2.661482244729995728e-02,7.344268262386322021e-02,-3.167350888252258301e-01,5.572783201932907104e-02,-3.442346453666687012e-01,-1.033808514475822449e-01,-2.817282080650329590e-01,5.275944471359252930e-01,-8.828442543745040894e-02,5.508249998092651367e-02,-2.209012806415557861e-01,-1.008059922605752945e-02,1.759553700685501099e-01,-4.955834746360778809e-01,4.109450578689575195e-01,-5.398223400115966797e-01,1.155979037284851074e+00,3.453422784805297852e-01,-1.817018836736679077e-01,5.838698148727416992e-02,0.000000000000000000e+00,0.000000000000000000e+00,0.000000000000000000e+00,0.000000000000000000e+00,0.000000000000000000e+00,0.000000000000000000e+00,0.000000000000000000e+00,-1.235580909997224808e-02,-4.382954835891723633e-01,4.684032201766967773e-01,1.126922011375427246e+00,-1.370330750942230225e-01,-1.221011802554130554e-01,3.724452108144760132e-02,0.000000000000000000e+00,0.000000000000000000e+00,0.000000000000000000e+00,0.000000000000000000e+00,0.000000000000000000e+00,0.000000000000000000e+00,0.000000000000000000e+00
-7.945281267166137695e-02,3.092755563557147980e-02,8.175522685050964355e-01,-2.218651771545410156e-02,-4.632873460650444031e-03,4.665712714195251465e-01,8.841931819915771484e-01,2.174033820629119873e-01,1.293452340178191662e-03,-8.065507560968399048e-02,6.771787256002426147e-02,-3.286746740341186523e-01,5.208240821957588196e-02,-3.618565499782562256e-01,-9.905159473419189453e-02,-2.578539252281188965e-01,3.962154388427734375e-01,-6.439516693353652954e-02,7.629273086786270142e-02,-2.580122053623199463e-01,-3.102303296327590942e-02,1.831773072481155396e-01,-5.420015454292297363e-01,3.985309600830078125e-01,-5.754432678222656250e-01,1.106156110763549805e+00,3.600473105907440186e-01,-1.901083141565322876e-01,5.346263945102691650e-02,0.000000000000000000e+00,0.000000000000000000e+00,0.000000000000000000e+00,0.000000000000000000e+00,0.000000000000000000e+00,0.000000000000000000e+00,0.000000000000000000e+00,1.715733560558874160e-05,-4.392895996570587158e-01,4.422093629837036133e-01,1.139176249504089355e+00,-1.169352307915687561e-01,-1.210929751396179199e-01,4.652939364314079285e-02,0.000000000000000000e+00,0.000000000000000000e+00,0.000000000000000000e+00,0.000000000000000000e+00,0.000000000000000000e+00,0.000000000000000000e+00,0.000000000000000000e+00
-6.183709576725959778e-02,5.171171203255653381e-02,8.112589120864868164e-01,-1.362226158380508423e-02,-2.204252872616052628e-03,4.897481799125671387e-01,8.717547059059143066e-01,2.542384266853332520e-01,-1.204970479011535645e-02,-1.312176734209060669e-01,6.825976818799972534e-02,-3.389432430267333984e-01,4.582011327147483826e-02,-3.738375604152679443e-01,-9.736960381269454956e-02,-2.317146956920623779e-01,2.664491236209869385e-01,-4.739853367209434509e-02,9.382726997137069702e-02,-2.883732318878173828e-01,-4.490254446864128113e-02,1.818773597478866577e-01,-5.753973722457885742e-01,3.869798481464385986e-01,-6.073321700096130371e-01,1.063958644866943359e+00,3.778693377971649170e-01,-1.995608061552047729e-01,6.190610304474830627e-02,0.000000000000000000e+00,0.000000000000000000e+00,0.000000000000000000e+00,0.000000000000000000e+00,0.000000000000000000e+00,0.000000000000000000e+00,0.000000000000000000e+00,1.771105639636516571e-02,-4.422664642333984375e-01,4.279081523418426514e-01,1.148260951042175293e+00,-1.092975214123725891e-01,-1.194695085287094116e-01,4.759589955210685730e-02,0.000000000000000000e+00,0.000000000000000000e+00,0.000000000000000000e+00,0.000000000000000000e+00,0.000000000000000000e+00,0.000000000000000000e+00,0.000000000000000000e+00
-4.389625787734985352e-02,7.321789860725402832e-02,8.050348758697509766e-01,-6.575481500476598740e-03,1.127222203649580479e-03,5.077807307243347168e-01,8.614605069160461426e-01,2.892452478408813477e-01,-2.050854638218879700e-02,-1.803196072578430176e-01,6.864759325981140137e-02,-3.419639170169830322e-01,3.670506924390792847e-02,-3.795971572399139404e-01,-1.025648117065429688e-01,-2.009700536727905273e-01,1.667013466358184814e-01,-4.131556302309036255e-02,1.053913384675979614e-01,-3.081191480159759521e-01,-5.641588196158409119e-02,1.869502514600753784e-01,-6.018987894058227539e-01,3.772822320461273193e-01,-6.351056098937988281e-01,1.022446274757385254e+00,3.942432403564453125e-01,-2.054208070039749146e-01,7.160189002752304077e-02,0.000000000000000000e+00,0.000000000000000000e+00,0.000000000000000000e+00,0.000000000000000000e+00,0.000000000000000000e+00,0.000000000000000000e+00,0.000000000000000000e+00,2.801377885043621063e-02,-4.469237625598907471e-01,4.168651700019836426e-01,1.156470179557800293e+00,-1.104505062103271484e-01,-1.193656772375106812e-01,4.483437910676002502e-02,0.000000000000000000e+00,0.000000000000000000e+00,0.000000000000000000e+00,0.000000000000000000e+00,0.000000000000000000e+00,0.000000000000000000e+00,0.000000000000000000e+00
-2.557297423481941223e-02,9.510476887226104736e-02,7.994454503059387207e-01,-3.751170355826616287e-03,6.189504638314247131e-03,5.205617547035217285e-01,8.537933230400085449e-01,3.163969814777374268e-01,-2.155301347374916077e-02,-2.208485454320907593e-01,7.584046572446823120e-02,-3.405344784259796143e-01,2.969966642558574677e-02,-3.741042613983154297e-01,-1.077862754464149475e-01,-1.771016269922256470e-01,1.191073805093765259e-01,-4.710507020354270935e-02,1.076049059629440308e-01,-3.145979046821594238e-01,-6.120626255869865417e-02,1.893000900745391846e-01,-6.127339601516723633e-01,3.729152083396911621e-01,-6.558539867401123047e-01,9.816096425056457520e-01,4.037337601184844971e-01,-2.122194468975067139e-01,7.980556786060333252e-02,0.000000000000000000e+00,0.000000000000000000e+00,0.000000000000000000e+00,0.000000000000000000e+00,0.000000000000000000e+00,0.000000000000000000e+00,0.000000000000000000e+00,3.311121463775634766e-02,-4.545063078403472900e-01,4.066578447818756104e-01,1.157794594764709473e+00,-1.080565899610519409e-01,-1.222494170069694519e-01,3.930096328258514404e-02,0.000000000000000000e+00,0.000000000000000000e+00,0.000000000000000000e+00,0.000000000000000000e+00,0.000000000000000000e+00,0.000000000000000000e+00,0.000000000000000000e+00
-6.265895441174507141e-03,1.182070821523666382e-01,7.948477864265441895e-01,-6.821197457611560822e-03,9.730645455420017242e-03,5.357473492622375488e-01,8.442947268486022949e-01,3.407147228717803955e-01,-6.438922602683305740e-03,-2.578926086425781250e-01,9.327509254217147827e-02,-3.425116837024688721e-01,1.977157220244407654e-02,-3.463644087314605713e-01,-1.053146049380302429e-01,-1.766380816698074341e-01,1.207831129431724548e-01,-5.466256290674209595e-02,9.912981092929840088e-02,-3.248854875564575195e-01,-5.543675273656845093e-02,1.772285103797912598e-01,-5.961100459098815918e-01,3.682561218738555908e-01,-6.719925403594970703e-01,9.580905437469482422e-01,4.090202748775482178e-01,-2.189904004335403442e-01,8.267094194889068604e-02,0.000000000000000000e+00,0.000000000000000000e+00,0.000000000000000000e+00,0.000000000000000000e+00,0.000000000000000000e+00,0.000000000000000000e+00,0.000000000000000000e+00,5.424985289573669434e-02,-4.621427655220031738e-01,4.032412469387054443e-01,1.153931617736816406e+00,-1.043686568737030029e-01,-1.282437592744827271e-01,3.258287906646728516e-02,0.000000000000000000e+00,0.000000000000000000e+00,0.000000000000000000e+00,0.000000000000000000e+00,0.000000000000000000e+00,0.000000000000000000e+00,0.000000000000000000e+00
1.122583728283643723e-02,1.390120834112167358e-01,7.935543656349182129e-01,-1.311119366437196732e-02,2.273451164364814758e-02,5.395617485046386719e-01,8.415368795394897461e-01,3.292713463306427002e-01,-6.091675022616982460e-04,-2.563633620738983154e-01,1.294519305229187012e-01,-2.951722443103790283e-01,-2.878373255953192711e-03,-3.456433117389678955e-01,-1.054809093475341797e-01,-1.746816337108612061e-01,1.583239436149597168e-01,-4.535025358200073242e-02,7.941621541976928711e-02,-3.147867918014526367e-01,-4.108824580907821655e-02,1.635227203369140625e-01,-5.758124589920043945e-01,3.741341531276702881e-01,-6.725651025772094727e-01,9.241825342178344727e-01,4.005063474178314209e-01,-2.233126908540725708e-01,7.277548313140869141e-02,0.000000000000000000e+00,0.000000000000000000e+00,0.000000000000000000e+00,0.000000000000000000e+00,0.000000000000000000e+00,0.000000000000000000e+00,0.000000000000000000e+00,4.855712130665779114e-02,-4.803857803344726562e-01,3.920982480049133301e-01,1.135503053665161133e+00,-8.772728592157363892e-02,-1.344183385372161865e-01,3.370256721973419189e-02,0.000000000000000000e+00,0.000000000000000000e+00,0.000000000000000000e+00,0.000000000000000000e+00,0.000000000000000000e+00,0.000000000000000000e+00,0.000000000000000000e+00
2.931433543562889099e-02,1.606202721595764160e-01,7.957247495651245117e-01,-2.263302914798259735e-02,2.967791259288787842e-02,5.424669981002807617e-01,8.392475843429565430e-01,3.138212561607360840e-01,1.959815621376037598e-02,-2.487115114927291870e-01,1.956359297037124634e-01,-1.468950808048248291e-01,-6.616073101758956909e-02,-3.326551020145416260e-01,-9.734613448381423950e-02,-1.908722966909408569e-01,1.995514333248138428e-01,-5.236316844820976257e-02,4.789448902010917664e-02,-3.004712760448455811e-01,-1.867377571761608124e-02,1.419516950845718384e-01,-5.369673371315002441e-01,3.842668235301971436e-01,-6.753364205360412598e-01,9.104731082916259766e-01,3.848311603069305420e-01,-2.253470271825790405e-01,5.587087944149971008e-02,0.000000000000000000e+00,0.000000000000000000e+00,0.000000000000000000e+00,0.000000000000000000e+00,0.000000000000000000e+00,0.000000000000000000e+00,0.000000000000000000e+00,5.161052942276000977e-02,-4.982304275035858154e-01,3.922383189201354980e-01,1.111457586288452148e+00,-7.473006844520568848e-02,-1.372987776994705200e-01,3.485402837395668030e-02,0.000000000000000000e+00,0.000000000000000000e+00,0.000000000000000000e+00,0.000000000000000000e+00,0.000000000000000000e+00,0.000000000000000000e+00,0.000000000000000000e+00
4.758161306381225586e-02,1.821269989013671875e-01,8.015530705451965332e-01,-2.487038262188434601e-02,3.709674626588821411e-02,5.362931489944458008e-01,8.428493142127990723e-01,2.810222208499908447e-01,2.222206816077232361e-02,-2.215021252632141113e-01,2.794614732265472412e-01,-6.264001131057739258e-03,-1.175671145319938660e-01,-3.192207217216491699e-01,-9.018557518720626831e-02,-1.912099868059158325e-01,2.244774550199508667e-01,-7.555692642927169800e-02,2.064130641520023346e-02,-2.713137865066528320e-01,-8.289143443107604980e-03,1.167342811822891235e-01,-4.818638563156127930e-01,4.016096591949462891e-01,-6.705968379974365234e-01,9.070420861244201660e-01,3.710233867168426514e-01,-2.260177880525588989e-01,3.858787938952445984e-02,0.000000000000000000e+00,0.000000000000000000e+00,0.000000000000000000e+00,0.000000000000000000e+00,0.000000000000000000e+00,0.000000000000000000e+00,0.000000000000000000e+00,5.119234323501586914e-02,-5.235769748687744141e-01,3.995728492736816406e-01,1.072443723678588867e+00,-6.608230620622634888e-02,-1.385132521390914917e-01,3.611979633569717407e-02,0.000000000000000000e+00,0.000000000000000000e+00,0.000000000000000000e+00,0.000000000000000000e+00,0.000000000000000000e+00,0.000000000000000000e+00,0.000000000000000000e+00
6.627344340085983276e-02,2.043112218379974365e-01,8.075876832008361816e-01,-1.600906625390052795e-02,3.752281144261360168e-02,5.262668132781982422e-01,8.493403196334838867e-01,2.252828627824783325e-01,9.590356610715389252e-03,-1.757783591747283936e-01,4.217320084571838379e-01,9.761936217546463013e-02,-1.517234742641448975e-01,-2.740691304206848145e-01,-8.773366361856460571e-02,-1.767993718385696411e-01,2.311723381280899048e-01,-1.060582473874092102e-01,-8.294755592942237854e-03,-2.317917197942733765e-01,-2.028348110616207123e-02,1.015551090240478516e-01,-4.179016053676605225e-01,4.188709855079650879e-01,-6.580867171287536621e-01,9.264268279075622559e-01,3.623696565628051758e-01,-2.170004695653915405e-01,3.175291046500205994e-02,0.000000000000000000e+00,0.000000000000000000e+00,0.000000000000000000e+00,0.000000000000000000e+00,0.000000000000000000e+00,0.000000000000000000e+00,0.000000000000000000e+00,5.037403106689453125e-02,-5.445555448532104492e-01,4.176948964595794678e-01,1.031376004219055176e+00,-7.227084040641784668e-02,-1.364853829145431519e-01,3.539159521460533142e-02,0.000000000000000000e+00,0.000000000000000000e+00,0.000000000000000000e+00,0.000000000000000000e+00,0.000000000000000000e+00,0.000000000000000000e+00,0.000000000000000000e+00
8.450016379356384277e-02,2.253220528364181519e-01,8.127142190933227539e-01,-1.840754877775907516e-03,3.548838943243026733e-02,5.165814161300659180e-01,8.555003404617309570e-01,1.315967589616775513e-01,3.553321585059165955e-03,-9.487962722778320312e-02,6.016910076141357422e-01,1.193434447050094604e-01,-1.453356742858886719e-01,-2.123589366674423218e-01,-9.305537492036819458e-02,-1.556090414524078369e-01,2.199517637491226196e-01,-1.373347640037536621e-01,-2.162307314574718475e-02,-1.849811375141143799e-01,-4.352036491036415100e-02,9.935753792524337769e-02,-3.623395264148712158e-01,4.376918673515319824e-01,-6.350308060646057129e-01,9.565401077270507812e-01,3.500957489013671875e-01,-2.060163021087646484e-01,2.246964722871780396e-02,0.000000000000000000e+00,0.000000000000000000e+00,0.000000000000000000e+00,0.000000000000000000e+00,0.000000000000000000e+00,0.000000000000000000e+00,0.000000000000000000e+00,3.648565337061882019e-02,-5.663630962371826172e-01,4.425536394119262695e-01,9.865486025810241699e-01,-8.717222511768341064e-02,-1.319973468780517578e-01,3.429859876632690430e-02,0.000000000000000000e+00,0.000000000000000000e+00,0.000000000000000000e+00,0.000000000000000000e+00,0.000000000000000000e+00,0.000000000000000000e+00,0.000000000000000000e+00
1.019678711891174316e-01,2.448075413703918457e-01,8.179225921630859375e-01,1.322190649807453156e-02,3.512486815452575684e-02,5.116342306137084961e-01,8.583832383155822754e-01,1.004186831414699554e-02,2.146908640861511230e-02,-5.522484425455331802e-04,7.796698808670043945e-01,7.190879434347152710e-02,-9.596910327672958374e-02,-1.464622169733047485e-01,-1.067557930946350098e-01,-1.380666047334671021e-01,1.941531002521514893e-01,-1.588114649057388306e-01,-2.290722168982028961e-02,-1.393099278211593628e-01,-6.603426486253738403e-02,1.055944859981536865e-01,-3.169897496700286865e-01,4.554906785488128662e-01,-6.103554368019104004e-01,9.996989965438842773e-01,3.377564251422882080e-01,-1.921272724866867065e-01,6.470736581832170486e-03,0.000000000000000000e+00,0.000000000000000000e+00,0.000000000000000000e+00,0.000000000000000000e+00,0.000000000000000000e+00,0.000000000000000000e+00,0.000000000000000000e+00,1.641347631812095642e-02,-5.897421836853027344e-01,4.585993885993957520e-01,9.335428476333618164e-01,-8.781108260154724121e-02,-1.336223334074020386e-01,4.086795076727867126e-02,0.000000000000000000e+00,0.000000000000000000e+00,0.000000000000000000e+00,0.000000000000000000e+00,0.000000000000000000e+00,0.000000000000000000e+00,0.000000000000000000e+00
1.181600019335746765e-01,2.635305821895599365e-01,8.213168978691101074e-01,2.164460346102714539e-02,3.506334871053695679e-02,5.047479271888732910e-01,8.622828125953674316e-01,-9.816657751798629761e-02,4.365832358598709106e-02,7.128898054361343384e-02,8.980948925018310547e-01,-4.939241334795951843e-03,-4.288185387849807739e-02,-8.742698282003402710e-02,-1.090350970625877380e-01,-1.203332617878913879e-01,1.587310582399368286e-01,-1.701330542564392090e-01,-1.276184432208538055e-02,-9.549468010663986206e-02,-8.479935675859451294e-02,1.127742826938629150e-01,-2.713718712329864502e-01,4.732888936996459961e-01,-5.617767572402954102e-01,1.063501358032226562e+00,3.185722231864929199e-01,-1.764663755893707275e-01,4.672396244131959975e-06,0.000000000000000000e+00,0.000000000000000000e+00,0.000000000000000000e+00,0.000000000000000000e+00,0.000000000000000000e+00,0.000000000000000000e+00,0.000000000000000000e+00,-1.569863036274909973e-02,-6.150110363960266113e-01,4.741491675376892090e-01,8.822838068008422852e-01,-8.428868651390075684e-02,-1.390518099069595337e-01,4.416594281792640686e-02,0.000000000000000000e+00,0.000000000000000000e+00,0.000000000000000000e+00,0.000000000000000000e+00,0.000000000000000000e+00,0.000000000000000000e+00,0.000000000000000000e+00
1.333565264940261841e-01,2.826645076274871826e-01,8.244315981864929199e-01,3.032497316598892212e-02,3.449912741780281067e-02,4.944056868553161621e-01,8.680168390274047852e-01,-2.001921832561492920e-01,5.569399520754814148e-02,1.299159377813339233e-01,9.423071742057800293e-01,-7.532152533531188965e-02,9.741333196870982647e-04,-3.212784230709075928e-02,-1.150229722261428833e-01,-1.037889495491981506e-01,1.281140297651290894e-01,-1.707583516836166382e-01,2.382657956331968307e-03,-4.533153027296066284e-02,-1.041853800415992737e-01,1.183279827237129211e-01,-2.273952513933181763e-01,4.905380904674530029e-01,-5.073847770690917969e-01,1.132381081581115723e+00,2.929156720638275146e-01,-1.670990288257598877e-01,3.674910636618733406e-03,0.000000000000000000e+00,0.000000000000000000e+00,0.000000000000000000e+00,0.000000000000000000e+00,0.000000000000000000e+00,0.000000000000000000e+00,0.000000000000000000e+00,-4.570072516798973083e-02,-6.401359438896179199e-01,4.893232285976409912e-01,8.379523754119873047e-01,-7.508131861686706543e-02,-1.514578759670257568e-01,4.605406522750854492e-02,0.000000000000000000e+00,0.000000000000000000e+00,0.000000000000000000e+00,0.000000000000000000e+00,0.000000000000000000e+00,0.000000000000000000e+00,0.000000000000000000e+00
1.475890874862670898e-01,3.025317788124084473e-01,8.265342712402343750e-01,3.242402896285057068e-02,3.377975523471832275e-02,4.817407727241516113e-01,8.750619292259216309e-01,-2.753209471702575684e-01,7.074730843305587769e-02,1.726248413324356079e-01,8.895772695541381836e-01,-1.149982437491416931e-01,1.871203258633613586e-02,1.162645220756530762e-02,-1.121250689029693604e-01,-9.404000639915466309e-02,1.030720993876457214e-01,-1.612095981836318970e-01,1.953500322997570038e-02,2.388266846537590027e-03,-1.127793267369270325e-01,1.268870085477828979e-01,-1.882942318916320801e-01,5.118135809898376465e-01,-4.453259110450744629e-01,1.191305041313171387e+00,2.749753296375274658e-01,-1.660582274198532104e-01,1.677047088742256165e-02,0.000000000000000000e+00,0.000000000000000000e+00,0.000000000000000000e+00,0.000000000000000000e+00,0.000000000000000000e+00,0.000000000000000000e+00,0.000000000000000000e+00,-8.369415998458862305e-02,-6.655928492546081543e-01,5.012853741645812988e-01,7.954103946685791016e-01,-6.510290503501892090e-02,-1.637255698442459106e-01,4.152236133813858032e-02,0.000000000000000000e+00,0.000000000000000000e+00,0.000000000000000000e+00,0.000000000000000000e+00,0.000000000000000000e+00,0.000000000000000000e+00,0.000000000000000000e+00
1.614447236061096191e-01,3.237865269184112549e-01,8.273335695266723633e-01,3.107656538486480713e-02,2.984327636659145355e-02,4.662678837776184082e-01,8.835937380790710449e-01,-3.270115852355957031e-01,8.862629532814025879e-02,2.027189582586288452e-01,7.661280632019042969e-01,-1.159940883517265320e-01,1.533419359475374222e-02,5.525128915905952454e-02,-1.032712534070014954e-01,-9.275456517934799194e-02,8.261460065841674805e-02,-1.450152099132537842e-01,3.908954933285713196e-02,5.350077524781227112e-02,-1.142411381006240845e-01,1.377188563346862793e-01,-1.477644741535186768e-01,5.378572344779968262e-01,-3.836517035961151123e-01,1.241470575332641602e+00,2.626444697380065918e-01,-1.637796312570571899e-01,3.064197488129138947e-02,0.000000000000000000e+00,0.000000000000000000e+00,0.000000000000000000e+00,0.000000000000000000e+00,0.000000000000000000e+00,0.000000000000000000e+00,0.000000000000000000e+00,-1.242710724472999573e-01,-6.895497441291809082e-01,5.097170472145080566e-01,7.502577900886535645e-01,-5.072717741131782532e-02,-1.724455952644348145e-01,2.631708793342113495e-02,0.000000000000000000e+00,0.000000000000000000e+00,0.000000000000000000e+00,0.000000000000000000e+00,0.000000000000000000e+00,0.000000000000000000e+00,0.000000000000000000e+00
1.754612773656845093e-01,3.465700447559356689e-01,8.254255652427673340e-01,2.442241460084915161e-02,2.526451088488101959e-02,4.526061415672302246e-01,8.910179138183593750e-01,-3.590322136878967285e-01,1.063803955912590027e-01,2.217973023653030396e-01,5.995898842811584473e-01,-8.709722012281417847e-02,4.618602339178323746e-03,9.881619364023208618e-02,-8.456764370203018188e-02,-8.349956572055816650e-02,6.100841984152793884e-02,-1.397620290517807007e-01,5.479159206151962280e-02,1.006521359086036682e-01,-1.085722371935844421e-01,1.492748707532882690e-01,-1.126838847994804382e-01,5.655978918075561523e-01,-3.233277797698974609e-01,1.280409812927246094e+00,2.511565387248992920e-01,-1.599628776311874390e-01,3.868092969059944153e-02,0.000000000000000000e+00,0.000000000000000000e+00,0.000000000000000000e+00,0.000000000000000000e+00,0.000000000000000000e+00,0.000000000000000000e+00,0.000000000000000000e+00,-1.609293222427368164e-01,-7.127912640571594238e-01,5.130419731140136719e-01,7.036155462265014648e-01,-3.102170862257480621e-02,-1.778750717639923096e-01,1.226467732340097427e-02,0.000000000000000000e+00,0.000000000000000000e+00,0.000000000000000000e+00,0.000000000000000000e+00,0.000000000000000000e+00,0.000000000000000000e+00,0.000000000000000000e+00
1.898128092288970947e-01,3.708962202072143555e-01,8.217725157737731934e-01,1.392045058310031891e-02,2.092178165912628174e-02,4.403845071792602539e-01,8.974575400352478027e-01,-3.720595538616180420e-01,1.261489838361740112e-01,2.437295019626617432e-01,4.358070790767669678e-01,-5.509778112173080444e-02,-1.004838012158870697e-02,1.396834105253219604e-01,-6.055967509746551514e-02,-6.831920892000198364e-02,4.560690373182296753e-02,-1.420231759548187256e-01,6.870363652706146240e-02,1.379768103361129761e-01,-9.811829775571823120e-02,1.628462672233581543e-01,-8.157943934202194214e-02,5.920310020446777344e-01,-2.688060700893402100e-01,1.312104463577270508e+00,2.446982115507125854e-01,-1.487604677677154541e-01,4.408787563443183899e-02,0.000000000000000000e+00,0.000000000000000000e+00,0.000000000000000000e+00,0.000000000000000000e+00,0.000000000000000000e+00,0.000000000000000000e+00,0.000000000000000000e+00,-1.970621496438980103e-01,-7.321977615356445312e-01,5.100926756858825684e-01,6.622895002365112305e-01,-1.275399699807167053e-02,-1.759202331304550171e-01,-6.425937172025442123e-03,0.000000000000000000e+00,0.000000000000000000e+00,0.000000000000000000e+00,0.000000000000000000e+00,0.000000000000000000e+00,0.000000000000000000e+00,0.000000000000000000e+00
2.043109834194183350e-01,3.969834446907043457e-01,8.157194852828979492e-01,5.726651288568973541e-04,1.317215897142887115e-02,4.302967190742492676e-01,9.025912284851074219e-01,-3.699254393577575684e-01,1.562939137220382690e-01,2.689862549304962158e-01,2.640396058559417725e-01,-4.874298721551895142e-02,-2.597141638398170471e-02,1.853516250848770142e-01,-3.307990729808807373e-02,-7.503411173820495605e-02,3.468674048781394958e-02,-1.431258618831634521e-01,8.396019041538238525e-02,1.664960086345672607e-01,-7.644229382276535034e-02,1.716344505548477173e-01,-5.591115355491638184e-02,6.083669662475585938e-01,-2.227396816015243530e-01,1.340870141983032227e+00,2.287030816078186035e-01,-1.406450867652893066e-01,5.203149840235710144e-02,0.000000000000000000e+00,0.000000000000000000e+00,0.000000000000000000e+00,0.000000000000000000e+00,0.000000000000000000e+00,0.000000000000000000e+00,0.000000000000000000e+00,-2.305581271648406982e-01,-7.396156787872314453e-01,5.081469416618347168e-01,6.419492363929748535e-01,5.091178463771939278e-04,-1.711284667253494263e-01,-3.036373294889926910e-02,0.000000000000000000e+00,0.000000000000000000e+00,0.000000000000000000e+00,0.000000000000000000e+00,0.000000000000000000e+00,0.000000000000000000e+00,0.000000000000000000e+00
2.194624394178390503e-01,4.243136644363403320e-01,8.109055757522583008e-01,-6.674132309854030609e-03,1.019571721553802490e-02,4.207959175109863281e-01,9.070734977722167969e-01,-3.633414208889007568e-01,1.636041849851608276e-01,2.808147370815277100e-01,1.649555265903472900e-01,-5.041248723864555359e-02,-3.741594031453132629e-02,2.210197448730468750e-01,-2.435519173741340637e-02,-6.652840226888656616e-02,4.498817399144172668e-02,-1.503821313381195068e-01,9.001196920871734619e-02,1.899415105581283569e-01,-6.967258453369140625e-02,1.662229299545288086e-01,-2.779672667384147644e-02,6.218528151512145996e-01,-1.861213892698287964e-01,1.365968108177185059e+00,2.087545543909072876e-01,-1.401999592781066895e-01,5.736960098147392273e-02,0.000000000000000000e+00,0.000000000000000000e+00,0.000000000000000000e+00,0.000000000000000000e+00,0.000000000000000000e+00,0.000000000000000000e+00,0.000000000000000000e+00,-2.475727945566177368e-01,-7.532691955566406250e-01,5.109809041023254395e-01,6.190718412399291992e-01,8.101535961031913757e-03,-1.805590540170669556e-01,-4.139431193470954895e-02,0.000000000000000000e+00,0.000000000000000000e+00,0.000000000000000000e+00,0.000000000000000000e+00,0.000000000000000000e+00,0.000000000000000000e+00,0.000000000000000000e+00
2.345517873764038086e-01,4.513936936855316162e-01,8.061456084251403809e-01,-1.430630777031183243e-02,1.034885458648204803e-02,4.172457456588745117e-01,9.086221456527709961e-01,-3.474964201450347900e-01,1.617378294467926025e-01,2.786004543304443359e-01,1.134312897920608521e-01,-5.280035734176635742e-02,-3.749710693955421448e-02,2.460763156414031982e-01,-1.709670200943946838e-02,-4.966774955391883850e-02,6.819418072700500488e-02,-1.551671326160430908e-01,9.774112701416015625e-02,1.975843310356140137e-01,-6.472466140985488892e-02,1.554733365774154663e-01,-3.547657281160354614e-03,6.286416053771972656e-01,-1.473637670278549194e-01,1.388404011726379395e+00,1.909955143928527832e-01,-1.383735388517379761e-01,6.640467047691345215e-02,0.000000000000000000e+00,0.000000000000000000e+00,0.000000000000000000e+00,0.000000000000000000e+00,0.000000000000000000e+00,0.000000000000000000e+00,0.000000000000000000e+00,-2.584925293922424316e-01,-7.587797045707702637e-01,5.077462196350097656e-01,5.956725478172302246e-01,1.057500764727592468e-02,-1.881169378757476807e-01,-5.017794296145439148e-02,0.000000000000000000e+00,0.000000000000000000e+00,0.000000000000000000e+00,0.000000000000000000e+00,0.000000000000000000e+00,0.000000000000000000e+00,0.000000000000000000e+00
2.496434301137924194e-01,4.786495864391326904e-01,8.043034076690673828e-01,-1.933109946548938751e-02,1.501593459397554398e-02,4.144770503044128418e-01,9.097304940223693848e-01,-3.292324542999267578e-01,1.498548239469528198e-01,2.637473642826080322e-01,1.197254508733749390e-01,-3.430972620844841003e-02,-2.990966849029064178e-02,2.523513138294219971e-01,-1.931190490722656250e-02,-3.332420811057090759e-02,1.182563304901123047e-01,-1.395039707422256470e-01,1.008614674210548401e-01,2.003454118967056274e-01,-6.702835112810134888e-02,1.343182027339935303e-01,2.078800648450851440e-02,6.311698555946350098e-01,-1.182978823781013489e-01,1.404602646827697754e+00,1.901454478502273560e-01,-1.341011077165603638e-01,7.641360908746719360e-02,0.000000000000000000e+00,0.000000000000000000e+00,0.000000000000000000e+00,0.000000000000000000e+00,0.000000000000000000e+00,0.000000000000000000e+00,0.000000000000000000e+00,-2.555248737335205078e-01,-7.574372887611389160e-01,5.060906410217285156e-01,5.816398859024047852e-01,1.027307473123073578e-02,-1.943556219339370728e-01,-5.237249284982681274e-02,0.000000000000000000e+00,0.000000000000000000e+00,0.000000000000000000e+00,0.000000000000000000e+00,0.000000000000000000e+00,0.000000000000000000e+00,0.000000000000000000e+00
2.646419703960418701e-01,5.060280561447143555e-01,8.049089312553405762e-01,-2.185514569282531738e-02,2.220059745013713837e-02,4.177164137363433838e-01,9.080432057380676270e-01,-3.079706132411956787e-01,1.309302300214767456e-01,2.449253648519515991e-01,1.491568982601165771e-01,-2.604424767196178436e-02,-1.035103574395179749e-02,2.378594428300857544e-01,-2.806074544787406921e-02,-2.072260342538356781e-02,2.048046886920928955e-01,-6.700752675533294678e-02,1.184232160449028015e-01,1.912341117858886719e-01,-7.534972578287124634e-02,1.091187670826911926e-01,3.943967074155807495e-02,6.203966736793518066e-01,-1.046675667166709900e-01,1.414477109909057617e+00,1.922548115253448486e-01,-1.265038996934890747e-01,7.905000448226928711e-02,0.000000000000000000e+00,0.000000000000000000e+00,0.000000000000000000e+00,0.000000000000000000e+00,0.000000000000000000e+00,0.000000000000000000e+00,0.000000000000000000e+00,-2.366134524345397949e-01,-7.463887929916381836e-01,5.023242235183715820e-01,5.723266601562500000e-01,1.176126580685377121e-02,-1.977943032979965210e-01,-4.800909385085105896e-02,0.000000000000000000e+00,0.000000000000000000e+00,0.000000000000000000e+00,0.000000000000000000e+00,0.000000000000000000e+00,0.000000000000000000e+00,0.000000000000000000e+00
2.790813148021697998e-01,5.337095260620117188e-01,8.083656430244445801e-01,-2.891101688146591187e-02,2.863934636116027832e-02,4.226554930210113525e-01,9.053763151168823242e-01,-2.885541319847106934e-01,1.160600408911705017e-01,2.141723185777664185e-01,1.651690900325775146e-01,-4.389841109514236450e-02,2.353574149310588837e-02,1.974224895238876343e-01,-3.470520302653312683e-02,-2.478771656751632690e-02,3.415898680686950684e-01,4.750837013125419617e-02,1.382853686809539795e-01,1.705367267131805420e-01,-7.926104962825775146e-02,8.435817062854766846e-02,4.091132432222366333e-02,6.084895133972167969e-01,-1.031485721468925476e-01,1.424192786216735840e+00,1.974558085203170776e-01,-1.185497567057609558e-01,7.658976316452026367e-02,0.000000000000000000e+00,0.000000000000000000e+00,0.000000000000000000e+00,0.000000000000000000e+00,0.000000000000000000e+00,0.000000000000000000e+00,0.000000000000000000e+00,-2.151174396276473999e-01,-7.254346609115600586e-01,5.012978315353393555e-01,5.632433295249938965e-01,2.437317045405507088e-03,-1.958967447280883789e-01,-3.568900749087333679e-02,0.000000000000000000e+00,0.000000000000000000e+00,0.000000000000000000e+00,0.000000000000000000e+00,0.000000000000000000e+00,0.000000000000000000e+00,0.000000000000000000e+00
2.934615910053253174e-01,5.616310834884643555e-01,8.152598142623901367e-01,-3.510881215333938599e-02,2.488540858030319214e-02,4.360612332820892334e-01,8.988874554634094238e-01,-2.478025704622268677e-01,1.092389374971389771e-01,1.860778182744979858e-01,1.716950833797454834e-01,-6.673683971166610718e-02,4.831670597195625305e-02,1.360138654708862305e-01,-2.958505786955356598e-02,-5.502249673008918762e-02,5.218032002449035645e-01,1.435994356870651245e-01,1.446186751127243042e-01,1.430934071540832520e-01,-6.617919355630874634e-02,7.090851664543151855e-02,2.988615818321704865e-02,5.898567438125610352e-01,-1.208908557891845703e-01,1.419544577598571777e+00,2.150499224662780762e-01,-1.146822869777679443e-01,7.281699776649475098e-02,0.000000000000000000e+00,0.000000000000000000e+00,0.000000000000000000e+00,0.000000000000000000e+00,0.000000000000000000e+00,0.000000000000000000e+00,0.000000000000000000e+00,-1.781430840492248535e-01,-7.053742408752441406e-01,4.985614418983459473e-01,5.662645101547241211e-01,-7.790253497660160065e-03,-1.911076456308364868e-01,-1.982958242297172546e-02,0.000000000000000000e+00,0.000000000000000000e+00,0.000000000000000000e+00,0.000000000000000000e+00,0.000000000000000000e+00,0.000000000000000000e+00,0.000000000000000000e+00
3.067162036895751953e-01,5.885203480720520020e-01,8.202849030494689941e-01,-4.111021384596824646e-02,1.491752266883850098e-02,4.490610361099243164e-01,8.924301862716674805e-01,-1.952150315046310425e-01,1.128266602754592896e-01,1.644507944583892822e-01,1.719017773866653442e-01,-9.863503277301788330e-02,6.694875657558441162e-02,3.736432641744613647e-02,-2.918016538023948669e-02,-9.362043440341949463e-02,7.218047976493835449e-01,1.826358437538146973e-01,1.295538395643234253e-01,1.020301058888435364e-01,-4.308620840311050415e-02,7.125926762819290161e-02,5.683242343366146088e-03,5.688474178314208984e-01,-1.576453745365142822e-01,1.407714128494262695e+00,2.340278178453445435e-01,-1.067227348685264587e-01,6.205777078866958618e-02,0.000000000000000000e+00,0.000000000000000000e+00,0.000000000000000000e+00,0.000000000000000000e+00,0.000000000000000000e+00,0.000000000000000000e+00,0.000000000000000000e+00,-1.519077718257904053e-01,-6.778881549835205078e-01,5.048645734786987305e-01,5.798578262329101562e-01,-3.860488533973693848e-02,-1.799509227275848389e-01,-2.400650875642895699e-03,0.000000000000000000e+00,0.000000000000000000e+00,0.000000000000000000e+00,0.000000000000000000e+00,0.000000000000000000e+00,0.000000000000000000e+00,0.000000000000000000e+00
3.184394836425781250e-01,6.139114499092102051e-01,8.228507637977600098e-01,-4.251934215426445007e-02,5.223213694989681244e-03,4.623132944107055664e-01,8.856812119483947754e-01,-1.429533213376998901e-01,1.100501269102096558e-01,1.457145661115646362e-01,1.733264923095703125e-01,-1.349555552005767822e-01,8.330626785755157471e-02,-7.635002583265304565e-02,-4.442863538861274719e-02,-1.445601880550384521e-01,8.933096528053283691e-01,1.368372589349746704e-01,8.784472197294235229e-02,5.987211316823959351e-02,-2.391055785119533539e-02,8.004896342754364014e-02,-4.039237275719642639e-02,5.454658269882202148e-01,-2.142217159271240234e-01,1.386006951332092285e+00,2.553060948848724365e-01,-1.006999388337135315e-01,4.998874664306640625e-02,0.000000000000000000e+00,0.000000000000000000e+00,0.000000000000000000e+00,0.000000000000000000e+00,0.000000000000000000e+00,0.000000000000000000e+00,0.000000000000000000e+00,-1.372480541467666626e-01,-6.503359079360961914e-01,5.156465768814086914e-01,6.193549036979675293e-01,-7.522527128458023071e-02,-1.680374294519424438e-01,1.406845171004533768e-02,0.000000000000000000e+00,0.000000000000000000e+00,0.000000000000000000e+00,0.000000000000000000e+00,0.000000000000000000e+00,0.000000000000000000e+00,0.000000000000000000e+00
3.297964930534362793e-01,6.380827426910400391e-01,8.242805004119873047e-01,-3.995918482542037964e-02,-6.163914222270250320e-03,4.764057099819183350e-01,8.782954216003417969e-01,-8.352417498826980591e-02,1.052889451384544373e-01,1.308515667915344238e-01,1.713042855262756348e-01,-1.646049320697784424e-01,8.261200040578842163e-02,-1.725685298442840576e-01,-5.581497773528099060e-02,-1.917947232723236084e-01,9.941997528076171875e-01,7.032009214162826538e-02,6.021014600992202759e-02,1.451167836785316467e-02,-1.219318434596061707e-02,9.504662454128265381e-02,-9.576147049665451050e-02,5.242671370506286621e-01,-2.738247811794281006e-01,1.348407864570617676e+00,2.828789353370666504e-01,-1.025629341602325439e-01,4.939062148332595825e-02,0.000000000000000000e+00,0.000000000000000000e+00,0.000000000000000000e+00,0.000000000000000000e+00,0.000000000000000000e+00,0.000000000000000000e+00,0.000000000000000000e+00,-1.201402992010116577e-01,-6.202204823493957520e-01,5.255135893821716309e-01,6.659391522407531738e-01,-1.011673361063003540e-01,-1.601024419069290161e-01,2.622375823557376862e-02,0.000000000000000000e+00,0.000000000000000000e+00,0.000000000000000000e+00,0.000000000000000000e+00,0.000000000000000000e+00,0.000000000000000000e+00,0.000000000000000000e+00
3.414773046970367432e-01,6.616415977478027344e-01,8.250939846038818359e-01,-3.797622770071029663e-02,-1.691925898194313049e-02,4.920462071895599365e-01,8.695757985115051270e-01,-2.645033411681652069e-02,1.038597151637077332e-01,1.120890676975250244e-01,1.683521568775177002e-01,-1.911015808582305908e-01,7.651846855878829956e-02,-2.483343183994293213e-01,-5.917463824152946472e-02,-2.213255912065505981e-01,1.027692675590515137e+00,2.456188388168811798e-02,5.426351353526115417e-02,-3.558786585927009583e-02,-4.860688000917434692e-03,1.111150607466697693e-01,-1.601382493972778320e-01,5.025486946105957031e-01,-3.426876664161682129e-01,1.305275559425354004e+00,3.048220276832580566e-01,-1.166472807526588440e-01,4.954692721366882324e-02,0.000000000000000000e+00,0.000000000000000000e+00,0.000000000000000000e+00,0.000000000000000000e+00,0.000000000000000000e+00,0.000000000000000000e+00,0.000000000000000000e+00,-9.257746487855911255e-02,-5.969372987747192383e-01,5.369991660118103027e-01,7.187963128089904785e-01,-1.180091276764869690e-01,-1.589731425046920776e-01,4.258133843541145325e-02,0.000000000000000000e+00,0.000000000000000000e+00,0.000000000000000000e+00,0.000000000000000000e+00,0.000000000000000000e+00,0.000000000000000000e+00,0.000000000000000000e+00
3.531517386436462402e-01,6.849677562713623047e-01,8.250231742858886719e-01,-3.480320051312446594e-02,-2.306343987584114075e-02,5.074071884155273438e-01,8.606943488121032715e-01,2.999501489102840424e-02,9.725733846426010132e-02,9.795047342777252197e-02,1.505256891250610352e-01,-2.121379673480987549e-01,7.099501788616180420e-02,-3.058827817440032959e-01,-7.744557410478591919e-02,-2.532298564910888672e-01,9.899083375930786133e-01,-5.904624704271554947e-03,5.339653044939041138e-02,-8.180580288171768188e-02,-1.065396796911954880e-02,1.246905252337455750e-01,-2.365687191486358643e-01,4.872329235076904297e-01,-4.013559222221374512e-01,1.259330153465270996e+00,3.207597434520721436e-01,-1.277940273284912109e-01,5.249585583806037903e-02,0.000000000000000000e+00,0.000000000000000000e+00,0.000000000000000000e+00,0.000000000000000000e+00,0.000000000000000000e+00,0.000000000000000000e+00,0.000000000000000000e+00,-6.714657694101333618e-02,-5.751985907554626465e-01,5.388782620429992676e-01,7.784229516983032227e-01,-1.294049322605133057e-01,-1.586718410253524780e-01,5.284994095563888550e-02,0.000000000000000000e+00,0.000000000000000000e+00,0.000000000000000000e+00,0.000000000000000000e+00,0.000000000000000000e+00,0.000000000000000000e+00,0.000000000000000000e+00
3.657193481922149658e-01,7.084183096885681152e-01,8.236607313156127930e-01,-3.093242458999156952e-02,-2.425225824117660522e-02,5.242279171943664551e-01,8.506703972816467285e-01,7.874029874801635742e-02,8.597631752490997314e-02,7.800048589706420898e-02,1.313564926385879517e-01,-2.298092693090438843e-01,6.085377931594848633e-02,-3.435159623622894287e-01,-1.001933664083480835e-01,-2.831053137779235840e-01,8.893607258796691895e-01,-2.400695532560348511e-02,5.677682533860206604e-02,-1.278486996889114380e-01,-2.146361209452152252e-02,1.387626677751541138e-01,-3.143313825130462646e-01,4.722372889518737793e-01,-4.608096778392791748e-01,1.204883337020874023e+00,3.317747116088867188e-01,-1.450185626745223999e-01,5.229134485125541687e-02,0.000000000000000000e+00,0.000000000000000000e+00,0.000000000000000000e+00,0.000000000000000000e+00,0.000000000000000000e+00,0.000000000000000000e+00,0.000000000000000000e+00,-3.919025883078575134e-02,-5.629906654357910156e-01,5.261610746383666992e-01,8.329312205314636230e-01,-1.299152076244354248e-01,-1.588395088911056519e-01,5.427357181906700134e-02,0.000000000000000000e+00,0.000000000000000000e+00,0.000000000000000000e+00,0.000000000000000000e+00,0.000000000000000000e+00,0.000000000000000000e+00,0.000000000000000000e+00
3.794840276241302490e-01,7.322103381156921387e-01,8.218209743499755859e-01,-2.473786287009716034e-02,-2.366312779486179352e-02,5.442800521850585938e-01,8.382048010826110840e-01,1.260911673307418823e-01,7.293993979692459106e-02,5.672619119286537170e-02,1.123240068554878235e-01,-2.356644421815872192e-01,4.641818627715110779e-02,-3.669526576995849609e-01,-1.213649362325668335e-01,-3.119457066059112549e-01,7.514863014221191406e-01,-1.786804944276809692e-02,6.546916067600250244e-02,-1.770626604557037354e-01,-3.591210767626762390e-02,1.480053216218948364e-01,-3.876805603504180908e-01,4.597947895526885986e-01,-5.100001096725463867e-01,1.143968939781188965e+00,3.379064798355102539e-01,-1.625803112983703613e-01,4.736693948507308960e-02,0.000000000000000000e+00,0.000000000000000000e+00,0.000000000000000000e+00,0.000000000000000000e+00,0.000000000000000000e+00,0.000000000000000000e+00,0.000000000000000000e+00,-8.573591709136962891e-03,-5.501085519790649414e-01,4.989220201969146729e-01,8.841626644134521484e-01,-1.208222955465316772e-01,-1.563552021980285645e-01,6.113426387310028076e-02,0.000000000000000000e+00,0.000000000000000000e+00,0.000000000000000000e+00,0.000000000000000000e+00,0.000000000000000000e+00,0.000000000000000000e+00,0.000000000000000000e+00
3.949106335639953613e-01,7.566851377487182617e-01,8.175307512283325195e-01,-1.276244036853313446e-02,-2.008087560534477234e-02,5.616946220397949219e-01,8.270024061203002930e-01,1.719686686992645264e-01,4.884970188140869141e-02,2.193117886781692505e-02,1.048460453748703003e-01,-2.429298162460327148e-01,3.571507334709167480e-02,-3.721724748611450195e-01,-1.385209262371063232e-01,-3.267383575439453125e-01,5.696185231208801270e-01,-4.030874464660882950e-03,7.829497009515762329e-02,-2.161536961793899536e-01,-5.681104212999343872e-02,1.559614390134811401e-01,-4.615040421485900879e-01,4.502093791961669922e-01,-5.509707927703857422e-01,1.085590362548828125e+00,3.409749269485473633e-01,-1.773759424686431885e-01,5.260319262742996216e-02,0.000000000000000000e+00,0.000000000000000000e+00,0.000000000000000000e+00,0.000000000000000000e+00,0.000000000000000000e+00,0.000000000000000000e+00,0.000000000000000000e+00,1.667559333145618439e-02,-5.479017496109008789e-01,4.719412922859191895e-01,9.274154901504516602e-01,-1.151183098554611206e-01,-1.528168767690658569e-01,6.250238418579101562e-02,0.000000000000000000e+00,0.000000000000000000e+00,0.000000000000000000e+00,0.000000000000000000e+00,0.000000000000000000e+00,0.000000000000000000e+00,0.000000000000000000e+00
4.122689962387084961e-01,7.819880843162536621e-01,8.115962743759155273e-01,6.217767368070781231e-04,-1.367409899830818176e-02,5.800241231918334961e-01,8.144842386245727539e-01,2.159269452095031738e-01,2.443421818315982819e-02,-1.582332141697406769e-02,9.785814583301544189e-02,-2.487432360649108887e-01,2.697860263288021088e-02,-3.677807748317718506e-01,-1.531452834606170654e-01,-3.123806715011596680e-01,3.690150082111358643e-01,1.717737503349781036e-02,9.997324645519256592e-02,-2.531801462173461914e-01,-8.035997301340103149e-02,1.628479659557342529e-01,-5.290185809135437012e-01,4.365085363388061523e-01,-5.901281833648681641e-01,1.029702186584472656e+00,3.459980785846710205e-01,-1.965591460466384888e-01,6.148757040500640869e-02,0.000000000000000000e+00,0.000000000000000000e+00,0.000000000000000000e+00,0.000000000000000000e+00,0.000000000000000000e+00,0.000000000000000000e+00,0.000000000000000000e+00,4.128183797001838684e-02,-5.472834110260009766e-01,4.436878263950347900e-01,9.622831344604492188e-01,-1.022818014025688171e-01,-1.541528403759002686e-01,6.557812541723251343e-02,0.000000000000000000e+00,0.000000000000000000e+00,0.000000000000000000e+00,0.000000000000000000e+00,0.000000000000000000e+00,0.000000000000000000e+00,0.000000000000000000e+00
4.311344027519226074e-01,8.083454966545104980e-01,8.031772375106811523e-01,1.670032925903797150e-02,-8.029571734368801117e-03,5.948087573051452637e-01,8.036536574363708496e-01,2.648187875747680664e-01,1.231565489433705807e-03,-5.952601134777069092e-02,9.435536712408065796e-02,-2.556326091289520264e-01,1.786531694233417511e-02,-3.592784702777862549e-01,-1.741052418947219849e-01,-3.002044558525085449e-01,1.861708611249923706e-01,2.348181605339050293e-02,1.169227883219718933e-01,-2.767555117607116699e-01,-9.837122261524200439e-02,1.682276129722595215e-01,-5.849078893661499023e-01,4.259312748908996582e-01,-6.253191828727722168e-01,9.698385000228881836e-01,3.484874665737152100e-01,-2.121904492378234863e-01,7.233075052499771118e-02,0.000000000000000000e+00,0.000000000000000000e+00,0.000000000000000000e+00,0.000000000000000000e+00,0.000000000000000000e+00,0.000000000000000000e+00,0.000000000000000000e+00,6.415938585996627808e-02,-5.450738668441772461e-01,4.153108000755310059e-01,1.002718687057495117e+00,-1.016103550791740417e-01,-1.507077664136886597e-01,5.739878863096237183e-02,0.000000000000000000e+00,0.000000000000000000e+00,0.000000000000000000e+00,0.000000000000000000e+00,0.000000000000000000e+00,0.000000000000000000e+00,0.000000000000000000e+00
4.507285058498382568e-01,8.354378938674926758e-01,7.951859831809997559e-01,2.380339242517948151e-02,-4.105462227016687393e-03,6.052363514900207520e-01,7.956792712211608887e-01,3.030934929847717285e-01,-4.100656951777637005e-05,-1.095813810825347900e-01,9.860507398843765259e-02,-2.615620493888854980e-01,1.890262123197317123e-03,-3.520551621913909912e-01,-1.797956079244613647e-01,-2.865726947784423828e-01,9.337368607521057129e-02,5.978209432214498520e-03,1.195180714130401611e-01,-2.968116700649261475e-01,-1.022788062691688538e-01,1.645487546920776367e-01,-6.190972924232482910e-01,4.166949689388275146e-01,-6.483462452888488770e-01,9.216145873069763184e-01,3.448043465614318848e-01,-2.223418205976486206e-01,7.397339493036270142e-02,0.000000000000000000e+00,0.000000000000000000e+00,0.000000000000000000e+00,0.000000000000000000e+00,0.000000000000000000e+00,0.000000000000000000e+00,0.000000000000000000e+00,8.700907975435256958e-02,-5.420987010002136230e-01,3.971251547336578369e-01,1.032393336296081543e+00,-1.034811064600944519e-01,-1.430969387292861938e-01,5.487839877605438232e-02,0.000000000000000000e+00,0.000000000000000000e+00,0.000000000000000000e+00,0.000000000000000000e+00,0.000000000000000000e+00,0.000000000000000000e+00,0.000000000000000000e+00
4.710060954093933105e-01,8.634629845619201660e-01,7.879800200462341309e-01,2.398743294179439545e-02,-1.295271096751093864e-03,6.157435178756713867e-01,7.875803709030151367e-01,3.395763635635375977e-01,1.375795342028141022e-02,-1.567248404026031494e-01,1.109851673245429993e-01,-2.767966091632843018e-01,-1.060489844530820847e-02,-3.286308050155639648e-01,-1.796242445707321167e-01,-2.908704280853271484e-01,7.229172438383102417e-02,-1.616522856056690216e-02,1.129871830344200134e-01,-3.146710395812988281e-01,-1.009473428130149841e-01,1.511861383914947510e-01,-6.233906149864196777e-01,4.043103158473968506e-01,-6.654841899871826172e-01,8.893287777900695801e-01,3.399683535099029541e-01,-2.309867143630981445e-01,7.060945779085159302e-02,0.000000000000000000e+00,0.000000000000000000e+00,0.000000000000000000e+00,0.000000000000000000e+00,0.000000000000000000e+00,0.000000000000000000e+00,0.000000000000000000e+00,1.160633489489555359e-01,-5.393753647804260254e-01,3.872884213924407959e-01,1.051207900047302246e+00,-1.014291346073150635e-01,-1.380619704723358154e-01,5.784629285335540771e-02,0.000000000000000000e+00,0.000000000000000000e+00,0.000000000000000000e+00,0.000000000000000000e+00,0.000000000000000000e+00,0.000000000000000000e+00,0.000000000000000000e+00
4.907789528369903564e-01,8.901212215423583984e-01,7.824366688728332520e-01,2.090123668313026428e-02,7.433763705193996429e-03,6.233337521553039551e-01,7.816411256790161133e-01,3.561912775039672852e-01,2.870104648172855377e-02,-1.747813671827316284e-01,1.339260935783386230e-01,-2.675967216491699219e-01,-2.288923971354961395e-02,-2.982072532176971436e-01,-1.844136863946914673e-01,-3.145976662635803223e-01,9.466202557086944580e-02,-1.893277093768119812e-02,9.004979580640792847e-02,-3.224055767059326172e-01,-9.659606963396072388e-02,1.338855624198913574e-01,-6.164005398750305176e-01,3.949150443077087402e-01,-6.787360906600952148e-01,8.655936717987060547e-01,3.357965946197509766e-01,-2.342911511659622192e-01,6.068900227546691895e-02,0.000000000000000000e+00,0.000000000000000000e+00,0.000000000000000000e+00,0.000000000000000000e+00,0.000000000000000000e+00,0.000000000000000000e+00,0.000000000000000000e+00,1.298606693744659424e-01,-5.426158308982849121e-01,3.759583532810211182e-01,1.062349081039428711e+00,-9.752757847309112549e-02,-1.368372589349746704e-01,6.157177314162254333e-02,0.000000000000000000e+00,0.000000000000000000e+00,0.000000000000000000e+00,0.000000000000000000e+00,0.000000000000000000e+00,0.000000000000000000e+00,0.000000000000000000e+00
5.097599625587463379e-01,9.148194193840026855e-01,7.824519276618957520e-01,1.271305698901414871e-02,2.056095562875270844e-02,6.188511848449707031e-01,7.851361632347106934e-01,3.345671594142913818e-01,4.472733289003372192e-02,-1.469569355249404907e-01,2.026754021644592285e-01,-1.676316708326339722e-01,-5.496019124984741211e-02,-3.010810613632202148e-01,-1.785075813531875610e-01,-3.198584020137786865e-01,1.476483196020126343e-01,-2.508142031729221344e-02,5.480645596981048584e-02,-3.099419176578521729e-01,-8.308968693017959595e-02,1.172653660178184509e-01,-6.031787395477294922e-01,3.989909291267395020e-01,-6.727402210235595703e-01,8.465827703475952148e-01,3.209284842014312744e-01,-2.296672016382217407e-01,3.941195458173751831e-02,0.000000000000000000e+00,0.000000000000000000e+00,0.000000000000000000e+00,0.000000000000000000e+00,0.000000000000000000e+00,0.000000000000000000e+00,0.000000000000000000e+00,1.107521653175354004e-01,-5.486866831779479980e-01,3.628894388675689697e-01,1.069233775138854980e+00,-9.228726476430892944e-02,-1.336569190025329590e-01,7.124333083629608154e-02,0.000000000000000000e+00,0.000000000000000000e+00,0.000000000000000000e+00,0.000000000000000000e+00,0.000000000000000000e+00,0.000000000000000000e+00,0.000000000000000000e+00
5.296124815940856934e-01,9.407721161842346191e-01,7.848979830741882324e-01,5.576938856393098831e-03,3.233060240745544434e-02,6.115373969078063965e-01,7.905350327491760254e-01,3.048083782196044922e-01,6.087386235594749451e-02,-1.281963139772415161e-01,2.910405695438385010e-01,-3.980679810047149658e-02,-1.007559299468994141e-01,-2.985636889934539795e-01,-1.661426126956939697e-01,-3.183609545230865479e-01,1.921354681253433228e-01,-5.485341697931289673e-02,1.716862432658672333e-02,-2.935481667518615723e-01,-7.187169790267944336e-02,9.392046928405761719e-02,-5.659431219100952148e-01,4.062906801700592041e-01,-6.695790886878967285e-01,8.478558063507080078e-01,3.146361410617828369e-01,-2.230883091688156128e-01,1.389462407678365707e-02,0.000000000000000000e+00,0.000000000000000000e+00,0.000000000000000000e+00,0.000000000000000000e+00,0.000000000000000000e+00,0.000000000000000000e+00,0.000000000000000000e+00,9.816110134124755859e-02,-5.551688671112060547e-01,3.626253902912139893e-01,1.066173315048217773e+00,-8.484376966953277588e-02,-1.272031217813491821e-01,7.618084549903869629e-02,0.000000000000000000e+00,0.000000000000000000e+00,0.000000000000000000e+00,0.000000000000000000e+00,0.000000000000000000e+00,0.000000000000000000e+00,0.000000000000000000e+00
5.499063134193420410e-01,9.674172401428222656e-01,7.912703156471252441e-01,7.136738859117031097e-03,3.572141379117965698e-02,6.018251180648803711e-01,7.977967262268066406e-01,2.631363570690155029e-01,6.634461879730224609e-02,-1.113461703062057495e-01,4.066205322742462158e-01,6.938847154378890991e-02,-1.375696957111358643e-01,-2.681630849838256836e-01,-1.486317366361618042e-01,-3.000316917896270752e-01,2.154130488634109497e-01,-9.199361503124237061e-02,-8.568956516683101654e-03,-2.703450620174407959e-01,-7.625721395015716553e-02,7.532101124525070190e-02,-5.095764398574829102e-01,4.144383966922760010e-01,-6.598833203315734863e-01,8.734932541847229004e-01,3.155322968959808350e-01,-2.156746089458465576e-01,1.013300288468599319e-02,0.000000000000000000e+00,0.000000000000000000e+00,0.000000000000000000e+00,0.000000000000000000e+00,0.000000000000000000e+00,0.000000000000000000e+00,0.000000000000000000e+00,9.347222000360488892e-02,-5.589644908905029297e-01,3.773399591445922852e-01,1.049710035324096680e+00,-8.467156440019607544e-02,-1.240130364894866943e-01,6.819500029087066650e-02,0.000000000000000000e+00,0.000000000000000000e+00,0.000000000000000000e+00,0.000000000000000000e+00,0.000000000000000000e+00,0.000000000000000000e+00,0.000000000000000000e+00
5.701687932014465332e-01,9.930795431137084961e-01,7.969262003898620605e-01,1.773919165134429932e-02,3.808469697833061218e-02,5.846995711326599121e-01,8.101612925529479980e-01,1.899906843900680542e-01,6.336619704961776733e-02,-6.924209743738174438e-02,5.646985173225402832e-01,1.152316853404045105e-01,-1.379560530185699463e-01,-2.223186343908309937e-01,-1.360653340816497803e-01,-2.611491084098815918e-01,2.171010076999664307e-01,-1.305799037218093872e-01,-2.858051471412181854e-02,-2.322277724742889404e-01,-9.623685479164123535e-02,6.838481873273849487e-02,-4.467348456382751465e-01,4.271367788314819336e-01,-6.463761925697326660e-01,9.109075665473937988e-01,3.248691260814666748e-01,-2.076254338026046753e-01,9.392336942255496979e-03,0.000000000000000000e+00,0.000000000000000000e+00,0.000000000000000000e+00,0.000000000000000000e+00,0.000000000000000000e+00,0.000000000000000000e+00,0.000000000000000000e+00,8.150032162666320801e-02,-5.645519495010375977e-01,3.960028290748596191e-01,1.020129084587097168e+00,-8.476921916007995605e-02,-1.251494884490966797e-01,5.915949493646621704e-02,0.000000000000000000e+00,0.000000000000000000e+00,0.000000000000000000e+00,0.000000000000000000e+00,0.000000000000000000e+00,0.000000000000000000e+00,0.000000000000000000e+00
5.901152491569519043e-01,1.016970753669738770e+00,8.016743063926696777e-01,3.162163868546485901e-02,3.909757733345031738e-02,5.638633966445922852e-01,8.243358135223388672e-01,8.515847474336624146e-02,6.472783535718917847e-02,-1.888943649828433990e-02,7.437647581100463867e-01,8.690773695707321167e-02,-9.929361194372177124e-02,-1.665007174015045166e-01,-1.265457123517990112e-01,-2.112085819244384766e-01,2.032730579376220703e-01,-1.634182184934616089e-01,-3.286761790513992310e-02,-1.784697324037551880e-01,-1.228199899196624756e-01,7.640082389116287231e-02,-3.870684802532196045e-01,4.424342811107635498e-01,-6.238920092582702637e-01,9.654050469398498535e-01,3.293840885162353516e-01,-1.943728625774383545e-01,3.531337482854723930e-03,0.000000000000000000e+00,0.000000000000000000e+00,0.000000000000000000e+00,0.000000000000000000e+00,0.000000000000000000e+00,0.000000000000000000e+00,0.000000000000000000e+00,6.327018886804580688e-02,-5.750467777252197266e-01,4.175567924976348877e-01,9.765079021453857422e-01,-8.901681005954742432e-02,-1.290714144706726074e-01,6.117029860615730286e-02,0.000000000000000000e+00,0.000000000000000000e+00,0.000000000000000000e+00,0.000000000000000000e+00,0.000000000000000000e+00,0.000000000000000000e+00,0.000000000000000000e+00
6.092694401741027832e-01,1.038922190666198730e+00,8.045685291290283203e-01,4.233098030090332031e-02,3.933137655258178711e-02,5.430907011032104492e-01,8.376834988594055176e-01,-2.572461776435375214e-02,7.572250813245773315e-02,2.820250391960144043e-02,8.775514364242553711e-01,1.127948984503746033e-02,-4.795983061194419861e-02,-1.149161309003829956e-01,-1.159403771162033081e-01,-1.627417206764221191e-01,1.878471374511718750e-01,-1.912937462329864502e-01,-3.044999577105045319e-02,-1.250070482492446899e-01,-1.453290581703186035e-01,8.379103243350982666e-02,-3.311029970645904541e-01,4.552742838859558105e-01,-5.924965739250183105e-01,1.031131863594055176e+00,3.288450241088867188e-01,-1.810857951641082764e-01,6.525177741423249245e-05,0.000000000000000000e+00,0.000000000000000000e+00,0.000000000000000000e+00,0.000000000000000000e+00,0.000000000000000000e+00,0.000000000000000000e+00,0.000000000000000000e+00,4.126703366637229919e-02,-5.885040760040283203e-01,4.373972117900848389e-01,9.277203679084777832e-01,-8.174702525138854980e-02,-1.373627483844757080e-01,6.134355068206787109e-02,0.000000000000000000e+00,0.000000000000000000e+00,0.000000000000000000e+00,0.000000000000000000e+00,0.000000000000000000e+00,0.000000000000000000e+00,0.000000000000000000e+00
6.276033520698547363e-01,1.059861063957214355e+00,8.072059750556945801e-01,5.013674497604370117e-02,4.098119586706161499e-02,5.215281248092651367e-01,8.507733345031738281e-01,-1.334867179393768311e-01,7.470289617776870728e-02,6.010316312313079834e-02,9.493360519409179688e-01,-7.018838822841644287e-02,-1.114404760301113129e-03,-6.314872205257415771e-02,-1.056378781795501709e-01,-1.127125844359397888e-01,1.554785519838333130e-01,-2.045089602470397949e-01,-2.016673423349857330e-02,-6.887912750244140625e-02,-1.640356481075286865e-01,9.195768833160400391e-02,-2.747586369514465332e-01,4.667415022850036621e-01,-5.482299327850341797e-01,1.113816142082214355e+00,3.122786283493041992e-01,-1.679343283176422119e-01,9.606696548871695995e-04,0.000000000000000000e+00,0.000000000000000000e+00,0.000000000000000000e+00,0.000000000000000000e+00,0.000000000000000000e+00,0.000000000000000000e+00,0.000000000000000000e+00,9.574588388204574585e-03,-6.089175939559936523e-01,4.597029685974121094e-01,8.740677237510681152e-01,-7.602052390575408936e-02,-1.476501524448394775e-01,6.237348169088363647e-02,0.000000000000000000e+00,0.000000000000000000e+00,0.000000000000000000e+00,0.000000000000000000e+00,0.000000000000000000e+00,0.000000000000000000e+00,0.000000000000000000e+00
6.452783346176147461e-01,1.080577492713928223e+00,8.086791038513183594e-01,5.508595705032348633e-02,4.058761522173881531e-02,4.982827305793762207e-01,8.643104434013366699e-01,-2.117477953433990479e-01,6.229709833860397339e-02,8.731573820114135742e-02,9.073085784912109375e-01,-1.268009692430496216e-01,2.463942579925060272e-02,-1.643184944987297058e-02,-9.536369889974594116e-02,-7.371582835912704468e-02,1.333198696374893188e-01,-2.113218307495117188e-01,-3.225475782528519630e-03,-1.713577285408973694e-02,-1.762362271547317505e-01,9.912044554948806763e-02,-2.121044397354125977e-01,4.816388785839080811e-01,-4.947367906570434570e-01,1.186941623687744141e+00,2.920479774475097656e-01,-1.571485847234725952e-01,6.660995073616504669e-03,0.000000000000000000e+00,0.000000000000000000e+00,0.000000000000000000e+00,0.000000000000000000e+00,0.000000000000000000e+00,0.000000000000000000e+00,0.000000000000000000e+00,-2.541947178542613983e-02,-6.319645047187805176e-01,4.783631861209869385e-01,8.210482597351074219e-01,-6.535826623439788818e-02,-1.595121920108795166e-01,6.108713522553443909e-02,0.000000000000000000e+00,0.000000000000000000e+00,0.000000000000000000e+00,0.000000000000000000e+00,0.000000000000000000e+00,0.000000000000000000e+00,0.000000000000000000e+00
6.629174947738647461e-01,1.101313591003417969e+00,8.087881803512573242e-01,5.521034821867942810e-02,3.747623041272163391e-02,4.724312424659729004e-01,8.788379430770874023e-01,-2.744908034801483154e-01,5.431691929697990417e-02,1.061889752745628357e-01,8.132181167602539062e-01,-1.455108821392059326e-01,4.091507196426391602e-02,2.823384851217269897e-02,-7.684279978275299072e-02,-3.555637970566749573e-02,1.128688305616378784e-01,-2.101422548294067383e-01,9.321740828454494476e-03,3.345301002264022827e-02,-1.778447329998016357e-01,1.092697009444236755e-01,-1.532417982816696167e-01,4.970755875110626221e-01,-4.270681738853454590e-01,1.258201479911804199e+00,2.816930115222930908e-01,-1.498720496892929077e-01,1.434845943003892899e-02,0.000000000000000000e+00,0.000000000000000000e+00,0.000000000000000000e+00,0.000000000000000000e+00,0.000000000000000000e+00,0.000000000000000000e+00,0.000000000000000000e+00,-6.889284402132034302e-02,-6.638419628143310547e-01,4.948041439056396484e-01,7.598590850830078125e-01,-5.908451229333877563e-02,-1.740852594375610352e-01,5.050076916813850403e-02,0.000000000000000000e+00,0.000000000000000000e+00,0.000000000000000000e+00,0.000000000000000000e+00,0.000000000000000000e+00,0.000000000000000000e+00,0.000000000000000000e+00
6.808106899261474609e-01,1.122741222381591797e+00,8.073632121086120605e-01,5.118095502257347107e-02,3.265057876706123352e-02,4.442508816719055176e-01,8.938431739807128906e-01,-3.144328594207763672e-01,5.429188907146453857e-02,1.234123930335044861e-01,6.636592745780944824e-01,-1.274671256542205811e-01,3.685003146529197693e-02,7.587960362434387207e-02,-5.313942953944206238e-02,-1.299817580729722977e-03,8.955841511487960815e-02,-2.083916813135147095e-01,2.336890436708927155e-02,8.365608006715774536e-02,-1.681283116340637207e-01,1.249464973807334900e-01,-9.600716084241867065e-02,5.184416770935058594e-01,-3.640859425067901611e-01,1.309840559959411621e+00,2.775847911834716797e-01,-1.437948793172836304e-01,1.511600241065025330e-02,0.000000000000000000e+00,0.000000000000000000e+00,0.000000000000000000e+00,0.000000000000000000e+00,0.000000000000000000e+00,0.000000000000000000e+00,0.000000000000000000e+00,-1.167172268033027649e-01,-6.968981027603149414e-01,5.002879500389099121e-01,6.909189820289611816e-01,-3.705301880836486816e-02,-1.809920817613601685e-01,2.650017291307449341e-02,0.000000000000000000e+00,0.000000000000000000e+00,0.000000000000000000e+00,0.000000000000000000e+00,0.000000000000000000e+00,0.000000000000000000e+00,0.000000000000000000e+00
6.995033621788024902e-01,1.144991636276245117e+00,8.031158447265625000e-01,4.182334616780281067e-02,2.750340104103088379e-02,4.212686419486999512e-01,9.055534601211547852e-01,-3.361935615539550781e-01,5.251321941614151001e-02,1.351391673088073730e-01,5.138219594955444336e-01,-1.062437444925308228e-01,2.398287318646907806e-02,1.220258772373199463e-01,-2.264378592371940613e-02,3.337015211582183838e-02,6.959307193756103516e-02,-2.156850546598434448e-01,3.543223813176155090e-02,1.211554259061813354e-01,-1.521848291158676147e-01,1.354412287473678589e-01,-4.075960442423820496e-02,5.395914912223815918e-01,-3.099863827228546143e-01,1.353469014167785645e+00,2.724717855453491211e-01,-1.447133868932723999e-01,4.128505010157823563e-03,0.000000000000000000e+00,0.000000000000000000e+00,0.000000000000000000e+00,0.000000000000000000e+00,0.000000000000000000e+00,0.000000000000000000e+00,0.000000000000000000e+00,-1.596699953079223633e-01,-7.392464280128479004e-01,4.989801347255706787e-01,6.137848496437072754e-01,9.161532856523990631e-03,-1.973781436681747437e-01,1.215230487287044525e-02,0.000000000000000000e+00,0.000000000000000000e+00,0.000000000000000000e+00,0.000000000000000000e+00,0.000000000000000000e+00,0.000000000000000000e+00,0.000000000000000000e+00
7.190174460411071777e-01,1.168438911437988281e+00,7.973046302795410156e-01,3.179981186985969543e-02,2.169201336801052094e-02,3.950600028038024902e-01,9.178484678268432617e-01,-3.483352065086364746e-01,5.503195524215698242e-02,1.399414092302322388e-01,3.641364574432373047e-01,-9.540075808763504028e-02,5.225046072155237198e-03,1.704353839159011841e-01,4.860653541982173920e-03,7.294476777315139771e-02,5.367815494537353516e-02,-2.284933030605316162e-01,4.501923173666000366e-02,1.557517200708389282e-01,-1.324707269668579102e-01,1.429225504398345947e-01,1.306506618857383728e-02,5.603216290473937988e-01,-2.511455714702606201e-01,1.387427210807800293e+00,2.677407562732696533e-01,-1.465533971786499023e-01,2.201683120802044868e-03,0.000000000000000000e+00,0.000000000000000000e+00,0.000000000000000000e+00,0.000000000000000000e+00,0.000000000000000000e+00,0.000000000000000000e+00,0.000000000000000000e+00,-1.981756687164306641e-01,-7.816133499145507812e-01,4.926206767559051514e-01,5.359770655632019043e-01,3.847047686576843262e-02,-2.114016115665435791e-01,-6.246253382414579391e-03,0.000000000000000000e+00,0.000000000000000000e+00,0.000000000000000000e+00,0.000000000000000000e+00,0.000000000000000000e+00,0.000000000000000000e+00,0.000000000000000000e+00
7.395688295364379883e-01,1.192780733108520508e+00,7.900208830833435059e-01,2.015038579702377319e-02,1.635922305285930634e-02,3.723959624767303467e-01,9.277109503746032715e-01,-3.466905355453491211e-01,5.835515633225440979e-02,1.363264471292495728e-01,2.098951488733291626e-01,-9.944859892129898071e-02,-1.209115702658891678e-02,2.199467569589614868e-01,3.073302842676639557e-02,1.105884909629821777e-01,3.987421467900276184e-02,-2.425664067268371582e-01,5.064113438129425049e-02,1.832857578992843628e-01,-1.055035963654518127e-01,1.479590684175491333e-01,5.816574394702911377e-02,5.828276276588439941e-01,-1.970845907926559448e-01,1.412976384162902832e+00,2.607318758964538574e-01,-1.527290642261505127e-01,5.475055892020463943e-03,0.000000000000000000e+00,0.000000000000000000e+00,0.000000000000000000e+00,0.000000000000000000e+00,0.000000000000000000e+00,0.000000000000000000e+00,0.000000000000000000e+00,-2.287662774324417114e-01,-8.212139606475830078e-01,4.866843223571777344e-01,4.707129299640655518e-01,5.842977389693260193e-02,-2.261095494031906128e-01,-2.371946349740028381e-02,0.000000000000000000e+00,0.000000000000000000e+00,0.000000000000000000e+00,0.000000000000000000e+00,0.000000000000000000e+00,0.000000000000000000e+00,0.000000000000000000e+00
7.632928490638732910e-01,1.220783591270446777e+00,7.833653092384338379e-01,2.157434821128845215e-02,1.588890329003334045e-02,3.351911604404449463e-01,9.417690634727478027e-01,-3.062186539173126221e-01,5.294188857078552246e-02,1.821914315223693848e-01,9.618546068668365479e-02,-1.185145378112792969e-01,-2.424784190952777863e-02,2.684674859046936035e-01,1.760142482817173004e-02,1.844909936189651489e-01,4.496543854475021362e-02,-2.690638601779937744e-01,6.363660842180252075e-02,2.397776991128921509e-01,-1.027972996234893799e-01,1.152341440320014954e-01,1.601557731628417969e-01,5.937202572822570801e-01,-1.422670036554336548e-01,1.419358372688293457e+00,2.501028180122375488e-01,-1.625698655843734741e-01,2.377703227102756500e-02,0.000000000000000000e+00,0.000000000000000000e+00,0.000000000000000000e+00,0.000000000000000000e+00,0.000000000000000000e+00,0.000000000000000000e+00,0.000000000000000000e+00,-1.976219713687896729e-01,-8.567240834236145020e-01,4.798137843608856201e-01,4.095401167869567871e-01,6.919521838426589966e-02,-2.488206177949905396e-01,-4.549875482916831970e-02,0.000000000000000000e+00,0.000000000000000000e+00,0.000000000000000000e+00,0.000000000000000000e+00,0.000000000000000000e+00,0.000000000000000000e+00,0.000000000000000000e+00
7.831419110298156738e-01,1.241460442543029785e+00,7.771953344345092773e-01,7.339984178543090820e-03,1.655710302293300629e-02,3.373720049858093262e-01,9.411971569061279297e-01,-3.326766192913055420e-01,5.624085664749145508e-02,1.375142782926559448e-01,8.385777473449707031e-02,-1.044906899333000183e-01,-2.284961566329002380e-02,2.898367345333099365e-01,4.409053176641464233e-02,1.726429462432861328e-01,6.229303777217864990e-02,-2.738645374774932861e-01,6.005994603037834167e-02,2.247983217239379883e-01,-8.959130942821502686e-02,1.200283095240592957e-01,1.374537646770477295e-01,6.227434873580932617e-01,-1.067838370800018311e-01,1.433781027793884277e+00,2.524955570697784424e-01,-1.452599614858627319e-01,2.980353124439716339e-02,0.000000000000000000e+00,0.000000000000000000e+00,0.000000000000000000e+00,0.000000000000000000e+00,0.000000000000000000e+00,0.000000000000000000e+00,0.000000000000000000e+00,-2.347643226385116577e-01,-8.597021102905273438e-01,4.609628021717071533e-01,3.878209590911865234e-01,6.177906319499015808e-02,-2.472154349088668823e-01,-5.511264503002166748e-02,0.000000000000000000e+00,0.000000000000000000e+00,0.000000000000000000e+00,0.000000000000000000e+00,0.000000000000000000e+00,0.000000000000000000e+00,0.000000000000000000e+00
8.054023981094360352e-01,1.264788269996643066e+00,7.744159102439880371e-01,5.586972460150718689e-03,2.013736404478549957e-02,3.243580758571624756e-01,9.457035064697265625e-01,-3.194564282894134521e-01,5.140563845634460449e-02,1.329310089349746704e-01,9.449439495801925659e-02,-9.825050830841064453e-02,-1.192339137196540833e-02,3.018791377544403076e-01,3.769034519791603088e-02,1.898790299892425537e-01,1.049542650580406189e-01,-2.526628375053405762e-01,7.941795885562896729e-02,2.238147109746932983e-01,-9.503639489412307739e-02,1.005807816982269287e-01,1.406237483024597168e-01,6.326248049736022949e-01,-8.070905506610870361e-02,1.444170355796813965e+00,2.587582170963287354e-01,-1.336163729429244995e-01,4.805384576320648193e-02,0.000000000000000000e+00,0.000000000000000000e+00,0.000000000000000000e+00,0.000000000000000000e+00,0.000000000000000000e+00,0.000000000000000000e+00,0.000000000000000000e+00,-2.362623959779739380e-01,-8.468100428581237793e-01,4.553946852684020996e-01,3.894234001636505127e-01,4.891300201416015625e-02,-2.418671399354934692e-01,-5.821102857589721680e-02,0.000000000000000000e+00,0.000000000000000000e+00,0.000000000000000000e+00,0.000000000000000000e+00,0.000000000000000000e+00,0.000000000000000000e+00,0.000000000000000000e+00
8.286951780319213867e-01,1.287862062454223633e+00,7.745418548583984375e-01,6.129608489573001862e-03,2.586882747709751129e-02,3.161344230175018311e-01,9.483418464660644531e-01,-2.996160984039306641e-01,4.011319205164909363e-02,1.188629865646362305e-01,1.192307025194168091e-01,-9.058798104524612427e-02,7.535861805081367493e-03,2.963592112064361572e-01,3.032464906573295593e-02,2.190130949020385742e-01,1.744422018527984619e-01,-1.899319440126419067e-01,1.147739887237548828e-01,2.174142450094223022e-01,-1.060462817549705505e-01,7.823435962200164795e-02,1.412041038274765015e-01,6.348693966865539551e-01,-7.710545510053634644e-02,1.442752122879028320e+00,2.708761990070343018e-01,-1.275491565465927124e-01,6.739678978919982910e-02,0.000000000000000000e+00,0.000000000000000000e+00,0.000000000000000000e+00,0.000000000000000000e+00,0.000000000000000000e+00,0.000000000000000000e+00,0.000000000000000000e+00,-2.205148190259933472e-01,-8.209320306777954102e-01,4.625233709812164307e-01,4.078067541122436523e-01,2.379523031413555145e-02,-2.365414947271347046e-01,-6.504937261343002319e-02,0.000000000000000000e+00,0.000000000000000000e+00,0.000000000000000000e+00,0.000000000000000000e+00,0.000000000000000000e+00,0.000000000000000000e+00,0.000000000000000000e+00
8.528094291687011719e-01,1.310394406318664551e+00,7.797343730926513672e-01,3.866518149152398109e-03,3.235904872417449951e-02,3.137804269790649414e-01,9.489361643791198730e-01,-2.708690762519836426e-01,2.928941510617733002e-02,1.027314886450767517e-01,1.316831409931182861e-01,-9.488202631473541260e-02,3.518928214907646179e-02,2.573417425155639648e-01,2.247043326497077942e-02,2.087629735469818115e-01,2.875216305255889893e-01,-7.137601077556610107e-02,1.657160520553588867e-01,1.980079114437103271e-01,-1.164681762456893921e-01,5.241838470101356506e-02,1.226921379566192627e-01,6.342962980270385742e-01,-8.932629227638244629e-02,1.445392370223999023e+00,2.829574048519134521e-01,-1.245742812752723694e-01,7.742676883935928345e-02,0.000000000000000000e+00,0.000000000000000000e+00,0.000000000000000000e+00,0.000000000000000000e+00,0.000000000000000000e+00,0.000000000000000000e+00,0.000000000000000000e+00,-1.958643049001693726e-01,-7.670372724533081055e-01,4.730360805988311768e-01,4.682067036628723145e-01,-6.992684211581945419e-03,-2.274450659751892090e-01,-6.509398669004440308e-02,0.000000000000000000e+00,0.000000000000000000e+00,0.000000000000000000e+00,0.000000000000000000e+00,0.000000000000000000e+00,0.000000000000000000e+00,0.000000000000000000e+00
8.781034350395202637e-01,1.332981705665588379e+00,7.882061600685119629e-01,-5.325989332050085068e-03,3.283448517322540283e-02,3.226096630096435547e-01,9.459474086761474609e-01,-2.293867766857147217e-01,3.612574934959411621e-02,8.004816621541976929e-02,1.386501193046569824e-01,-1.148258522152900696e-01,6.015808880329132080e-02,1.915801614522933960e-01,2.771263383328914642e-02,1.528734564781188965e-01,4.626445174217224121e-01,5.137664452195167542e-02,2.122998088598251343e-01,1.575983315706253052e-01,-9.912984818220138550e-02,3.944972157478332520e-02,8.772673457860946655e-02,6.250391602516174316e-01,-1.250938922166824341e-01,1.437909245491027832e+00,3.041772246360778809e-01,-1.229848861694335938e-01,6.547782570123672485e-02,0.000000000000000000e+00,0.000000000000000000e+00,0.000000000000000000e+00,0.000000000000000000e+00,0.000000000000000000e+00,0.000000000000000000e+00,0.000000000000000000e+00,-1.613575816154479980e-01,-7.126888632774353027e-01,4.769466817378997803e-01,5.508220791816711426e-01,-4.285130649805068970e-02,-2.082839906215667725e-01,-3.818260505795478821e-02,0.000000000000000000e+00,0.000000000000000000e+00,0.000000000000000000e+00,0.000000000000000000e+00,0.000000000000000000e+00,0.000000000000000000e+00,0.000000000000000000e+00
9.034782648086547852e-01,1.354877710342407227e+00,7.953833341598510742e-01,-1.743243262171745300e-02,2.560431696474552155e-02,3.340329229831695557e-01,9.420523047447204590e-01,-1.653041094541549683e-01,5.624764412641525269e-02,5.463053658604621887e-02,1.171870902180671692e-01,-1.399224698543548584e-01,6.943545490503311157e-02,9.873978048563003540e-02,2.857001498341560364e-02,6.814857572317123413e-02,6.638037562370300293e-01,1.193825602531433105e-01,2.172944694757461548e-01,1.107771843671798706e-01,-6.406249105930328369e-02,3.539682552218437195e-02,3.846273943781852722e-02,6.080292463302612305e-01,-1.658519059419631958e-01,1.419803977012634277e+00,3.120552897453308105e-01,-1.267300546169281006e-01,4.940164089202880859e-02,0.000000000000000000e+00,0.000000000000000000e+00,0.000000000000000000e+00,0.000000000000000000e+00,0.000000000000000000e+00,0.000000000000000000e+00,0.000000000000000000e+00,-1.231276988983154297e-01,-6.537545323371887207e-01,4.786194562911987305e-01,6.578054428100585938e-01,-7.911854982376098633e-02,-1.875136196613311768e-01,-9.455372346565127373e-04,0.000000000000000000e+00,0.000000000000000000e+00,0.000000000000000000e+00,0.000000000000000000e+00,0.000000000000000000e+00,0.000000000000000000e+00,0.000000000000000000e+00
9.279351830482482910e-01,1.375523209571838379e+00,8.002710938453674316e-01,-2.811499498784542084e-02,1.689462177455425262e-02,3.446316719055175781e-01,9.381647706031799316e-01,-1.032669097185134888e-01,7.952234148979187012e-02,2.944431081414222717e-02,1.003910228610038757e-01,-1.686759591102600098e-01,7.198056578636169434e-02,-3.670681035146117210e-03,3.258952056057751179e-04,-2.078149653971195221e-02,8.259181380271911621e-01,9.674666821956634521e-02,1.777012497186660767e-01,6.716432422399520874e-02,-2.608742751181125641e-02,4.958873242139816284e-02,-3.305074572563171387e-02,5.828684568405151367e-01,-2.338724881410598755e-01,1.387583851814270020e+00,3.277865052223205566e-01,-1.260426044464111328e-01,2.263703383505344391e-02,0.000000000000000000e+00,0.000000000000000000e+00,0.000000000000000000e+00,0.000000000000000000e+00,0.000000000000000000e+00,0.000000000000000000e+00,0.000000000000000000e+00,-9.549876302480697632e-02,-5.972076058387756348e-01,4.748627245426177979e-01,7.859681248664855957e-01,-1.168060675263404846e-01,-1.657937318086624146e-01,3.460150957107543945e-02,0.000000000000000000e+00,0.000000000000000000e+00,0.000000000000000000e+00,0.000000000000000000e+00,0.000000000000000000e+00,0.000000000000000000e+00,0.000000000000000000e+00
9.522929787635803223e-01,1.395175337791442871e+00,8.029125928878784180e-01,-3.441230207681655884e-02,6.572459358721971512e-03,3.521521985530853271e-01,9.352868199348449707e-01,-3.434519469738006592e-02,1.013528555631637573e-01,1.891970820724964142e-02,8.291348069906234741e-02,-1.959826499223709106e-01,6.569648534059524536e-02,-8.890423923730850220e-02,-4.478311911225318909e-02,-8.952355384826660156e-02,9.154543876647949219e-01,3.395730629563331604e-02,1.355553716421127319e-01,2.132863737642765045e-02,7.160299457609653473e-03,7.121928036212921143e-02,-1.057762056589126587e-01,5.617395043373107910e-01,-2.934142947196960449e-01,1.336779952049255371e+00,3.331193029880523682e-01,-1.313455700874328613e-01,1.134295854717493057e-02,0.000000000000000000e+00,0.000000000000000000e+00,0.000000000000000000e+00,0.000000000000000000e+00,0.000000000000000000e+00,0.000000000000000000e+00,0.000000000000000000e+00,-6.840726733207702637e-02,-5.607839226722717285e-01,4.660945832729339600e-01,8.763949871063232422e-01,-1.485472619533538818e-01,-1.434346586465835571e-01,5.881737917661666870e-02,0.000000000000000000e+00,0.000000000000000000e+00,0.000000000000000000e+00,0.000000000000000000e+00,0.000000000000000000e+00,0.000000000000000000e+00,0.000000000000000000e+00
9.772745370864868164e-01,1.413639307022094727e+00,8.039509654045104980e-01,-3.572409972548484802e-02,-1.277361530810594559e-03,3.656860291957855225e-01,9.300515651702880859e-01,3.281952813267707825e-02,1.123970448970794678e-01,1.742580323480069637e-03,5.688575282692909241e-02,-2.085014432668685913e-01,4.921129718422889709e-02,-1.748006194829940796e-01,-8.015857636928558350e-02,-1.286597847938537598e-01,9.432346820831298828e-01,-1.479635480791330338e-02,1.179903447628021240e-01,-3.649560734629631042e-02,2.486554719507694244e-02,9.289488941431045532e-02,-1.812850236892700195e-01,5.429646372795104980e-01,-3.470153212547302246e-01,1.277623414993286133e+00,3.334267437458038330e-01,-1.424997746944427490e-01,-2.367706038057804108e-03,0.000000000000000000e+00,0.000000000000000000e+00,0.000000000000000000e+00,0.000000000000000000e+00,0.000000000000000000e+00,0.000000000000000000e+00,0.000000000000000000e+00,-4.297785460948944092e-02,-5.242158770561218262e-01,4.410716891288757324e-01,9.677404761314392090e-01,-1.582198590040206909e-01,-1.295179277658462524e-01,7.025128602981567383e-02,0.000000000000000000e+00,0.000000000000000000e+00,0.000000000000000000e+00,0.000000000000000000e+00,0.000000000000000000e+00,0.000000000000000000e+00,0.000000000000000000e+00
1.003112792968750000e+00,1.431511044502258301e+00,8.027622103691101074e-01,-3.242791071534156799e-02,-5.385441239923238754e-03,3.788802027702331543e-01,9.248617291450500488e-01,9.338875859975814819e-02,1.157476156949996948e-01,-5.247112363576889038e-03,3.507822379469871521e-02,-2.170501798391342163e-01,2.775786258280277252e-02,-2.468458414077758789e-01,-1.262970268726348877e-01,-1.623243540525436401e-01,9.100906848907470703e-01,-5.098085105419158936e-02,1.066632494330406189e-01,-9.179520606994628906e-02,2.907981351017951965e-02,1.144254654645919800e-01,-2.556902468204498291e-01,5.385206937789916992e-01,-3.841336369514465332e-01,1.203552126884460449e+00,3.284778594970703125e-01,-1.585024893283843994e-01,2.462203381583094597e-03,0.000000000000000000e+00,0.000000000000000000e+00,0.000000000000000000e+00,0.000000000000000000e+00,0.000000000000000000e+00,0.000000000000000000e+00,0.000000000000000000e+00,-1.868820190429687500e-02,-4.990058541297912598e-01,4.134449660778045654e-01,1.031270384788513184e+00,-1.642735451459884644e-01,-1.246445626020431519e-01,6.968508660793304443e-02,0.000000000000000000e+00,0.000000000000000000e+00,0.000000000000000000e+00,0.000000000000000000e+00,0.000000000000000000e+00,0.000000000000000000e+00,0.000000000000000000e+00
1.030197262763977051e+00,1.448893547058105469e+00,7.994762659072875977e-01,-2.827464789152145386e-02,-6.289869081228971481e-03,3.959107398986816406e-01,9.178320765495300293e-01,1.438756585121154785e-01,1.174795404076576233e-01,-2.628409862518310547e-02,2.097297459840774536e-02,-2.339890450239181519e-01,9.580771438777446747e-03,-2.921215891838073730e-01,-1.800744533538818359e-01,-1.814543157815933228e-01,7.801111936569213867e-01,-5.709200724959373474e-02,1.088808402419090271e-01,-1.496927738189697266e-01,2.877090498805046082e-02,1.344561129808425903e-01,-3.352067172527313232e-01,5.404111742973327637e-01,-4.258672893047332764e-01,1.116712212562561035e+00,3.249838352203369141e-01,-1.842761188745498657e-01,1.315823476761579514e-02,0.000000000000000000e+00,0.000000000000000000e+00,0.000000000000000000e+00,0.000000000000000000e+00,0.000000000000000000e+00,0.000000000000000000e+00,0.000000000000000000e+00,1.469243876636028290e-02,-4.845785498619079590e-01,3.766435086727142334e-01,1.079546928405761719e+00,-1.538834571838378906e-01,-1.224241331219673157e-01,5.159749463200569153e-02,0.000000000000000000e+00,0.000000000000000000e+00,0.000000000000000000e+00,0.000000000000000000e+00,0.000000000000000000e+00,0.000000000000000000e+00,0.000000000000000000e+00
1.058491945266723633e+00,1.466086149215698242e+00,7.917140722274780273e-01,-1.649892330169677734e-02,-5.649257800541818142e-04,4.083732366561889648e-01,9.126657247543334961e-01,1.921677291393280029e-01,1.005619540810585022e-01,-5.109545215964317322e-02,5.720293149352073669e-03,-2.578233778476715088e-01,-2.805617870762944221e-03,-3.216463625431060791e-01,-2.169743031263351440e-01,-2.012496590614318848e-01,5.928215980529785156e-01,-3.231807798147201538e-02,1.327708810567855835e-01,-1.994354873895645142e-01,8.866216987371444702e-03,1.464362293481826782e-01,-4.096244275569915771e-01,5.507663488388061523e-01,-4.518126845359802246e-01,1.038321614265441895e+00,3.238382339477539062e-01,-1.978030055761337280e-01,2.931569330394268036e-02,0.000000000000000000e+00,0.000000000000000000e+00,0.000000000000000000e+00,0.000000000000000000e+00,0.000000000000000000e+00,0.000000000000000000e+00,0.000000000000000000e+00,3.538796678185462952e-02,-4.657524526119232178e-01,3.295443952083587646e-01,1.129903197288513184e+00,-1.394120901823043823e-01,-1.202870756387710571e-01,3.013775683939456940e-02,0.000000000000000000e+00,0.000000000000000000e+00,0.000000000000000000e+00,0.000000000000000000e+00,0.000000000000000000e+00,0.000000000000000000e+00,0.000000000000000000e+00
1.087597489356994629e+00,1.482617974281311035e+00,7.832593917846679688e-01,-1.114840735681355000e-03,3.709129290655255318e-03,4.221758246421813965e-01,9.065057039260864258e-01,2.431450784206390381e-01,8.110114187002182007e-02,-8.014280349016189575e-02,1.432235876563936472e-04,-2.711627185344696045e-01,-1.071612536907196045e-02,-3.271825015544891357e-01,-2.522620856761932373e-01,-2.135712504386901855e-01,3.760063350200653076e-01,-1.341018825769424438e-02,1.629536300897598267e-01,-2.450356036424636841e-01,-1.764385402202606201e-02,1.592849940061569214e-01,-4.831738471984863281e-01,5.493192076683044434e-01,-4.725352823734283447e-01,9.803903102874755859e-01,3.004820048809051514e-01,-2.055764794349670410e-01,4.470224678516387939e-02,0.000000000000000000e+00,0.000000000000000000e+00,0.000000000000000000e+00,0.000000000000000000e+00,0.000000000000000000e+00,0.000000000000000000e+00,0.000000000000000000e+00,5.887602269649505615e-02,-4.604443907737731934e-01,2.931153774261474609e-01,1.161335945129394531e+00,-1.104617789387702942e-01,-1.186617538332939148e-01,2.352568693459033966e-02,0.000000000000000000e+00,0.000000000000000000e+00,0.000000000000000000e+00,0.000000000000000000e+00,0.000000000000000000e+00,0.000000000000000000e+00,0.000000000000000000e+00
1.115811705589294434e+00,1.498333334922790527e+00,7.732865810394287109e-01,1.370295044034719467e-02,7.510761264711618423e-03,4.351100325584411621e-01,9.002416729927062988e-01,2.936960756778717041e-01,6.539692729711532593e-02,-1.255059540271759033e-01,-9.724963456392288208e-04,-2.921392321586608887e-01,-1.701721176505088806e-02,-3.313001394271850586e-01,-2.700995802879333496e-01,-2.117028087377548218e-01,2.163505405187606812e-01,-1.038789283484220505e-02,1.853080689907073975e-01,-2.869356870651245117e-01,-4.034068062901496887e-02,1.746571958065032959e-01,-5.446024537086486816e-01,5.601662993431091309e-01,-4.922819733619689941e-01,9.293960332870483398e-01,2.932230830192565918e-01,-2.104568779468536377e-01,5.853876098990440369e-02,0.000000000000000000e+00,0.000000000000000000e+00,0.000000000000000000e+00,0.000000000000000000e+00,0.000000000000000000e+00,0.000000000000000000e+00,0.000000000000000000e+00,7.800386846065521240e-02,-4.709578156471252441e-01,2.539689838886260986e-01,1.174378871917724609e+00,-8.153686672449111938e-02,-1.134004071354866028e-01,2.090523391962051392e-02,0.000000000000000000e+00,0.000000000000000000e+00,0.000000000000000000e+00,0.000000000000000000e+00,0.000000000000000000e+00,0.000000000000000000e+00,0.000000000000000000e+00
1.141999244689941406e+00,1.512788534164428711e+00,7.626470923423767090e-01,2.541075646877288818e-02,9.983637370169162750e-03,4.482301473617553711e-01,8.935011625289916992e-01,3.376251161098480225e-01,5.919644609093666077e-02,-1.911268532276153564e-01,9.241756051778793335e-03,-3.195942342281341553e-01,-2.494458109140396118e-02,-3.336509466171264648e-01,-2.741999626159667969e-01,-2.098819613456726074e-01,1.154490411281585693e-01,-1.078507211059331894e-02,1.943734288215637207e-01,-3.216523826122283936e-01,-5.294089764356613159e-02,1.748330295085906982e-01,-5.897184014320373535e-01,5.712623596191406250e-01,-5.086206793785095215e-01,8.964258432388305664e-01,3.054606020450592041e-01,-2.174835652112960815e-01,7.142965495586395264e-02,0.000000000000000000e+00,0.000000000000000000e+00,0.000000000000000000e+00,0.000000000000000000e+00,0.000000000000000000e+00,0.000000000000000000e+00,0.000000000000000000e+00,9.778107702732086182e-02,-4.930102825164794922e-01,2.203787118196487427e-01,1.189516186714172363e+00,-5.870888009667396545e-02,-1.112180575728416443e-01,2.252029068768024445e-02,0.000000000000000000e+00,0.000000000000000000e+00,0.000000000000000000e+00,0.000000000000000000e+00,0.000000000000000000e+00,0.000000000000000000e+00,0.000000000000000000e+00
1.166251778602600098e+00,1.526300430297851562e+00,7.532074451446533203e-01,2.888697385787963867e-02,7.959016598761081696e-03,4.748315811157226562e-01,8.795664310455322266e-01,3.692325949668884277e-01,8.199040591716766357e-02,-2.991544306278228760e-01,2.918052487075328827e-02,-3.536626994609832764e-01,-3.247377648949623108e-02,-2.937408685684204102e-01,-2.778592407703399658e-01,-2.686890959739685059e-01,8.447205275297164917e-02,-1.442072913050651550e-02,1.896717101335525513e-01,-3.763547837734222412e-01,-5.647496879100799561e-02,1.489604413509368896e-01,-5.781854391098022461e-01,5.779628753662109375e-01,-5.328841209411621094e-01,8.457049727439880371e-01,3.411885797977447510e-01,-2.245967686176300049e-01,7.955480366945266724e-02,0.000000000000000000e+00,0.000000000000000000e+00,0.000000000000000000e+00,0.000000000000000000e+00,0.000000000000000000e+00,0.000000000000000000e+00,0.000000000000000000e+00,1.731904596090316772e-01,-5.123423337936401367e-01,1.991429328918457031e-01,1.176633477210998535e+00,-7.072742283344268799e-02,-1.236658394336700439e-01,1.976247504353523254e-02,0.000000000000000000e+00,0.000000000000000000e+00,0.000000000000000000e+00,0.000000000000000000e+00,0.000000000000000000e+00,0.000000000000000000e+00,0.000000000000000000e+00
1.180687785148620605e+00,1.533378839492797852e+00,7.482326030731201172e-01,3.078817203640937805e-02,1.853185333311557770e-02,4.617354571819305420e-01,8.862894773483276367e-01,3.727433085441589355e-01,7.878743112087249756e-02,-2.699135541915893555e-01,5.993622913956642151e-02,-3.369388282299041748e-01,-3.967536613345146179e-02,-3.223088085651397705e-01,-2.681409418582916260e-01,-2.431972920894622803e-01,1.105478554964065552e-01,1.111429464071989059e-02,1.704490035772323608e-01,-3.543705344200134277e-01,-6.025058403611183167e-02,1.673686057329177856e-01,-6.169108748435974121e-01,5.829862356185913086e-01,-5.281519889831542969e-01,8.206207752227783203e-01,3.794421255588531494e-01,-2.260698080062866211e-01,7.436232268810272217e-02,0.000000000000000000e+00,0.000000000000000000e+00,0.000000000000000000e+00,0.000000000000000000e+00,0.000000000000000000e+00,0.000000000000000000e+00,0.000000000000000000e+00,1.247342303395271301e-01,-5.389276742935180664e-01,1.880208104848861694e-01,1.187274575233459473e+00,-9.336536377668380737e-02,-1.155221760272979736e-01,3.632032871246337891e-02,0.000000000000000000e+00,0.000000000000000000e+00,0.000000000000000000e+00,0.000000000000000000e+00,0.000000000000000000e+00,0.000000000000000000e+00,0.000000000000000000e+00
