-1.198634132742881775e-02,-5.499585717916488647e-02,7.818117737770080566e-01,1.875827088952064514e-02,4.208025988191366196e-03,-9.725001454353332520e-01,2.321075648069381714e-01,-2.535823285579681396e-01,2.060953825712203979e-01,4.595356062054634094e-02,8.747685700654983521e-02,-8.625151216983795166e-02,-6.420134752988815308e-02,2.218706309795379639e-01,-1.131346300244331360e-01,1.336357444524765015e-01,2.387662976980209351e-01,-2.219324409961700439e-01,1.067225188016891479e-01,5.457518249750137329e-02,-4.888050025328993797e-04,6.951670348644256592e-02,1.821014732122421265e-01,5.302380919456481934e-01,-1.630790382623672485e-01,1.139756798744201660e+00,7.640327094122767448e-04,-1.478513777256011963e-01,2.345442473888397217e-01,0.000000000000000000e+00,0.000000000000000000e+00,0.000000000000000000e+00,0.000000000000000000e+00,0.000000000000000000e+00,0.000000000000000000e+00,0.000000000000000000e+00,2.626544795930385590e-02,-6.810723543167114258e-01,4.837609827518463135e-01,5.068908333778381348e-01,-2.484478801488876343e-02,-2.118770629167556763e-01,-2.547170519828796387e-01,0.000000000000000000e+00,0.000000000000000000e+00,0.000000000000000000e+00,0.000000000000000000e+00,0.000000000000000000e+00,0.000000000000000000e+00,0.000000000000000000e+00
-1.739632338285446167e-02,-7.086700946092605591e-02,7.853865623474121094e-01,2.483511157333850861e-02,1.497356127947568893e-02,-9.728699922561645508e-01,2.295278012752532959e-01,-2.633169889450073242e-01,1.956138312816619873e-01,2.368236519396305084e-02,1.281919181346893311e-01,-8.387037366628646851e-02,-4.405164346098899841e-02,1.415459215641021729e-01,-1.120153442025184631e-01,1.307770013809204102e-01,4.322060644626617432e-01,-1.638306975364685059e-01,1.153658851981163025e-01,8.707483299076557159e-03,1.744562946259975433e-02,9.718295931816101074e-02,4.756074398756027222e-02,4.876220226287841797e-01,-2.566949725151062012e-01,1.166611790657043457e+00,3.148722695186734200e-03,-1.552915573120117188e-01,2.150864750146865845e-01,0.000000000000000000e+00,0.000000000000000000e+00,0.000000000000000000e+00,0.000000000000000000e+00,0.000000000000000000e+00,0.000000000000000000e+00,0.000000000000000000e+00,-7.902612537145614624e-02,-6.302173733711242676e-01,5.119696259498596191e-01,6.268746852874755859e-01,3.410049248486757278e-03,-2.094025611877441406e-01,-2.348143905401229858e-01,0.000000000000000000e+00,0.000000000000000000e+00,0.000000000000000000e+00,0.000000000000000000e+00,0.000000000000000000e+00,0.000000000000000000e+00,0.000000000000000000e+00
-2.553825266659259796e-02,-8.985242247581481934e-02,7.941573262214660645e-01,2.534605935215950012e-02,2.375633642077445984e-02,-9.748612642288208008e-01,2.200881242752075195e-01,-2.417158931493759155e-01,1.915568858385086060e-01,3.708438202738761902e-02,1.496945321559906006e-01,-8.975234627723693848e-02,-1.937140524387359619e-02,5.479985848069190979e-02,-1.075737699866294861e-01,1.465640366077423096e-01,5.976891517639160156e-01,-9.203311800956726074e-02,1.210821866989135742e-01,-3.165089339017868042e-02,2.894199639558792114e-02,1.193059906363487244e-01,-2.518453635275363922e-02,4.402359426021575928e-01,-3.712661862373352051e-01,1.085642933845520020e+00,1.544793415814638138e-02,-1.632782220840454102e-01,1.859718710184097290e-01,0.000000000000000000e+00,0.000000000000000000e+00,0.000000000000000000e+00,0.000000000000000000e+00,0.000000000000000000e+00,0.000000000000000000e+00,0.000000000000000000e+00,-1.089513525366783142e-01,-5.743001103401184082e-01,5.235735774040222168e-01,6.778162717819213867e-01,-9.961638133972883224e-04,-1.968382149934768677e-01,-2.298616319894790649e-01,0.000000000000000000e+00,0.000000000000000000e+00,0.000000000000000000e+00,0.000000000000000000e+00,0.000000000000000000e+00,0.000000000000000000e+00,0.000000000000000000e+00
-3.402137756347656250e-02,-1.095270141959190369e-01,7.996769547462463379e-01,2.492315880954265594e-02,3.132390975952148438e-02,-9.790477752685546875e-01,1.996574401855468750e-01,-2.118965983390808105e-01,2.055603712797164917e-01,1.130886301398277283e-01,1.701277494430541992e-01,-1.229439377784729004e-01,4.601822700351476669e-03,-4.484231770038604736e-02,-1.414060294628143311e-01,7.062639296054840088e-02,7.030797004699707031e-01,-6.001982092857360840e-02,8.838411420583724976e-02,-7.077756524085998535e-02,3.258253633975982666e-02,1.412168294191360474e-01,-1.390648335218429565e-01,4.026242494583129883e-01,-5.173670053482055664e-01,9.616296887397766113e-01,4.691335186362266541e-02,-1.787562221288681030e-01,1.646225005388259888e-01,0.000000000000000000e+00,0.000000000000000000e+00,0.000000000000000000e+00,0.000000000000000000e+00,0.000000000000000000e+00,0.000000000000000000e+00,0.000000000000000000e+00,-1.435871273279190063e-01,-5.096640586853027344e-01,5.538999438285827637e-01,7.009966969490051270e-01,-3.102242480963468552e-03,-1.933201998472213745e-01,-2.306953072547912598e-01,0.000000000000000000e+00,0.000000000000000000e+00,0.000000000000000000e+00,0.000000000000000000e+00,0.000000000000000000e+00,0.000000000000000000e+00,0.000000000000000000e+00
-4.292806610465049744e-02,-1.285727322101593018e-01,8.023993968963623047e-01,2.852735295891761780e-02,3.276237100362777710e-02,-9.829469919204711914e-01,1.786842644214630127e-01,-1.838140636682510376e-01,1.999677568674087524e-01,1.575607359409332275e-01,1.776977330446243286e-01,-1.553913205862045288e-01,1.732573285698890686e-02,-1.274823248386383057e-01,-1.680288165807723999e-01,5.966589786112308502e-03,7.407411336898803711e-01,-7.846759259700775146e-02,5.797259882092475891e-02,-9.688004106283187866e-02,3.421244770288467407e-02,1.575545072555541992e-01,-2.270811200141906738e-01,3.732799887657165527e-01,-6.096891760826110840e-01,8.925502300262451172e-01,6.410951912403106689e-02,-1.786205768585205078e-01,1.494257897138595581e-01,0.000000000000000000e+00,0.000000000000000000e+00,0.000000000000000000e+00,0.000000000000000000e+00,0.000000000000000000e+00,0.000000000000000000e+00,0.000000000000000000e+00,-1.763263344764709473e-01,-4.554896950721740723e-01,5.647476315498352051e-01,7.327870726585388184e-01,2.043121308088302612e-02,-1.879007667303085327e-01,-2.381750196218490601e-01,0.000000000000000000e+00,0.000000000000000000e+00,0.000000000000000000e+00,0.000000000000000000e+00,0.000000000000000000e+00,0.000000000000000000e+00,0.000000000000000000e+00
-5.234189704060554504e-02,-1.461562514305114746e-01,8.038387298583984375e-01,3.322666138410568237e-02,3.326684236526489258e-02,-9.864857792854309082e-01,1.569557636976242065e-01,-1.541135311126708984e-01,1.928921043872833252e-01,2.080740183591842651e-01,1.768508106470108032e-01,-1.844217330217361450e-01,1.954325661063194275e-02,-1.846178919076919556e-01,-1.814565509557723999e-01,-7.207110524177551270e-02,7.101624608039855957e-01,-1.120962575078010559e-01,3.482625633478164673e-02,-1.264089941978454590e-01,3.345857560634613037e-02,1.622518897056579590e-01,-2.712244987487792969e-01,3.512636721134185791e-01,-6.636487245559692383e-01,8.440053462982177734e-01,5.425008013844490051e-02,-1.777586042881011963e-01,1.350925266742706299e-01,0.000000000000000000e+00,0.000000000000000000e+00,0.000000000000000000e+00,0.000000000000000000e+00,0.000000000000000000e+00,0.000000000000000000e+00,0.000000000000000000e+00,-1.785613894462585449e-01,-4.258670210838317871e-01,5.822704434394836426e-01,7.258236408233642578e-01,4.579200595617294312e-02,-1.848845630884170532e-01,-2.301688641309738159e-01,0.000000000000000000e+00,0.000000000000000000e+00,0.000000000000000000e+00,0.000000000000000000e+00,0.000000000000000000e+00,0.000000000000000000e+00,0.000000000000000000e+00
-6.177727133035659790e-02,-1.618609875440597534e-01,8.045356869697570801e-01,3.635198995471000671e-02,2.959378249943256378e-02,-9.905615448951721191e-01,1.288044899702072144e-01,-1.153401136398315430e-01,1.787342131137847900e-01,2.639035582542419434e-01,1.705073416233062744e-01,-2.068742513656616211e-01,2.342403680086135864e-02,-2.369786202907562256e-01,-1.843429952859878540e-01,-1.520697027444839478e-01,6.622565984725952148e-01,-1.296328455209732056e-01,2.693199366331100464e-02,-1.613976806402206421e-01,2.595535293221473694e-02,1.656485795974731445e-01,-3.155951201915740967e-01,3.310830891132354736e-01,-6.981166005134582520e-01,7.941619753837585449e-01,2.917770296335220337e-02,-1.786153763532638550e-01,1.269808709621429443e-01,0.000000000000000000e+00,0.000000000000000000e+00,0.000000000000000000e+00,0.000000000000000000e+00,0.000000000000000000e+00,0.000000000000000000e+00,0.000000000000000000e+00,-1.828050613403320312e-01,-3.973658978939056396e-01,5.913684964179992676e-01,7.128200531005859375e-01,7.503286004066467285e-02,-1.875279396772384644e-01,-2.280168086290359497e-01,0.000000000000000000e+00,0.000000000000000000e+00,0.000000000000000000e+00,0.000000000000000000e+00,0.000000000000000000e+00,0.000000000000000000e+00,0.000000000000000000e+00
-7.112437486648559570e-02,-1.755893975496292114e-01,8.040336966514587402e-01,3.739930316805839539e-02,2.207037433981895447e-02,-9.943856596946716309e-01,9.649509936571121216e-02,-6.965772062540054321e-02,1.577544659376144409e-01,3.365173339843750000e-01,1.597785800695419312e-01,-2.267134338617324829e-01,2.419953979551792145e-02,-2.738960385322570801e-01,-1.878816187381744385e-01,-2.629271447658538818e-01,5.840811729431152344e-01,-1.394242346286773682e-01,2.717975899577140808e-02,-1.928595751523971558e-01,1.232269965112209320e-02,1.634905040264129639e-01,-3.342565298080444336e-01,3.231949806213378906e-01,-7.150784134864807129e-01,7.470772862434387207e-01,-2.333092736080288887e-03,-1.830861121416091919e-01,1.265903115272521973e-01,0.000000000000000000e+00,0.000000000000000000e+00,0.000000000000000000e+00,0.000000000000000000e+00,0.000000000000000000e+00,0.000000000000000000e+00,0.000000000000000000e+00,-1.777508705854415894e-01,-3.779835700988769531e-01,5.916609168052673340e-01,6.863045692443847656e-01,1.069355532526969910e-01,-1.966199129819869995e-01,-2.411371618509292603e-01,0.000000000000000000e+00,0.000000000000000000e+00,0.000000000000000000e+00,0.000000000000000000e+00,0.000000000000000000e+00,0.000000000000000000e+00,0.000000000000000000e+00
-8.049396425485610962e-02,-1.873911023139953613e-01,8.022208809852600098e-01,3.729270771145820618e-02,1.200412865728139877e-02,-9.972009062767028809e-01,6.368252635002136230e-02,-2.339889481663703918e-02,1.299061775207519531e-01,4.153832495212554932e-01,1.463799923658370972e-01,-2.465358376502990723e-01,2.345851622521877289e-02,-2.865352034568786621e-01,-1.926620155572891235e-01,-3.895210027694702148e-01,4.873214960098266602e-01,-1.446794122457504272e-01,2.747380174696445465e-02,-2.152908146381378174e-01,-3.070876467972993851e-03,1.604226529598236084e-01,-3.447539806365966797e-01,3.169128000736236572e-01,-7.203157544136047363e-01,6.996952891349792480e-01,-3.213936090469360352e-02,-1.915118247270584106e-01,1.375631392002105713e-01,0.000000000000000000e+00,0.000000000000000000e+00,0.000000000000000000e+00,0.000000000000000000e+00,0.000000000000000000e+00,0.000000000000000000e+00,0.000000000000000000e+00,-1.650166511535644531e-01,-3.634966909885406494e-01,5.903068184852600098e-01,6.576071381568908691e-01,1.343165934085845947e-01,-2.052943557500839233e-01,-2.705336213111877441e-01,0.000000000000000000e+00,0.000000000000000000e+00,0.000000000000000000e+00,0.000000000000000000e+00,0.000000000000000000e+00,0.000000000000000000e+00,0.000000000000000000e+00
-8.967477083206176758e-02,-1.977379918098449707e-01,7.989451289176940918e-01,3.531504794955253601e-02,-1.057486049830913544e-03,-9.992114305496215820e-01,1.811810210347175598e-02,3.451416268944740295e-02,9.192314743995666504e-02,5.082694292068481445e-01,1.202512457966804504e-01,-2.682924568653106689e-01,2.387579530477523804e-02,-2.745327949523925781e-01,-2.045326828956604004e-01,-5.621559619903564453e-01,3.818688392639160156e-01,-1.382422745227813721e-01,3.333491459488868713e-02,-2.234788239002227783e-01,-2.000343054533004761e-02,1.589232683181762695e-01,-3.593281209468841553e-01,3.181407749652862549e-01,-7.186806797981262207e-01,6.532099843025207520e-01,-4.018034785985946655e-02,-2.039042860269546509e-01,1.529492288827896118e-01,0.000000000000000000e+00,0.000000000000000000e+00,0.000000000000000000e+00,0.000000000000000000e+00,0.000000000000000000e+00,0.000000000000000000e+00,0.000000000000000000e+00,-1.615844070911407471e-01,-3.514694869518280029e-01,5.841711163520812988e-01,6.503157019615173340e-01,1.553943157196044922e-01,-2.072034180164337158e-01,-2.966269552707672119e-01,0.000000000000000000e+00,0.000000000000000000e+00,0.000000000000000000e+00,0.000000000000000000e+00,0.000000000000000000e+00,0.000000000000000000e+00,0.000000000000000000e+00
-9.907636046409606934e-02,-2.066375315189361572e-01,7.953476309776306152e-01,3.455536067485809326e-02,-1.333743613213300705e-02,-9.989986419677734375e-01,-2.509446069598197937e-02,7.948476821184158325e-02,5.292329937219619751e-02,5.940415859222412109e-01,1.021624505519866943e-01,-2.856410145759582520e-01,2.165243960916996002e-02,-2.488266676664352417e-01,-2.074009925127029419e-01,-7.325152754783630371e-01,3.044680953025817871e-01,-1.235478147864341736e-01,3.023118339478969574e-02,-2.202574312686920166e-01,-3.392207249999046326e-02,1.463466882705688477e-01,-3.676763772964477539e-01,3.156916499137878418e-01,-7.058371305465698242e-01,6.286991238594055176e-01,-3.459370881319046021e-02,-2.160050570964813232e-01,1.718002259731292725e-01,0.000000000000000000e+00,0.000000000000000000e+00,0.000000000000000000e+00,0.000000000000000000e+00,0.000000000000000000e+00,0.000000000000000000e+00,0.000000000000000000e+00,-1.473450213670730591e-01,-3.471526801586151123e-01,5.757741332054138184e-01,6.389511823654174805e-01,1.638557463884353638e-01,-2.079278081655502319e-01,-3.123797774314880371e-01,0.000000000000000000e+00,0.000000000000000000e+00,0.000000000000000000e+00,0.000000000000000000e+00,0.000000000000000000e+00,0.000000000000000000e+00,0.000000000000000000e+00
-1.085413768887519836e-01,-2.144089490175247192e-01,7.920278310775756836e-01,3.393305465579032898e-02,-2.261739224195480347e-02,-9.971566796302795410e-01,-6.336843222379684448e-02,1.139981523156166077e-01,1.907411031424999237e-02,6.622262597084045410e-01,9.193532168865203857e-02,-2.989963889122009277e-01,1.690349355340003967e-02,-2.089515030384063721e-01,-1.893166452646255493e-01,-8.699331283569335938e-01,2.427238672971725464e-01,-1.164239197969436646e-01,2.344341017305850983e-02,-2.175709456205368042e-01,-3.728492930531501770e-02,1.340072751045227051e-01,-3.745103776454925537e-01,3.129875659942626953e-01,-6.959168910980224609e-01,6.045108437538146973e-01,-2.335612662136554718e-02,-2.286474555730819702e-01,1.914817541837692261e-01,0.000000000000000000e+00,0.000000000000000000e+00,0.000000000000000000e+00,0.000000000000000000e+00,0.000000000000000000e+00,0.000000000000000000e+00,0.000000000000000000e+00,-1.314784735441207886e-01,-3.514896333217620850e-01,5.567391514778137207e-01,6.219212412834167480e-01,1.671887189149856567e-01,-2.102032005786895752e-01,-3.347421288490295410e-01,0.000000000000000000e+00,0.000000000000000000e+00,0.000000000000000000e+00,0.000000000000000000e+00,0.000000000000000000e+00,0.000000000000000000e+00,0.000000000000000000e+00
-1.184305772185325623e-01,-2.211941331624984741e-01,7.902699112892150879e-01,3.062317334115505219e-02,-2.666900306940078735e-02,-9.947554469108581543e-01,-9.387566894292831421e-02,1.379384398460388184e-01,2.442802302539348602e-03,6.987403035163879395e-01,1.112781465053558350e-01,-3.067624568939208984e-01,1.846360228955745697e-02,-1.700898408889770508e-01,-1.680716276168823242e-01,-9.263069629669189453e-01,2.065156400203704834e-01,-1.130052432417869568e-01,1.411123480647802353e-02,-2.128372937440872192e-01,-3.217130526900291443e-02,1.226151958107948303e-01,-3.739795386791229248e-01,3.129275739192962646e-01,-6.799404025077819824e-01,5.931793451309204102e-01,3.560266690328717232e-03,-2.378538548946380615e-01,1.995483040809631348e-01,0.000000000000000000e+00,0.000000000000000000e+00,0.000000000000000000e+00,0.000000000000000000e+00,0.000000000000000000e+00,0.000000000000000000e+00,0.000000000000000000e+00,-1.191276609897613525e-01,-3.614427149295806885e-01,5.420876145362854004e-01,6.040654182434082031e-01,1.516156792640686035e-01,-2.101507484912872314e-01,-3.422950506210327148e-01,0.000000000000000000e+00,0.000000000000000000e+00,0.000000000000000000e+00,0.000000000000000000e+00,0.000000000000000000e+00,0.000000000000000000e+00,0.000000000000000000e+00
-1.285854130983352661e-01,-2.273401319980621338e-01,7.908159494400024414e-01,2.355814166367053986e-02,-2.796297147870063782e-02,-9.916862845420837402e-01,-1.233752295374870300e-01,1.470129489898681641e-01,2.529841614887118340e-03,6.912341713905334473e-01,1.784391105175018311e-01,-2.926938831806182861e-01,1.586632058024406433e-02,-1.442295163869857788e-01,-1.565651595592498779e-01,-9.034110307693481445e-01,1.933125853538513184e-01,-1.229621917009353638e-01,1.422351226210594177e-03,-2.095131278038024902e-01,-2.032079361379146576e-02,1.235552281141281128e-01,-3.735114336013793945e-01,3.105472922325134277e-01,-6.637268662452697754e-01,5.817757248878479004e-01,3.224530816078186035e-02,-2.446805089712142944e-01,2.037412971258163452e-01,0.000000000000000000e+00,0.000000000000000000e+00,0.000000000000000000e+00,0.000000000000000000e+00,0.000000000000000000e+00,0.000000000000000000e+00,0.000000000000000000e+00,-1.182025447487831116e-01,-3.787033557891845703e-01,5.199331045150756836e-01,5.841403007507324219e-01,1.314754933118820190e-01,-2.053802907466888428e-01,-3.495455980300903320e-01,0.000000000000000000e+00,0.000000000000000000e+00,0.000000000000000000e+00,0.000000000000000000e+00,0.000000000000000000e+00,0.000000000000000000e+00,0.000000000000000000e+00
-1.392171382904052734e-01,-2.327698022127151489e-01,7.913995385169982910e-01,1.362400036305189133e-02,-2.929996326565742493e-02,-9.872833490371704102e-01,-1.556518673896789551e-01,1.324170231819152832e-01,1.016570720821619034e-02,6.376922130584716797e-01,2.988775968551635742e-01,-2.424516081809997559e-01,5.274603608995676041e-03,-1.266953498125076294e-01,-1.504222452640533447e-01,-8.314325213432312012e-01,1.930300891399383545e-01,-1.430952847003936768e-01,-1.739358156919479370e-02,-2.014185190200805664e-01,-9.318268857896327972e-03,1.244202330708503723e-01,-3.683401048183441162e-01,3.131865561008453369e-01,-6.506990790367126465e-01,5.774075984954833984e-01,5.143922939896583557e-02,-2.457860261201858521e-01,2.063343971967697144e-01,0.000000000000000000e+00,0.000000000000000000e+00,0.000000000000000000e+00,0.000000000000000000e+00,0.000000000000000000e+00,0.000000000000000000e+00,0.000000000000000000e+00,-1.194880381226539612e-01,-3.952029645442962646e-01,5.125213861465454102e-01,5.708770751953125000e-01,1.183432266116142273e-01,-2.000093609094619751e-01,-3.489578068256378174e-01,0.000000000000000000e+00,0.000000000000000000e+00,0.000000000000000000e+00,0.000000000000000000e+00,0.000000000000000000e+00,0.000000000000000000e+00,0.000000000000000000e+00
-1.497081518173217773e-01,-2.378428131341934204e-01,7.910113930702209473e-01,4.222874529659748077e-03,-2.998364903032779694e-02,-9.803251624107360840e-01,-1.950531452894210815e-01,9.201352298259735107e-02,2.679856121540069580e-02,5.651326179504394531e-01,4.631894528865814209e-01,-1.920655667781829834e-01,-4.101601894944906235e-03,-1.225666254758834839e-01,-1.461015492677688599e-01,-7.374644279479980469e-01,2.088733464479446411e-01,-1.674566566944122314e-01,-3.864880278706550598e-02,-1.854342222213745117e-01,-3.535529365763068199e-03,1.266881227493286133e-01,-3.522248268127441406e-01,3.249456286430358887e-01,-6.265424489974975586e-01,5.539228320121765137e-01,5.982464924454689026e-02,-2.433688044548034668e-01,2.116656601428985596e-01,0.000000000000000000e+00,0.000000000000000000e+00,0.000000000000000000e+00,0.000000000000000000e+00,0.000000000000000000e+00,0.000000000000000000e+00,0.000000000000000000e+00,-1.294831484556198120e-01,-4.114356637001037598e-01,5.085663795471191406e-01,5.615612864494323730e-01,1.056382432579994202e-01,-1.900646984577178955e-01,-3.329219520092010498e-01,0.000000000000000000e+00,0.000000000000000000e+00,0.000000000000000000e+00,0.000000000000000000e+00,0.000000000000000000e+00,0.000000000000000000e+00,0.000000000000000000e+00
-1.600728332996368408e-01,-2.424910813570022583e-01,7.915925979614257812e-01,-6.111381109803915024e-03,-3.394067659974098206e-02,-9.722177386283874512e-01,-2.315239757299423218e-01,4.335720837116241455e-02,5.573465675115585327e-02,5.028215050697326660e-01,6.238545775413513184e-01,-1.458790004253387451e-01,-1.881450787186622620e-02,-1.185177937150001526e-01,-1.503102034330368042e-01,-6.408292055130004883e-01,2.225261181592941284e-01,-1.854304373264312744e-01,-5.611767247319221497e-02,-1.700050830841064453e-01,-7.445939350873231888e-03,1.312398910522460938e-01,-3.406289219856262207e-01,3.490661084651947021e-01,-6.124408245086669922e-01,5.322688817977905273e-01,6.668878346681594849e-02,-2.355793118476867676e-01,2.284714281558990479e-01,0.000000000000000000e+00,0.000000000000000000e+00,0.000000000000000000e+00,0.000000000000000000e+00,0.000000000000000000e+00,0.000000000000000000e+00,0.000000000000000000e+00,-1.445633023977279663e-01,-4.194522798061370850e-01,5.094578266143798828e-01,5.647832155227661133e-01,7.408437877893447876e-02,-1.804305166006088257e-01,-3.439809679985046387e-01,0.000000000000000000e+00,0.000000000000000000e+00,0.000000000000000000e+00,0.000000000000000000e+00,0.000000000000000000e+00,0.000000000000000000e+00,0.000000000000000000e+00
-1.703123301267623901e-01,-2.467680722475051880e-01,7.906412482261657715e-01,-1.483436394482851028e-02,-3.529995307326316833e-02,-9.629189968109130859e-01,-2.670596241950988770e-01,2.322955057024955750e-03,6.414110958576202393e-02,4.468133449554443359e-01,7.389739751815795898e-01,-1.332200467586517334e-01,-3.540918976068496704e-02,-1.094473525881767273e-01,-1.475090980529785156e-01,-5.677120089530944824e-01,2.233165651559829712e-01,-2.050126492977142334e-01,-5.613887310028076172e-02,-1.534724235534667969e-01,-9.557061828672885895e-03,1.315401941537857056e-01,-3.230001330375671387e-01,3.713662922382354736e-01,-5.967335700988769531e-01,5.047907829284667969e-01,7.437647879123687744e-02,-2.351276278495788574e-01,2.415717840194702148e-01,0.000000000000000000e+00,0.000000000000000000e+00,0.000000000000000000e+00,0.000000000000000000e+00,0.000000000000000000e+00,0.000000000000000000e+00,0.000000000000000000e+00,-1.568300127983093262e-01,-4.227999746799468994e-01,5.008072257041931152e-01,5.752292275428771973e-01,5.667572841048240662e-02,-1.800208240747451782e-01,-3.457022607326507568e-01,0.000000000000000000e+00,0.000000000000000000e+00,0.000000000000000000e+00,0.000000000000000000e+00,0.000000000000000000e+00,0.000000000000000000e+00,0.000000000000000000e+00
-1.804971098899841309e-01,-2.503633201122283936e-01,7.916994690895080566e-01,-2.452112361788749695e-02,-3.688970208168029785e-02,-9.519835710525512695e-01,-3.029275536537170410e-01,-3.970596566796302795e-02,7.801974564790725708e-02,3.965274393558502197e-01,8.318474292755126953e-01,-1.339460611343383789e-01,-3.418301045894622803e-02,-9.914819896221160889e-02,-1.459386348724365234e-01,-4.898906052112579346e-01,2.226142138242721558e-01,-2.070786356925964355e-01,-5.518931895494461060e-02,-1.349838078022003174e-01,-1.097786612808704376e-02,1.358246654272079468e-01,-3.038979172706604004e-01,3.939457833766937256e-01,-5.820733904838562012e-01,4.737009406089782715e-01,8.222237974405288696e-02,-2.333221435546875000e-01,2.519207000732421875e-01,0.000000000000000000e+00,0.000000000000000000e+00,0.000000000000000000e+00,0.000000000000000000e+00,0.000000000000000000e+00,0.000000000000000000e+00,0.000000000000000000e+00,-1.697650700807571411e-01,-4.286199510097503662e-01,4.968797564506530762e-01,5.792570710182189941e-01,4.585231095552444458e-02,-1.796471774578094482e-01,-3.505198955535888672e-01,0.000000000000000000e+00,0.000000000000000000e+00,0.000000000000000000e+00,0.000000000000000000e+00,0.000000000000000000e+00,0.000000000000000000e+00,0.000000000000000000e+00
-1.909215003252029419e-01,-2.531869113445281982e-01,7.926975488662719727e-01,-3.218242898583412170e-02,-3.723697736859321594e-02,-9.387722015380859375e-01,-3.410051167011260986e-01,-8.080919831991195679e-02,8.222696185111999512e-02,3.348385095596313477e-01,8.827968239784240723e-01,-1.527739763259887695e-01,-2.480854280292987823e-02,-9.265130758285522461e-02,-1.379165649414062500e-01,-4.016957581043243408e-01,2.184731960296630859e-01,-2.032587379217147827e-01,-4.658036679029464722e-02,-1.143949851393699646e-01,-1.168321445584297180e-02,1.374220848083496094e-01,-2.905407845973968506e-01,4.203000664710998535e-01,-5.715856552124023438e-01,4.425233602523803711e-01,9.572076797485351562e-02,-2.365948408842086792e-01,2.581177949905395508e-01,0.000000000000000000e+00,0.000000000000000000e+00,0.000000000000000000e+00,0.000000000000000000e+00,0.000000000000000000e+00,0.000000000000000000e+00,0.000000000000000000e+00,-1.823777109384536743e-01,-4.320214390754699707e-01,4.902682602405548096e-01,5.849541425704956055e-01,4.501961916685104370e-02,-1.842685937881469727e-01,-3.519371747970581055e-01,0.000000000000000000e+00,0.000000000000000000e+00,0.000000000000000000e+00,0.000000000000000000e+00,0.000000000000000000e+00,0.000000000000000000e+00,0.000000000000000000e+00
-2.016799300909042358e-01,-2.550184428691864014e-01,7.942940592765808105e-01,-3.973099589347839355e-02,-3.878035023808479309e-02,-9.233903884887695312e-01,-3.798259198665618896e-01,-1.108897924423217773e-01,7.710912823677062988e-02,2.714732587337493896e-01,8.874919414520263672e-01,-1.767493039369583130e-01,-1.185103878378868103e-02,-8.617190271615982056e-02,-1.326539218425750732e-01,-3.132361173629760742e-01,2.124355882406234741e-01,-1.947764158248901367e-01,-3.486859798431396484e-02,-9.096293151378631592e-02,-1.217014249414205551e-02,1.383295506238937378e-01,-2.824335098266601562e-01,4.438305199146270752e-01,-5.632757544517517090e-01,4.097785353660583496e-01,1.114524826407432556e-01,-2.445547729730606079e-01,2.734942138195037842e-01,0.000000000000000000e+00,0.000000000000000000e+00,0.000000000000000000e+00,0.000000000000000000e+00,0.000000000000000000e+00,0.000000000000000000e+00,0.000000000000000000e+00,-1.970579475164413452e-01,-4.392285048961639404e-01,4.901487231254577637e-01,5.862240195274353027e-01,4.350084066390991211e-02,-1.891578733921051025e-01,-3.504420220851898193e-01,0.000000000000000000e+00,0.000000000000000000e+00,0.000000000000000000e+00,0.000000000000000000e+00,0.000000000000000000e+00,0.000000000000000000e+00,0.000000000000000000e+00
-2.129266560077667236e-01,-2.557515203952789307e-01,7.960905432701110840e-01,-4.414808005094528198e-02,-4.137867689132690430e-02,-9.072551131248474121e-01,-4.162054359912872314e-01,-1.275101155042648315e-01,7.114521414041519165e-02,2.242613285779953003e-01,8.456977009773254395e-01,-2.009720653295516968e-01,-3.480597632005810738e-03,-8.307710289955139160e-02,-1.300695389509201050e-01,-2.381991893053054810e-01,2.036295980215072632e-01,-1.857299208641052246e-01,-2.054095268249511719e-02,-7.564029097557067871e-02,-1.050459779798984528e-02,1.382692903280258179e-01,-2.733505368232727051e-01,4.637255370616912842e-01,-5.570216178894042969e-01,3.830814063549041748e-01,1.236477121710777283e-01,-2.533110678195953369e-01,2.925496697425842285e-01,0.000000000000000000e+00,0.000000000000000000e+00,0.000000000000000000e+00,0.000000000000000000e+00,0.000000000000000000e+00,0.000000000000000000e+00,0.000000000000000000e+00,-2.101668417453765869e-01,-4.500291049480438232e-01,4.976411759853363037e-01,5.838446617126464844e-01,3.813175857067108154e-02,-1.945903599262237549e-01,-3.486578464508056641e-01,0.000000000000000000e+00,0.000000000000000000e+00,0.000000000000000000e+00,0.000000000000000000e+00,0.000000000000000000e+00,0.000000000000000000e+00,0.000000000000000000e+00
-2.249298691749572754e-01,-2.555230259895324707e-01,7.975053787231445312e-01,-4.854169860482215881e-02,-4.321574419736862183e-02,-8.876578211784362793e-01,-4.558943510055541992e-01,-1.377570182085037231e-01,5.744694918394088745e-02,1.407556980848312378e-01,7.699388265609741211e-01,-2.193077504634857178e-01,8.129873313009738922e-03,-8.433043211698532104e-02,-1.241198629140853882e-01,-1.475775688886642456e-01,2.025794237852096558e-01,-1.792925596237182617e-01,-6.500284653156995773e-03,-5.807244032621383667e-02,-7.993510924279689789e-03,1.452399492263793945e-01,-2.709014117717742920e-01,4.798131287097930908e-01,-5.518745779991149902e-01,3.535711169242858887e-01,1.210115775465965271e-01,-2.571400701999664307e-01,3.067474663257598877e-01,0.000000000000000000e+00,0.000000000000000000e+00,0.000000000000000000e+00,0.000000000000000000e+00,0.000000000000000000e+00,0.000000000000000000e+00,0.000000000000000000e+00,-2.241217941045761108e-01,-4.537558555603027344e-01,4.934505820274353027e-01,5.774579048156738281e-01,5.531259253621101379e-02,-1.998585164546966553e-01,-3.490751385688781738e-01,0.000000000000000000e+00,0.000000000000000000e+00,0.000000000000000000e+00,0.000000000000000000e+00,0.000000000000000000e+00,0.000000000000000000e+00,0.000000000000000000e+00
-2.377697974443435669e-01,-2.545920610427856445e-01,7.983888983726501465e-01,-5.083479732275009155e-02,-4.384434595704078674e-02,-8.653149604797363281e-01,-4.967126846313476562e-01,-1.323322355747222900e-01,4.484180733561515808e-02,6.018357351422309875e-02,6.564314365386962891e-01,-2.355701029300689697e-01,1.059114653617143631e-02,-8.803308010101318359e-02,-1.152362972497940063e-01,-6.470280140638351440e-02,2.022778093814849854e-01,-1.754284799098968506e-01,1.137019041925668716e-02,-4.555063694715499878e-02,-4.984234459698200226e-03,1.558259129524230957e-01,-2.774733603000640869e-01,4.921593964099884033e-01,-5.453100204467773438e-01,3.293187618255615234e-01,1.113001704216003418e-01,-2.565941512584686279e-01,3.214481770992279053e-01,0.000000000000000000e+00,0.000000000000000000e+00,0.000000000000000000e+00,0.000000000000000000e+00,0.000000000000000000e+00,0.000000000000000000e+00,0.000000000000000000e+00,-2.423688173294067383e-01,-4.638360142707824707e-01,4.978408217430114746e-01,5.676251649856567383e-01,5.555932223796844482e-02,-2.009547501802444458e-01,-3.488213717937469482e-01,0.000000000000000000e+00,0.000000000000000000e+00,0.000000000000000000e+00,0.000000000000000000e+00,0.000000000000000000e+00,0.000000000000000000e+00,0.000000000000000000e+00
-2.516406774520874023e-01,-2.533335387706756592e-01,7.981475591659545898e-01,-5.165132507681846619e-02,-4.232784360647201538e-02,-8.390895128250122070e-01,-5.398789644241333008e-01,-1.121390387415885925e-01,2.543007023632526398e-02,-6.121230497956275940e-02,5.385127067565917969e-01,-2.484981268644332886e-01,4.736043512821197510e-03,-9.553616493940353394e-02,-9.891297668218612671e-02,2.936979196965694427e-02,2.067991942167282104e-01,-1.764836311340332031e-01,2.956135757267475128e-02,-2.963832207024097443e-02,1.970102544873952866e-03,1.666611135005950928e-01,-2.814596891403198242e-01,4.955078363418579102e-01,-5.312610864639282227e-01,3.113521933555603027e-01,9.984236955642700195e-02,-2.505626380443572998e-01,3.311626911163330078e-01,0.000000000000000000e+00,0.000000000000000000e+00,0.000000000000000000e+00,0.000000000000000000e+00,0.000000000000000000e+00,0.000000000000000000e+00,0.000000000000000000e+00,-2.579346895217895508e-01,-4.720007479190826416e-01,5.036217570304870605e-01,5.494009256362915039e-01,6.003909558057785034e-02,-1.973492652177810669e-01,-3.428018689155578613e-01,0.000000000000000000e+00,0.000000000000000000e+00,0.000000000000000000e+00,0.000000000000000000e+00,0.000000000000000000e+00,0.000000000000000000e+00,0.000000000000000000e+00
-2.665268182754516602e-01,-2.522512972354888916e-01,7.974597215652465820e-01,-4.987053200602531433e-02,-3.808609768748283386e-02,-8.097941875457763672e-01,-5.833487510681152344e-01,-7.597430050373077393e-02,6.272388272918760777e-04,-2.339458614587783813e-01,4.336446225643157959e-01,-2.486301064491271973e-01,-5.960791371762752533e-03,-1.067938655614852905e-01,-7.210527360439300537e-02,1.363618522882461548e-01,2.152589112520217896e-01,-1.739678084850311279e-01,5.003586038947105408e-02,-1.519884075969457626e-02,1.484830491244792938e-02,1.773871928453445435e-01,-2.878637909889221191e-01,4.918692111968994141e-01,-5.170733332633972168e-01,3.077798485755920410e-01,7.893234491348266602e-02,-2.391039282083511353e-01,3.469674885272979736e-01,0.000000000000000000e+00,0.000000000000000000e+00,0.000000000000000000e+00,0.000000000000000000e+00,0.000000000000000000e+00,0.000000000000000000e+00,0.000000000000000000e+00,-2.714856863021850586e-01,-4.732418358325958252e-01,5.056284666061401367e-01,5.319290161132812500e-01,7.169391214847564697e-02,-1.976565420627593994e-01,-3.550174534320831299e-01,0.000000000000000000e+00,0.000000000000000000e+00,0.000000000000000000e+00,0.000000000000000000e+00,0.000000000000000000e+00,0.000000000000000000e+00,0.000000000000000000e+00
-2.823347449302673340e-01,-2.520725727081298828e-01,7.963316440582275391e-01,-4.354625940322875977e-02,-3.414105623960494995e-02,-7.799405455589294434e-01,-6.234026551246643066e-01,-3.381982073187828064e-02,-2.281715534627437592e-02,-3.983005881309509277e-01,3.576311469078063965e-01,-2.453020811080932617e-01,-2.330509573221206665e-02,-1.227919235825538635e-01,-4.244146123528480530e-02,2.391694635152816772e-01,2.164303362369537354e-01,-1.661767512559890747e-01,7.679587602615356445e-02,-1.415017992258071899e-02,2.748236991465091705e-02,1.802776306867599487e-01,-2.894979715347290039e-01,4.878613054752349854e-01,-5.026504993438720703e-01,3.034382760524749756e-01,4.975116625428199768e-02,-2.325016856193542480e-01,3.509935140609741211e-01,0.000000000000000000e+00,0.000000000000000000e+00,0.000000000000000000e+00,0.000000000000000000e+00,0.000000000000000000e+00,0.000000000000000000e+00,0.000000000000000000e+00,-2.824276089668273926e-01,-4.641013145446777344e-01,5.077434182167053223e-01,5.097596049308776855e-01,9.021233022212982178e-02,-1.968202441930770874e-01,-3.681252896785736084e-01,0.000000000000000000e+00,0.000000000000000000e+00,0.000000000000000000e+00,0.000000000000000000e+00,0.000000000000000000e+00,0.000000000000000000e+00,0.000000000000000000e+00
-2.988031208515167236e-01,-2.535607814788818359e-01,7.952339649200439453e-01,-3.602349013090133667e-02,-3.027123026549816132e-02,-7.533031702041625977e-01,-6.559880375862121582e-01,7.969202473759651184e-03,-3.798242285847663879e-02,-5.020524859428405762e-01,3.080407083034515381e-01,-2.446060925722122192e-01,-3.040129505097866058e-02,-1.400384455919265747e-01,-1.746778003871440887e-02,3.260683119297027588e-01,2.168110609054565430e-01,-1.559645980596542358e-01,1.023176237940788269e-01,-2.850315906107425690e-02,4.140701144933700562e-02,1.869094520807266235e-01,-3.079868257045745850e-01,4.849363565444946289e-01,-4.970109164714813232e-01,3.193884491920471191e-01,3.045328333973884583e-02,-2.228681743144989014e-01,3.544379174709320068e-01,0.000000000000000000e+00,0.000000000000000000e+00,0.000000000000000000e+00,0.000000000000000000e+00,0.000000000000000000e+00,0.000000000000000000e+00,0.000000000000000000e+00,-2.912340760231018066e-01,-4.655817151069641113e-01,5.068655014038085938e-01,4.868520200252532959e-01,1.064891740679740906e-01,-1.940795034170150757e-01,-3.787419497966766357e-01,0.000000000000000000e+00,0.000000000000000000e+00,0.000000000000000000e+00,0.000000000000000000e+00,0.000000000000000000e+00,0.000000000000000000e+00,0.000000000000000000e+00
-3.159209489822387695e-01,-2.570667862892150879e-01,7.934331297874450684e-01,-2.871177345514297485e-02,-2.634526602923870087e-02,-7.279788851737976074e-01,-6.844912767410278320e-01,4.124129191040992737e-02,-5.210429430007934570e-02,-5.409164428710937500e-01,2.849173247814178467e-01,-2.563676834106445312e-01,-2.967344596982002258e-02,-1.570638567209243774e-01,4.942269879393279552e-04,3.909750580787658691e-01,2.114015519618988037e-01,-1.424641907215118408e-01,1.357620954513549805e-01,-5.513452738523483276e-02,5.412646755576133728e-02,1.914299279451370239e-01,-3.345288336277008057e-01,4.803892076015472412e-01,-4.946258664131164551e-01,3.412580490112304688e-01,2.304027415812015533e-02,-2.171536833047866821e-01,3.521223664283752441e-01,0.000000000000000000e+00,0.000000000000000000e+00,0.000000000000000000e+00,0.000000000000000000e+00,0.000000000000000000e+00,0.000000000000000000e+00,0.000000000000000000e+00,-3.019795417785644531e-01,-4.738984107971191406e-01,5.023667812347412109e-01,4.574316740036010742e-01,1.003726571798324585e-01,-1.894232183694839478e-01,-3.887651264667510986e-01,0.000000000000000000e+00,0.000000000000000000e+00,0.000000000000000000e+00,0.000000000000000000e+00,0.000000000000000000e+00,0.000000000000000000e+00,0.000000000000000000e+00
-3.333030343055725098e-01,-2.625447213649749756e-01,7.913564443588256836e-01,-2.326220460236072540e-02,-2.285781130194664001e-02,-7.068569064140319824e-01,-7.066043019294738770e-01,5.673290789127349854e-02,-5.797646194696426392e-02,-5.185373425483703613e-01,2.684476971626281738e-01,-2.965984046459197998e-01,-8.005145005881786346e-03,-1.742269545793533325e-01,9.460650384426116943e-03,4.410561621189117432e-01,2.067880779504776001e-01,-1.255262792110443115e-01,1.699437797069549561e-01,-9.261778742074966431e-02,6.148840114474296570e-02,1.982808411121368408e-01,-3.674102127552032471e-01,4.817955791950225830e-01,-5.058521032333374023e-01,3.622422516345977783e-01,3.128901496529579163e-02,-2.133805006742477417e-01,3.513252735137939453e-01,0.000000000000000000e+00,0.000000000000000000e+00,0.000000000000000000e+00,0.000000000000000000e+00,0.000000000000000000e+00,0.000000000000000000e+00,0.000000000000000000e+00,-3.097876906394958496e-01,-4.916189312934875488e-01,4.963937699794769287e-01,4.168124794960021973e-01,1.002045199275016785e-01,-1.845180839300155640e-01,-3.993345201015472412e-01,0.000000000000000000e+00,0.000000000000000000e+00,0.000000000000000000e+00,0.000000000000000000e+00,0.000000000000000000e+00,0.000000000000000000e+00,0.000000000000000000e+00
-3.505763113498687744e-01,-2.700299024581909180e-01,7.892155051231384277e-01,-2.050608396530151367e-02,-2.010271884500980377e-02,-6.883367300033569336e-01,-7.248227000236511230e-01,5.829612910747528076e-02,-6.109199300408363342e-02,-4.441397786140441895e-01,2.574595808982849121e-01,-3.324075937271118164e-01,1.704900525510311127e-02,-1.946073323488235474e-01,7.931646890938282013e-03,4.662586748600006104e-01,2.048974186182022095e-01,-1.020158082246780396e-01,2.115884870290756226e-01,-1.342488378286361694e-01,6.733711808919906616e-02,2.086191326379776001e-01,-4.134502410888671875e-01,4.811111390590667725e-01,-5.273090004920959473e-01,3.834080398082733154e-01,5.221135914325714111e-02,-2.055857926607131958e-01,3.549907207489013672e-01,0.000000000000000000e+00,0.000000000000000000e+00,0.000000000000000000e+00,0.000000000000000000e+00,0.000000000000000000e+00,0.000000000000000000e+00,0.000000000000000000e+00,-3.179503977298736572e-01,-5.073600411415100098e-01,4.867518544197082520e-01,3.833646178245544434e-01,1.013239696621894836e-01,-1.742004752159118652e-01,-4.099479019641876221e-01,0.000000000000000000e+00,0.000000000000000000e+00,0.000000000000000000e+00,0.000000000000000000e+00,0.000000000000000000e+00,0.000000000000000000e+00,0.000000000000000000e+00
-3.674020767211914062e-01,-2.789524793624877930e-01,7.885909676551818848e-01,-1.748280972242355347e-02,-1.719921082258224487e-02,-6.683051586151123047e-01,-7.434828281402587891e-01,5.441281571984291077e-02,-6.292552500963211060e-02,-3.663301467895507812e-01,2.484506070613861084e-01,-3.518675863742828369e-01,4.084622487425804138e-02,-2.214578241109848022e-01,1.472119474783539772e-03,4.736443758010864258e-01,2.000383734703063965e-01,-6.468756496906280518e-02,2.553797364234924316e-01,-1.735011786222457886e-01,6.655063480138778687e-02,2.232885360717773438e-01,-4.695024788379669189e-01,4.859632849693298340e-01,-5.560019016265869141e-01,4.033433794975280762e-01,6.699383258819580078e-02,-2.016818374395370483e-01,3.589895367622375488e-01,0.000000000000000000e+00,0.000000000000000000e+00,0.000000000000000000e+00,0.000000000000000000e+00,0.000000000000000000e+00,0.000000000000000000e+00,0.000000000000000000e+00,-3.320809304714202881e-01,-5.194964408874511719e-01,4.771603047847747803e-01,3.513698577880859375e-01,1.120755746960639954e-01,-1.704430431127548218e-01,-4.237538576126098633e-01,0.000000000000000000e+00,0.000000000000000000e+00,0.000000000000000000e+00,0.000000000000000000e+00,0.000000000000000000e+00,0.000000000000000000e+00,0.000000000000000000e+00
-3.836961090564727783e-01,-2.887251377105712891e-01,7.891104817390441895e-01,-1.595196314156055450e-02,-1.137650012969970703e-02,-6.430181860923767090e-01,-7.656002640724182129e-01,5.755453556776046753e-02,-5.815844982862472534e-02,-2.775185406208038330e-01,2.350260466337203979e-01,-3.581677973270416260e-01,5.467764288187026978e-02,-2.643182873725891113e-01,-3.571103513240814209e-02,3.844565153121948242e-01,1.922837793827056885e-01,-5.466127768158912659e-02,2.419499456882476807e-01,-1.951148957014083862e-01,6.989827752113342285e-02,2.357059717178344727e-01,-5.233557820320129395e-01,4.972029924392700195e-01,-5.942694544792175293e-01,4.207932353019714355e-01,1.033224835991859436e-01,-2.006247341632843018e-01,3.645786046981811523e-01,0.000000000000000000e+00,0.000000000000000000e+00,0.000000000000000000e+00,0.000000000000000000e+00,0.000000000000000000e+00,0.000000000000000000e+00,0.000000000000000000e+00,-3.347472250461578369e-01,-5.339278578758239746e-01,4.727322757244110107e-01,3.239930868148803711e-01,1.134998500347137451e-01,-1.678287386894226074e-01,-4.294031262397766113e-01,0.000000000000000000e+00,0.000000000000000000e+00,0.000000000000000000e+00,0.000000000000000000e+00,0.000000000000000000e+00,0.000000000000000000e+00,0.000000000000000000e+00
-3.991458117961883545e-01,-2.993030548095703125e-01,7.900263071060180664e-01,-1.277795806527137756e-02,-7.513096556067466736e-03,-6.150467991828918457e-01,-7.883512973785400391e-01,5.395856499671936035e-02,-5.147648602724075317e-02,-1.888177245855331421e-01,2.244186848402023315e-01,-3.596077561378479004e-01,6.650612503290176392e-02,-3.007641434669494629e-01,-6.954855471849441528e-02,2.677200138568878174e-01,2.029728740453720093e-01,-5.760775133967399597e-02,2.240558266639709473e-01,-2.060501426458358765e-01,7.183865457773208618e-02,2.437420785427093506e-01,-5.754390954971313477e-01,5.053475499153137207e-01,-6.261049509048461914e-01,4.355531334877014160e-01,1.440361589193344116e-01,-1.992731839418411255e-01,3.666011691093444824e-01,0.000000000000000000e+00,0.000000000000000000e+00,0.000000000000000000e+00,0.000000000000000000e+00,0.000000000000000000e+00,0.000000000000000000e+00,0.000000000000000000e+00,-3.408290147781372070e-01,-5.545502901077270508e-01,4.726127088069915771e-01,3.013145029544830322e-01,9.176474064588546753e-02,-1.678058654069900513e-01,-4.227848052978515625e-01,0.000000000000000000e+00,0.000000000000000000e+00,0.000000000000000000e+00,0.000000000000000000e+00,0.000000000000000000e+00,0.000000000000000000e+00,0.000000000000000000e+00
-4.138008356094360352e-01,-3.102647662162780762e-01,7.916168570518493652e-01,-8.637581951916217804e-03,-4.785803146660327911e-03,-5.833913683891296387e-01,-8.121311664581298828e-01,4.622934386134147644e-02,-4.029134288430213928e-02,-9.156705439090728760e-02,2.160377055406570435e-01,-3.549624681472778320e-01,7.434488832950592041e-02,-3.194696307182312012e-01,-1.017783284187316895e-01,1.285060942173004150e-01,2.341027408838272095e-01,-6.543765962123870850e-02,2.003585100173950195e-01,-2.085343301296234131e-01,7.745312154293060303e-02,2.439613342285156250e-01,-6.289038658142089844e-01,5.119272470474243164e-01,-6.528291702270507812e-01,4.516454339027404785e-01,1.785888075828552246e-01,-1.979976296424865723e-01,3.663934767246246338e-01,0.000000000000000000e+00,0.000000000000000000e+00,0.000000000000000000e+00,0.000000000000000000e+00,0.000000000000000000e+00,0.000000000000000000e+00,0.000000000000000000e+00,-3.509324491024017334e-01,-5.715441703796386719e-01,4.796708524227142334e-01,2.911703586578369141e-01,7.285147160291671753e-02,-1.730800420045852661e-01,-4.175409972667694092e-01,0.000000000000000000e+00,0.000000000000000000e+00,0.000000000000000000e+00,0.000000000000000000e+00,0.000000000000000000e+00,0.000000000000000000e+00,0.000000000000000000e+00
-4.278283715248107910e-01,-3.212352991104125977e-01,7.938305139541625977e-01,-7.488091941922903061e-04,-4.072247538715600967e-03,-5.477533340454101562e-01,-8.366296291351318359e-01,2.862871997058391571e-02,-2.018125355243682861e-02,1.043424662202596664e-02,2.135355323553085327e-01,-3.472225964069366455e-01,7.675264030694961548e-02,-3.239538669586181641e-01,-1.250020414590835571e-01,-8.084041997790336609e-03,3.038877844810485840e-01,-9.892927855253219604e-02,1.594721525907516479e-01,-2.040323913097381592e-01,9.290071576833724976e-02,2.418050318956375122e-01,-6.895201802253723145e-01,5.068780183792114258e-01,-6.665462851524353027e-01,4.695357978343963623e-01,1.993556171655654907e-01,-2.019987404346466064e-01,3.660161495208740234e-01,0.000000000000000000e+00,0.000000000000000000e+00,0.000000000000000000e+00,0.000000000000000000e+00,0.000000000000000000e+00,0.000000000000000000e+00,0.000000000000000000e+00,-3.683051764965057373e-01,-5.882783532142639160e-01,4.898650646209716797e-01,2.834716439247131348e-01,5.491701886057853699e-02,-1.851742714643478394e-01,-4.140496551990509033e-01,0.000000000000000000e+00,0.000000000000000000e+00,0.000000000000000000e+00,0.000000000000000000e+00,0.000000000000000000e+00,0.000000000000000000e+00,0.000000000000000000e+00
-4.411292672157287598e-01,-3.315365612506866455e-01,7.953727245330810547e-01,6.328303366899490356e-03,-5.191147327423095703e-03,-5.054188370704650879e-01,-8.628353476524353027e-01,1.283201947808265686e-02,-3.185841487720608711e-04,1.097232922911643982e-01,2.098072022199630737e-01,-3.430350422859191895e-01,8.305652439594268799e-02,-3.099506497383117676e-01,-1.464404612779617310e-01,-1.091893613338470459e-01,4.031361937522888184e-01,-1.569420397281646729e-01,1.110704392194747925e-01,-1.928139775991439819e-01,1.088344454765319824e-01,2.285168021917343140e-01,-7.313319444656372070e-01,5.044154524803161621e-01,-6.743284463882446289e-01,4.774116575717926025e-01,2.018193155527114868e-01,-2.046309113502502441e-01,3.604263067245483398e-01,0.000000000000000000e+00,0.000000000000000000e+00,0.000000000000000000e+00,0.000000000000000000e+00,0.000000000000000000e+00,0.000000000000000000e+00,0.000000000000000000e+00,-3.836535215377807617e-01,-5.940196514129638672e-01,5.001772046089172363e-01,2.847728133201599121e-01,5.516633763909339905e-02,-1.941966414451599121e-01,-4.125698804855346680e-01,0.000000000000000000e+00,0.000000000000000000e+00,0.000000000000000000e+00,0.000000000000000000e+00,0.000000000000000000e+00,0.000000000000000000e+00,0.000000000000000000e+00
-4.536410272121429443e-01,-3.409027159214019775e-01,7.961096763610839844e-01,1.106183324009180069e-02,-5.921422038227319717e-03,-4.608041644096374512e-01,-8.874131441116333008e-01,-2.215056883869692683e-04,1.960009895265102386e-02,2.075228840112686157e-01,2.128505408763885498e-01,-3.430558443069458008e-01,9.215465188026428223e-02,-2.850311994552612305e-01,-1.665124297142028809e-01,-1.837254911661148071e-01,5.203087925910949707e-01,-2.244859635829925537e-01,6.602625548839569092e-02,-1.785227954387664795e-01,1.219711899757385254e-01,2.143300175666809082e-01,-7.673410773277282715e-01,5.035738348960876465e-01,-6.729006767272949219e-01,4.794083237648010254e-01,2.061565965414047241e-01,-2.018214017152786255e-01,3.511534929275512695e-01,0.000000000000000000e+00,0.000000000000000000e+00,0.000000000000000000e+00,0.000000000000000000e+00,0.000000000000000000e+00,0.000000000000000000e+00,0.000000000000000000e+00,-3.981464207172393799e-01,-6.011745333671569824e-01,5.145078301429748535e-01,2.828666269779205322e-01,3.088746219873428345e-02,-1.960775703191757202e-01,-4.071536660194396973e-01,0.000000000000000000e+00,0.000000000000000000e+00,0.000000000000000000e+00,0.000000000000000000e+00,0.000000000000000000e+00,0.000000000000000000e+00,0.000000000000000000e+00
-4.652498364448547363e-01,-3.492945730686187744e-01,7.959550023078918457e-01,1.473937090486288071e-02,-1.030463911592960358e-02,-4.157305657863616943e-01,-9.093099832534790039e-01,-1.461623329669237137e-02,3.555291146039962769e-02,3.007059395313262939e-01,2.106519043445587158e-01,-3.457068800926208496e-01,1.034612879157066345e-01,-2.409333139657974243e-01,-1.939169168472290039e-01,-2.503604292869567871e-01,6.045778989791870117e-01,-2.697382271289825439e-01,3.025235235691070557e-02,-1.545896977186203003e-01,1.342107653617858887e-01,1.963936984539031982e-01,-7.972110509872436523e-01,4.963197410106658936e-01,-6.643355488777160645e-01,4.837714731693267822e-01,2.120928913354873657e-01,-2.037910968065261841e-01,3.478495776653289795e-01,0.000000000000000000e+00,0.000000000000000000e+00,0.000000000000000000e+00,0.000000000000000000e+00,0.000000000000000000e+00,0.000000000000000000e+00,0.000000000000000000e+00,-4.132578372955322266e-01,-6.044161915779113770e-01,5.224195122718811035e-01,2.917691469192504883e-01,8.629892021417617798e-03,-1.958372890949249268e-01,-4.061192870140075684e-01,0.000000000000000000e+00,0.000000000000000000e+00,0.000000000000000000e+00,0.000000000000000000e+00,0.000000000000000000e+00,0.000000000000000000e+00,0.000000000000000000e+00
-4.762698709964752197e-01,-3.570131957530975342e-01,7.953121662139892578e-01,1.749057695269584656e-02,-1.680447347462177277e-02,-3.696110844612121582e-01,-9.288699030876159668e-01,-2.903202548623085022e-02,5.160718038678169250e-02,3.997102975845336914e-01,2.069225162267684937e-01,-3.490010797977447510e-01,1.111717522144317627e-01,-1.863655745983123779e-01,-2.224771082401275635e-01,-3.100542724132537842e-01,6.444447040557861328e-01,-2.884767949581146240e-01,1.034244708716869354e-02,-1.354827880859375000e-01,1.387526541948318481e-01,1.805847287178039551e-01,-8.208461403846740723e-01,5.012589693069458008e-01,-6.654647588729858398e-01,4.854833483695983887e-01,2.128452062606811523e-01,-2.079318463802337646e-01,3.377453684806823730e-01,0.000000000000000000e+00,0.000000000000000000e+00,0.000000000000000000e+00,0.000000000000000000e+00,0.000000000000000000e+00,0.000000000000000000e+00,0.000000000000000000e+00,-4.319752156734466553e-01,-6.004254817962646484e-01,5.345354080200195312e-01,3.097580969333648682e-01,-1.262200996279716492e-02,-1.895126700401306152e-01,-3.969213366508483887e-01,0.000000000000000000e+00,0.000000000000000000e+00,0.000000000000000000e+00,0.000000000000000000e+00,0.000000000000000000e+00,0.000000000000000000e+00,0.000000000000000000e+00
-4.868580996990203857e-01,-3.644851446151733398e-01,7.945253849029541016e-01,1.883371360599994659e-02,-2.404510974884033203e-02,-3.256099224090576172e-01,-9.450107216835021973e-01,-4.407862946391105652e-02,6.625764071941375732e-02,4.947235882282257080e-01,2.058804184198379517e-01,-3.509643971920013428e-01,1.226092055439949036e-01,-1.263081282377243042e-01,-2.513426542282104492e-01,-3.589349091053009033e-01,6.589035391807556152e-01,-2.772841751575469971e-01,6.693196017295122147e-03,-1.106243133544921875e-01,1.384608596563339233e-01,1.652130484580993652e-01,-8.480783700942993164e-01,5.071839094161987305e-01,-6.683056950569152832e-01,4.870498180389404297e-01,2.351100444793701172e-01,-2.131625115871429443e-01,3.445284664630889893e-01,0.000000000000000000e+00,0.000000000000000000e+00,0.000000000000000000e+00,0.000000000000000000e+00,0.000000000000000000e+00,0.000000000000000000e+00,0.000000000000000000e+00,-4.465305507183074951e-01,-5.922682881355285645e-01,5.365496873855590820e-01,3.330942988395690918e-01,-4.119122028350830078e-02,-1.865064352750778198e-01,-4.101000726222991943e-01,0.000000000000000000e+00,0.000000000000000000e+00,0.000000000000000000e+00,0.000000000000000000e+00,0.000000000000000000e+00,0.000000000000000000e+00,0.000000000000000000e+00
-4.971609413623809814e-01,-3.722892701625823975e-01,7.924627661705017090e-01,1.715681701898574829e-02,-3.322007134556770325e-02,-2.793327569961547852e-01,-9.594661593437194824e-01,-5.918479338288307190e-02,7.631599158048629761e-02,5.896250605583190918e-01,2.048909664154052734e-01,-3.590401709079742432e-01,1.307565718889236450e-01,-6.120420619845390320e-02,-2.731651067733764648e-01,-4.191504716873168945e-01,6.211186647415161133e-01,-2.618272602558135986e-01,2.098237350583076477e-02,-8.580835908651351929e-02,1.295062899589538574e-01,1.417721509933471680e-01,-8.642387986183166504e-01,5.217137932777404785e-01,-6.744777560234069824e-01,4.855071604251861572e-01,2.635200321674346924e-01,-2.135697454214096069e-01,3.506444990634918213e-01,0.000000000000000000e+00,0.000000000000000000e+00,0.000000000000000000e+00,0.000000000000000000e+00,0.000000000000000000e+00,0.000000000000000000e+00,0.000000000000000000e+00,-4.499177336692810059e-01,-5.845288634300231934e-01,5.322329998016357422e-01,3.438495993614196777e-01,-6.073362007737159729e-02,-1.817985177040100098e-01,-4.244274795055389404e-01,0.000000000000000000e+00,0.000000000000000000e+00,0.000000000000000000e+00,0.000000000000000000e+00,0.000000000000000000e+00,0.000000000000000000e+00,0.000000000000000000e+00
-5.081607699394226074e-01,-3.805751800537109375e-01,7.908837199211120605e-01,1.648183353245258331e-02,-4.271690547466278076e-02,-2.320502400398254395e-01,-9.716256260871887207e-01,-7.833383232355117798e-02,9.167710691690444946e-02,6.738572716712951660e-01,2.078419774770736694e-01,-3.666113913059234619e-01,1.374539136886596680e-01,-9.052218869328498840e-03,-2.844599187374114990e-01,-4.591097533702850342e-01,5.847603678703308105e-01,-2.127718180418014526e-01,4.791965335607528687e-02,-5.516664311289787292e-02,1.188695952296257019e-01,1.322255432605743408e-01,-8.977866768836975098e-01,5.442361235618591309e-01,-6.852898597717285156e-01,4.760066568851470947e-01,3.211504220962524414e-01,-2.114308625459671021e-01,3.721396923065185547e-01,0.000000000000000000e+00,0.000000000000000000e+00,0.000000000000000000e+00,0.000000000000000000e+00,0.000000000000000000e+00,0.000000000000000000e+00,0.000000000000000000e+00,-4.610112309455871582e-01,-5.663428902626037598e-01,5.134834647178649902e-01,3.611119687557220459e-01,-7.560830563306808472e-02,-1.737738102674484253e-01,-4.443078339099884033e-01,0.000000000000000000e+00,0.000000000000000000e+00,0.000000000000000000e+00,0.000000000000000000e+00,0.000000000000000000e+00,0.000000000000000000e+00,0.000000000000000000e+00
-5.192728042602539062e-01,-3.900240361690521240e-01,7.885747551918029785e-01,1.014834269881248474e-02,-4.985882341861724854e-02,-1.873141974210739136e-01,-9.809814095497131348e-01,-9.841714799404144287e-02,1.057035923004150391e-01,7.456767559051513672e-01,2.300485521554946899e-01,-3.717934787273406982e-01,1.425755023956298828e-01,3.158723190426826477e-02,-2.862729430198669434e-01,-4.871318638324737549e-01,5.197439193725585938e-01,-1.856558918952941895e-01,7.176968455314636230e-02,-2.843650430440902710e-02,1.040717512369155884e-01,1.228706017136573792e-01,-9.258202314376831055e-01,5.774502158164978027e-01,-6.946529150009155273e-01,4.648231267929077148e-01,3.647932410240173340e-01,-2.044270187616348267e-01,3.906382620334625244e-01,0.000000000000000000e+00,0.000000000000000000e+00,0.000000000000000000e+00,0.000000000000000000e+00,0.000000000000000000e+00,0.000000000000000000e+00,0.000000000000000000e+00,-4.729397594928741455e-01,-5.554202795028686523e-01,5.011789202690124512e-01,3.682288229465484619e-01,-9.200830757617950439e-02,-1.630296409130096436e-01,-4.574468731880187988e-01,0.000000000000000000e+00,0.000000000000000000e+00,0.000000000000000000e+00,0.000000000000000000e+00,0.000000000000000000e+00,0.000000000000000000e+00,0.000000000000000000e+00
-5.306448340415954590e-01,-4.006754755973815918e-01,7.861566543579101562e-01,1.363203744404017925e-03,-5.648939311504364014e-02,-1.475596725940704346e-01,-9.874377250671386719e-01,-1.208335310220718384e-01,1.208409592509269714e-01,8.032251596450805664e-01,2.582156658172607422e-01,-3.692583739757537842e-01,1.378990411758422852e-01,6.806918978691101074e-02,-2.826883792877197266e-01,-5.075404644012451172e-01,4.298785030841827393e-01,-1.679802685976028442e-01,8.678459376096725464e-02,-1.113485638052225113e-02,9.030693769454956055e-02,1.194141060113906860e-01,-9.560335874557495117e-01,6.113286614418029785e-01,-7.126362919807434082e-01,4.402951002120971680e-01,4.021343886852264404e-01,-2.063944488763809204e-01,3.859712779521942139e-01,0.000000000000000000e+00,0.000000000000000000e+00,0.000000000000000000e+00,0.000000000000000000e+00,0.000000000000000000e+00,0.000000000000000000e+00,0.000000000000000000e+00,-4.839646816253662109e-01,-5.399625897407531738e-01,4.842265248298645020e-01,3.635014891624450684e-01,-8.778981864452362061e-02,-1.595411002635955811e-01,-4.733234047889709473e-01,0.000000000000000000e+00,0.000000000000000000e+00,0.000000000000000000e+00,0.000000000000000000e+00,0.000000000000000000e+00,0.000000000000000000e+00,0.000000000000000000e+00
-5.423507690429687500e-01,-4.120733141899108887e-01,7.833570837974548340e-01,-8.252385072410106659e-03,-5.892082303762435913e-02,-1.121436879038810730e-01,-9.919092655181884766e-01,-1.405007690191268921e-01,1.447528898715972900e-01,8.437411785125732422e-01,2.997331917285919189e-01,-3.631961941719055176e-01,1.227827593684196472e-01,8.349660784006118774e-02,-2.798180282115936279e-01,-5.244056582450866699e-01,3.340792059898376465e-01,-1.693028956651687622e-01,1.049260124564170837e-01,-3.482964821159839630e-03,7.381048053503036499e-02,1.205021888017654419e-01,-9.966155290603637695e-01,6.525527238845825195e-01,-7.303151488304138184e-01,4.252615272998809814e-01,4.333273768424987793e-01,-1.993151009082794189e-01,4.020528197288513184e-01,0.000000000000000000e+00,0.000000000000000000e+00,0.000000000000000000e+00,0.000000000000000000e+00,0.000000000000000000e+00,0.000000000000000000e+00,0.000000000000000000e+00,-4.915632903575897217e-01,-5.192171931266784668e-01,4.687447249889373779e-01,3.525986671447753906e-01,-6.964030861854553223e-02,-1.581366062164306641e-01,-5.092383027076721191e-01,0.000000000000000000e+00,0.000000000000000000e+00,0.000000000000000000e+00,0.000000000000000000e+00,0.000000000000000000e+00,0.000000000000000000e+00,0.000000000000000000e+00
-5.540915131568908691e-01,-4.235351681709289551e-01,7.811108231544494629e-01,-1.797655038535594940e-02,-5.616368725895881653e-02,-8.299352973699569702e-02,-9.948037862777709961e-01,-1.608518064022064209e-01,1.804729104042053223e-01,8.560271859169006348e-01,3.570532500743865967e-01,-3.366079926490783691e-01,1.063392981886863708e-01,8.356431871652603149e-02,-2.756272256374359131e-01,-5.189923644065856934e-01,2.673223018646240234e-01,-1.909829676151275635e-01,1.130389049649238586e-01,-2.532570622861385345e-03,5.799516662955284119e-02,1.360633671283721924e-01,-1.040571689605712891e+00,6.920357942581176758e-01,-7.510253190994262695e-01,4.164070487022399902e-01,4.563224613666534424e-01,-1.941400915384292603e-01,4.124119281768798828e-01,0.000000000000000000e+00,0.000000000000000000e+00,0.000000000000000000e+00,0.000000000000000000e+00,0.000000000000000000e+00,0.000000000000000000e+00,0.000000000000000000e+00,-4.896616637706756592e-01,-4.991019070148468018e-01,4.546340405941009521e-01,3.309632241725921631e-01,-5.064556002616882324e-02,-1.601342260837554932e-01,-5.344688296318054199e-01,0.000000000000000000e+00,0.000000000000000000e+00,0.000000000000000000e+00,0.000000000000000000e+00,0.000000000000000000e+00,0.000000000000000000e+00,0.000000000000000000e+00
-5.655685067176818848e-01,-4.342642724514007568e-01,7.821688055992126465e-01,-2.589843235909938812e-02,-5.247478559613227844e-02,-5.362188816070556641e-02,-9.968451857566833496e-01,-1.873639672994613647e-01,2.200237810611724854e-01,8.384720087051391602e-01,4.152555763721466064e-01,-2.816029787063598633e-01,8.220326155424118042e-02,7.468404620885848999e-02,-2.691130936145782471e-01,-4.922451972961425781e-01,2.205792367458343506e-01,-2.070961445569992065e-01,1.221410110592842102e-01,-5.608728155493736267e-03,4.474998638033866882e-02,1.596579551696777344e-01,-1.083487629890441895e+00,7.366394996643066406e-01,-7.772819995880126953e-01,4.069648683071136475e-01,4.791997969150543213e-01,-1.909953206777572632e-01,4.222680628299713135e-01,0.000000000000000000e+00,0.000000000000000000e+00,0.000000000000000000e+00,0.000000000000000000e+00,0.000000000000000000e+00,0.000000000000000000e+00,0.000000000000000000e+00,-4.847180843353271484e-01,-4.783516824245452881e-01,4.340983629226684570e-01,2.965399920940399170e-01,-1.632372848689556122e-02,-1.721247136592864990e-01,-5.592254996299743652e-01,0.000000000000000000e+00,0.000000000000000000e+00,0.000000000000000000e+00,0.000000000000000000e+00,0.000000000000000000e+00,0.000000000000000000e+00,0.000000000000000000e+00
-5.764935612678527832e-01,-4.434991478919982910e-01,7.839973568916320801e-01,-3.366758674383163452e-02,-4.786692932248115540e-02,-2.467964217066764832e-02,-9.979810714721679688e-01,-2.204898744821548462e-01,2.515782713890075684e-01,7.885674238204956055e-01,4.694528281688690186e-01,-2.454626560211181641e-01,5.796555802226066589e-02,6.280807405710220337e-02,-2.630776464939117432e-01,-4.452462494373321533e-01,1.881478577852249146e-01,-2.168176025152206421e-01,1.336405128240585327e-01,-9.183322079479694366e-03,2.734538726508617401e-02,1.850894391536712646e-01,-1.127172112464904785e+00,7.895813584327697754e-01,-8.131286501884460449e-01,4.007145464420318604e-01,4.848406314849853516e-01,-1.899118870496749878e-01,4.242371022701263428e-01,0.000000000000000000e+00,0.000000000000000000e+00,0.000000000000000000e+00,0.000000000000000000e+00,0.000000000000000000e+00,0.000000000000000000e+00,0.000000000000000000e+00,-4.627218544483184814e-01,-4.633275866508483887e-01,4.178285300731658936e-01,2.415691167116165161e-01,2.146929688751697540e-02,-1.923243254423141479e-01,-5.791293382644653320e-01,0.000000000000000000e+00,0.000000000000000000e+00,0.000000000000000000e+00,0.000000000000000000e+00,0.000000000000000000e+00,0.000000000000000000e+00,0.000000000000000000e+00
-5.865793824195861816e-01,-4.507236480712890625e-01,7.848225831985473633e-01,-3.897292166948318481e-02,-4.323885962367057800e-02,-2.256465813843533397e-04,-9.983043074607849121e-01,-2.598959803581237793e-01,2.795791327953338623e-01,7.210268378257751465e-01,5.301822423934936523e-01,-2.413138896226882935e-01,4.110188409686088562e-02,5.058319866657257080e-02,-2.560355961322784424e-01,-3.982716798782348633e-01,1.639255136251449585e-01,-2.195185869932174683e-01,1.406023949384689331e-01,-1.550727337598800659e-02,9.156309068202972412e-03,2.078016996383666992e-01,-1.174989700317382812e+00,8.406290411949157715e-01,-8.551036715507507324e-01,4.065447747707366943e-01,4.959583580493927002e-01,-1.874197423458099365e-01,4.127259552478790283e-01,0.000000000000000000e+00,0.000000000000000000e+00,0.000000000000000000e+00,0.000000000000000000e+00,0.000000000000000000e+00,0.000000000000000000e+00,0.000000000000000000e+00,-4.384622573852539062e-01,-4.569098055362701416e-01,4.003004431724548340e-01,1.804893165826797485e-01,3.447656333446502686e-02,-2.076889723539352417e-01,-5.874603986740112305e-01,0.000000000000000000e+00,0.000000000000000000e+00,0.000000000000000000e+00,0.000000000000000000e+00,0.000000000000000000e+00,0.000000000000000000e+00,0.000000000000000000e+00
-5.956327915191650391e-01,-4.557529985904693604e-01,7.852178812026977539e-01,-4.290490597486495972e-02,-3.977630659937858582e-02,2.396708540618419647e-02,-9.979993104934692383e-01,-2.949005961418151855e-01,3.022341728210449219e-01,6.459826231002807617e-01,5.843538641929626465e-01,-2.370332777500152588e-01,2.467596158385276794e-02,3.396750986576080322e-02,-2.492906153202056885e-01,-3.505997359752655029e-01,1.493374407291412354e-01,-2.232903540134429932e-01,1.404913365840911865e-01,-2.216546982526779175e-02,-3.064970718696713448e-03,2.256726026535034180e-01,-1.224707484245300293e+00,8.779804110527038574e-01,-8.963587284088134766e-01,4.276295602321624756e-01,4.946199655532836914e-01,-1.888653337955474854e-01,4.038250446319580078e-01,0.000000000000000000e+00,0.000000000000000000e+00,0.000000000000000000e+00,0.000000000000000000e+00,0.000000000000000000e+00,0.000000000000000000e+00,0.000000000000000000e+00,-4.142588973045349121e-01,-4.617982208728790283e-01,3.857594728469848633e-01,1.169423758983612061e-01,4.700761288404464722e-02,-2.228747755289077759e-01,-5.913289785385131836e-01,0.000000000000000000e+00,0.000000000000000000e+00,0.000000000000000000e+00,0.000000000000000000e+00,0.000000000000000000e+00,0.000000000000000000e+00,0.000000000000000000e+00
-6.034061312675476074e-01,-4.585973024368286133e-01,7.856465578079223633e-01,-4.645088687539100647e-02,-3.533189371228218079e-02,4.767063260078430176e-02,-9.971566796302795410e-01,-3.215151429176330566e-01,3.242611885070800781e-01,5.795626044273376465e-01,6.204557418823242188e-01,-2.215347141027450562e-01,8.223987184464931488e-03,1.839269138872623444e-02,-2.457340806722640991e-01,-3.056362569332122803e-01,1.435681134462356567e-01,-2.254153341054916382e-01,1.382936686277389526e-01,-3.180386498570442200e-02,-1.590292900800704956e-02,2.424797117710113525e-01,-1.275525927543640137e+00,9.156627655029296875e-01,-9.479046463966369629e-01,4.534350633621215820e-01,4.926187694072723389e-01,-1.941628903150558472e-01,3.944753706455230713e-01,0.000000000000000000e+00,0.000000000000000000e+00,0.000000000000000000e+00,0.000000000000000000e+00,0.000000000000000000e+00,0.000000000000000000e+00,0.000000000000000000e+00,-3.913120031356811523e-01,-4.710407555103302002e-01,3.725309073925018311e-01,5.830065906047821045e-02,7.707455754280090332e-02,-2.382637560367584229e-01,-5.973537564277648926e-01,0.000000000000000000e+00,0.000000000000000000e+00,0.000000000000000000e+00,0.000000000000000000e+00,0.000000000000000000e+00,0.000000000000000000e+00,0.000000000000000000e+00
-6.097332835197448730e-01,-4.593115746974945068e-01,7.850282192230224609e-01,-4.692391306161880493e-02,-3.260835260152816772e-02,6.912847608327865601e-02,-9.959699511528015137e-01,-3.322558999061584473e-01,3.409216403961181641e-01,5.410878658294677734e-01,6.299039125442504883e-01,-2.201656252145767212e-01,-6.047743954695761204e-04,1.834858092479407787e-03,-2.370172888040542603e-01,-2.560359835624694824e-01,1.380353718996047974e-01,-2.247871458530426025e-01,1.474127471446990967e-01,-4.803414270281791687e-02,-3.525828197598457336e-02,2.489254772663116455e-01,-1.319296836853027344e+00,9.499278664588928223e-01,-9.903293251991271973e-01,4.907282888889312744e-01,4.872045814990997314e-01,-1.981873661279678345e-01,3.925593793392181396e-01,0.000000000000000000e+00,0.000000000000000000e+00,0.000000000000000000e+00,0.000000000000000000e+00,0.000000000000000000e+00,0.000000000000000000e+00,0.000000000000000000e+00,-3.767725527286529541e-01,-4.960742592811584473e-01,3.732317984104156494e-01,5.682994960807263851e-04,7.852342724800109863e-02,-2.420066297054290771e-01,-5.860006809234619141e-01,0.000000000000000000e+00,0.000000000000000000e+00,0.000000000000000000e+00,0.000000000000000000e+00,0.000000000000000000e+00,0.000000000000000000e+00,0.000000000000000000e+00
-6.145395636558532715e-01,-4.582156538963317871e-01,7.850994467735290527e-01,-4.826119169592857361e-02,-2.943689934909343719e-02,8.862426131963729858e-02,-9.944596886634826660e-01,-3.348309695720672607e-01,3.601406514644622803e-01,5.108786225318908691e-01,6.201502084732055664e-01,-2.110550850629806519e-01,-9.463625028729438782e-03,-1.163084805011749268e-02,-2.343327552080154419e-01,-2.153784334659576416e-01,1.353768557310104370e-01,-2.180529534816741943e-01,1.536864191293716431e-01,-6.795595586299896240e-02,-5.451278761029243469e-02,2.576624751091003418e-01,-1.368546366691589355e+00,9.883968234062194824e-01,-1.038204789161682129e+00,5.278032422065734863e-01,4.847932159900665283e-01,-2.058843523263931274e-01,3.696159720420837402e-01,0.000000000000000000e+00,0.000000000000000000e+00,0.000000000000000000e+00,0.000000000000000000e+00,0.000000000000000000e+00,0.000000000000000000e+00,0.000000000000000000e+00,-3.659124076366424561e-01,-5.165452957153320312e-01,3.683483004570007324e-01,-5.560740455985069275e-02,1.127559468150138855e-01,-2.581351697444915771e-01,-5.827643871307373047e-01,0.000000000000000000e+00,0.000000000000000000e+00,0.000000000000000000e+00,0.000000000000000000e+00,0.000000000000000000e+00,0.000000000000000000e+00,0.000000000000000000e+00
-6.176862716674804688e-01,-4.556059539318084717e-01,7.853972315788269043e-01,-4.945325478911399841e-02,-2.484242245554924011e-02,1.028786972165107727e-01,-9.931531548500061035e-01,-3.286615014076232910e-01,3.701736032962799072e-01,4.822317659854888916e-01,5.996029376983642578e-01,-1.983728706836700439e-01,-1.642847433686256409e-02,-1.662737503647804260e-02,-2.360573261976242065e-01,-1.863993853330612183e-01,1.338272392749786377e-01,-2.081519365310668945e-01,1.605913490056991577e-01,-8.944147825241088867e-02,-7.080318033695220947e-02,2.578865885734558105e-01,-1.393383741378784180e+00,1.021990060806274414e+00,-1.069985389709472656e+00,5.538837313652038574e-01,4.804730415344238281e-01,-2.108076512813568115e-01,3.677430748939514160e-01,0.000000000000000000e+00,0.000000000000000000e+00,0.000000000000000000e+00,0.000000000000000000e+00,0.000000000000000000e+00,0.000000000000000000e+00,0.000000000000000000e+00,-3.410405516624450684e-01,-5.385455489158630371e-01,3.519499003887176514e-01,-8.900857716798782349e-02,1.398281753063201904e-01,-2.709213197231292725e-01,-5.867992639541625977e-01,0.000000000000000000e+00,0.000000000000000000e+00,0.000000000000000000e+00,0.000000000000000000e+00,0.000000000000000000e+00,0.000000000000000000e+00,0.000000000000000000e+00
-6.193501949310302734e-01,-4.518502652645111084e-01,7.854231595993041992e-01,-4.922796040773391724e-02,-2.100944332778453827e-02,1.149604171514511108e-01,-9.919270873069763184e-01,-3.218528032302856445e-01,3.801976442337036133e-01,4.559422731399536133e-01,5.695676207542419434e-01,-1.787251532077789307e-01,-2.950372919440269470e-02,-2.221602015197277069e-02,-2.370523959398269653e-01,-1.589919030666351318e-01,1.370657831430435181e-01,-2.003583312034606934e-01,1.628445237874984741e-01,-1.086057573556900024e-01,-8.291882276535034180e-02,2.589358985424041748e-01,-1.415755033493041992e+00,1.054241418838500977e+00,-1.095304727554321289e+00,5.750277042388916016e-01,4.863767921924591064e-01,-2.126251608133316040e-01,3.693093955516815186e-01,0.000000000000000000e+00,0.000000000000000000e+00,0.000000000000000000e+00,0.000000000000000000e+00,0.000000000000000000e+00,0.000000000000000000e+00,0.000000000000000000e+00,-3.169516623020172119e-01,-5.596405267715454102e-01,3.248348832130432129e-01,-1.203071102499961853e-01,1.714477688074111938e-01,-2.845330238342285156e-01,-5.940015912055969238e-01,0.000000000000000000e+00,0.000000000000000000e+00,0.000000000000000000e+00,0.000000000000000000e+00,0.000000000000000000e+00,0.000000000000000000e+00,0.000000000000000000e+00
-6.195131540298461914e-01,-4.472275972366333008e-01,7.844608426094055176e-01,-4.722955822944641113e-02,-2.044343017041683197e-02,1.237152218818664551e-01,-9.909823536872863770e-01,-3.158929347991943359e-01,3.875735104084014893e-01,4.313247799873352051e-01,5.347185134887695312e-01,-1.651221364736557007e-01,-4.425692558288574219e-02,-3.014611639082431793e-02,-2.350888848304748535e-01,-1.342520266771316528e-01,1.396599113941192627e-01,-1.983475387096405029e-01,1.649589836597442627e-01,-1.198109313845634460e-01,-9.072654694318771362e-02,2.575458586215972900e-01,-1.418363213539123535e+00,1.073079705238342285e+00,-1.095005154609680176e+00,5.902097225189208984e-01,4.442596435546875000e-01,-2.243288308382034302e-01,3.716158568859100342e-01,0.000000000000000000e+00,0.000000000000000000e+00,0.000000000000000000e+00,0.000000000000000000e+00,0.000000000000000000e+00,0.000000000000000000e+00,0.000000000000000000e+00,-3.061230182647705078e-01,-5.689219236373901367e-01,3.038703799247741699e-01,-1.388589590787887573e-01,2.332981526851654053e-01,-2.994783520698547363e-01,-6.078594923019409180e-01,0.000000000000000000e+00,0.000000000000000000e+00,0.000000000000000000e+00,0.000000000000000000e+00,0.000000000000000000e+00,0.000000000000000000e+00,0.000000000000000000e+00
-6.184707880020141602e-01,-4.420261383056640625e-01,7.833567857742309570e-01,-4.519203305244445801e-02,-1.903213746845722198e-02,1.265913844108581543e-01,-9.907422065734863281e-01,-3.146245479583740234e-01,4.011773169040679932e-01,4.201892912387847900e-01,5.261278152465820312e-01,-1.575697064399719238e-01,-4.598157107830047607e-02,-3.098724223673343658e-02,-2.372851371765136719e-01,-1.209660992026329041e-01,1.431784778833389282e-01,-1.998370885848999023e-01,1.673262268304824829e-01,-1.335925310850143433e-01,-9.262531995773315430e-02,2.602444291114807129e-01,-1.411665678024291992e+00,1.104161977767944336e+00,-1.099415540695190430e+00,5.854543447494506836e-01,4.604192376136779785e-01,-2.386871576309204102e-01,4.006731510162353516e-01,0.000000000000000000e+00,0.000000000000000000e+00,0.000000000000000000e+00,0.000000000000000000e+00,0.000000000000000000e+00,0.000000000000000000e+00,0.000000000000000000e+00,-2.806808054447174072e-01,-5.946651101112365723e-01,2.593704462051391602e-01,-1.422845274209976196e-01,2.315790653228759766e-01,-3.148380219936370850e-01,-6.578626036643981934e-01,0.000000000000000000e+00,0.000000000000000000e+00,0.000000000000000000e+00,0.000000000000000000e+00,0.000000000000000000e+00,0.000000000000000000e+00,0.000000000000000000e+00
-6.161196827888488770e-01,-4.363035857677459717e-01,7.825148105621337891e-01,-4.383418336510658264e-02,-1.694880425930023193e-02,1.243437901139259338e-01,-9.911255836486816406e-01,-3.160040378570556641e-01,4.175556302070617676e-01,4.153726994991302490e-01,5.298753380775451660e-01,-1.554812490940093994e-01,-4.982053488492965698e-02,-2.492086775600910187e-02,-2.449017167091369629e-01,-1.187263876199722290e-01,1.462124735116958618e-01,-2.008775770664215088e-01,1.704337298870086670e-01,-1.422538012266159058e-01,-9.003870934247970581e-02,2.551727890968322754e-01,-1.394456148147583008e+00,1.129783391952514648e+00,-1.090633511543273926e+00,5.677500963211059570e-01,4.510823190212249756e-01,-2.507906258106231689e-01,4.220226109027862549e-01,0.000000000000000000e+00,0.000000000000000000e+00,0.000000000000000000e+00,0.000000000000000000e+00,0.000000000000000000e+00,0.000000000000000000e+00,0.000000000000000000e+00,-2.624853551387786865e-01,-6.197797656059265137e-01,2.030414044857025146e-01,-1.585129350423812866e-01,2.314432710409164429e-01,-3.279289603233337402e-01,-7.030074596405029297e-01,0.000000000000000000e+00,0.000000000000000000e+00,0.000000000000000000e+00,0.000000000000000000e+00,0.000000000000000000e+00,0.000000000000000000e+00,0.000000000000000000e+00
-6.124849319458007812e-01,-4.300008118152618408e-01,7.815626263618469238e-01,-4.216833040118217468e-02,-1.499062869697809219e-02,1.176295429468154907e-01,-9.920485615730285645e-01,-3.235753774642944336e-01,4.339279234409332275e-01,4.114881455898284912e-01,5.463200211524963379e-01,-1.574345976114273071e-01,-5.202348157763481140e-02,-1.519370917230844498e-02,-2.546924054622650146e-01,-1.233663037419319153e-01,1.516163647174835205e-01,-2.033538967370986938e-01,1.695794910192489624e-01,-1.503980606794357300e-01,-8.426659554243087769e-02,2.491459697484970093e-01,-1.366742372512817383e+00,1.155472517013549805e+00,-1.070185780525207520e+00,5.388877391815185547e-01,4.456016123294830322e-01,-2.617564201354980469e-01,4.445863068103790283e-01,0.000000000000000000e+00,0.000000000000000000e+00,0.000000000000000000e+00,0.000000000000000000e+00,0.000000000000000000e+00,0.000000000000000000e+00,0.000000000000000000e+00,-2.385138124227523804e-01,-6.484861373901367188e-01,1.168790683150291443e-01,-1.793813258409500122e-01,2.127190083265304565e-01,-3.408718705177307129e-01,-7.645336985588073730e-01,0.000000000000000000e+00,0.000000000000000000e+00,0.000000000000000000e+00,0.000000000000000000e+00,0.000000000000000000e+00,0.000000000000000000e+00,0.000000000000000000e+00
-6.077039837837219238e-01,-4.230330288410186768e-01,7.801941037178039551e-01,-3.866524621844291687e-02,-1.506993826478719711e-02,1.063771396875381470e-01,-9.934595227241516113e-01,-3.420848250389099121e-01,4.526500701904296875e-01,4.079155921936035156e-01,5.798256993293762207e-01,-1.666237562894821167e-01,-5.261328443884849548e-02,-2.369707450270652771e-03,-2.614637017250061035e-01,-1.340433061122894287e-01,1.531448513269424438e-01,-2.073635607957839966e-01,1.646737903356552124e-01,-1.487070173025131226e-01,-7.159610092639923096e-02,2.443297952413558960e-01,-1.324221968650817871e+00,1.167809963226318359e+00,-1.028522849082946777e+00,5.030981302261352539e-01,4.508006572723388672e-01,-2.668491005897521973e-01,4.723430275917053223e-01,0.000000000000000000e+00,0.000000000000000000e+00,0.000000000000000000e+00,0.000000000000000000e+00,0.000000000000000000e+00,0.000000000000000000e+00,0.000000000000000000e+00,-2.331430912017822266e-01,-6.781123280525207520e-01,-8.239074610173702240e-03,-2.137945890426635742e-01,1.715455949306488037e-01,-3.462464213371276855e-01,-8.544980883598327637e-01,0.000000000000000000e+00,0.000000000000000000e+00,0.000000000000000000e+00,0.000000000000000000e+00,0.000000000000000000e+00,0.000000000000000000e+00,0.000000000000000000e+00
-6.016292572021484375e-01,-4.150777161121368408e-01,7.785427570343017578e-01,-3.442837297916412354e-02,-1.523490436375141144e-02,9.147580713033676147e-02,-9.950953722000122070e-01,-3.603271245956420898e-01,4.688101112842559814e-01,4.138740003108978271e-01,6.124057769775390625e-01,-1.776544749736785889e-01,-4.911892116069793701e-02,1.583418250083923340e-02,-2.704824507236480713e-01,-1.611788570880889893e-01,1.545236706733703613e-01,-2.098811268806457520e-01,1.610723137855529785e-01,-1.430483311414718628e-01,-6.090140715241432190e-02,2.300260514020919800e-01,-1.273985266685485840e+00,1.174581646919250488e+00,-9.861873388290405273e-01,4.706508815288543701e-01,4.465323090553283691e-01,-2.724928855895996094e-01,4.988507628440856934e-01,0.000000000000000000e+00,0.000000000000000000e+00,0.000000000000000000e+00,0.000000000000000000e+00,0.000000000000000000e+00,0.000000000000000000e+00,0.000000000000000000e+00,-2.378889471292495728e-01,-7.191168069839477539e-01,-1.209974661469459534e-01,-2.497824132442474365e-01,1.036611273884773254e-01,-3.425466716289520264e-01,-9.370711445808410645e-01,0.000000000000000000e+00,0.000000000000000000e+00,0.000000000000000000e+00,0.000000000000000000e+00,0.000000000000000000e+00,0.000000000000000000e+00,0.000000000000000000e+00
-5.945957303047180176e-01,-4.062620699405670166e-01,7.772676348686218262e-01,-3.173138946294784546e-02,-1.770911552011966705e-02,6.709007918834686279e-02,-9.970849752426147461e-01,-3.818333148956298828e-01,4.981456995010375977e-01,4.422820806503295898e-01,6.594297885894775391e-01,-1.872303932905197144e-01,-4.116431251168251038e-02,3.884668275713920593e-02,-2.874706983566284180e-01,-2.153460979461669922e-01,1.549241244792938232e-01,-2.070077955722808838e-01,1.637137383222579956e-01,-1.302967071533203125e-01,-5.163019895553588867e-02,2.018139362335205078e-01,-1.224167346954345703e+00,1.161161422729492188e+00,-9.514575004577636719e-01,4.186201989650726318e-01,4.186058342456817627e-01,-2.778526842594146729e-01,5.089507699012756348e-01,0.000000000000000000e+00,0.000000000000000000e+00,0.000000000000000000e+00,0.000000000000000000e+00,0.000000000000000000e+00,0.000000000000000000e+00,0.000000000000000000e+00,-2.866730988025665283e-01,-7.853571772575378418e-01,-2.517381608486175537e-01,-2.587946057319641113e-01,3.182943165302276611e-02,-3.177069723606109619e-01,-1.015587925910949707e+00,0.000000000000000000e+00,0.000000000000000000e+00,0.000000000000000000e+00,0.000000000000000000e+00,0.000000000000000000e+00,0.000000000000000000e+00,0.000000000000000000e+00
-5.864767432212829590e-01,-3.962432146072387695e-01,7.729943990707397461e-01,-2.455236576497554779e-02,-2.562278695404529572e-02,3.600667789578437805e-02,-9.987212419509887695e-01,-4.104479253292083740e-01,5.089281201362609863e-01,4.664168953895568848e-01,6.950294375419616699e-01,-2.055778652429580688e-01,-3.399759531021118164e-02,6.196422874927520752e-02,-2.938193976879119873e-01,-2.792288362979888916e-01,1.497296392917633057e-01,-2.185435444116592407e-01,1.659629642963409424e-01,-1.078422814607620239e-01,-3.952431678771972656e-02,1.655949503183364868e-01,-1.169397950172424316e+00,1.113675832748413086e+00,-9.089995026588439941e-01,3.875164091587066650e-01,4.156134724617004395e-01,-2.790531218051910400e-01,5.228738784790039062e-01,0.000000000000000000e+00,0.000000000000000000e+00,0.000000000000000000e+00,0.000000000000000000e+00,0.000000000000000000e+00,0.000000000000000000e+00,0.000000000000000000e+00,-3.387612104415893555e-01,-8.518127799034118652e-01,-3.593160510063171387e-01,-2.524238824844360352e-01,-7.333389669656753540e-02,-2.714699506759643555e-01,-1.117125749588012695e+00,0.000000000000000000e+00,0.000000000000000000e+00,0.000000000000000000e+00,0.000000000000000000e+00,0.000000000000000000e+00,0.000000000000000000e+00,0.000000000000000000e+00
-5.773951411247253418e-01,-3.850612342357635498e-01,7.661733031272888184e-01,-1.480614393949508667e-02,-3.546944633126258850e-02,2.956018433906137943e-04,-9.992610216140747070e-01,-4.374065995216369629e-01,5.059004426002502441e-01,4.709243774414062500e-01,7.005109190940856934e-01,-2.301550358533859253e-01,-2.876384742558002472e-02,8.871835470199584961e-02,-2.942079603672027588e-01,-3.506489098072052002e-01,1.431619524955749512e-01,-2.406753748655319214e-01,1.679121553897857666e-01,-7.377763837575912476e-02,-2.999722398817539215e-02,1.182069927453994751e-01,-1.105219960212707520e+00,1.050280332565307617e+00,-8.717294335365295410e-01,3.577252328395843506e-01,4.032748043537139893e-01,-2.788794040679931641e-01,5.131930112838745117e-01,0.000000000000000000e+00,0.000000000000000000e+00,0.000000000000000000e+00,0.000000000000000000e+00,0.000000000000000000e+00,0.000000000000000000e+00,0.000000000000000000e+00,-4.115340709686279297e-01,-9.548705816268920898e-01,-4.470955729484558105e-01,-2.318055033683776855e-01,-1.893824040889739990e-01,-1.982657611370086670e-01,-1.201428294181823730e+00,0.000000000000000000e+00,0.000000000000000000e+00,0.000000000000000000e+00,0.000000000000000000e+00,0.000000000000000000e+00,0.000000000000000000e+00,0.000000000000000000e+00
-5.679807662963867188e-01,-3.727061450481414795e-01,7.606111168861389160e-01,-5.052984226495027542e-03,-4.402010142803192139e-02,-3.440455347299575806e-02,-9.984252452850341797e-01,-4.663832485675811768e-01,4.896353185176849365e-01,4.626621603965759277e-01,6.931915879249572754e-01,-2.640651464462280273e-01,-1.463283319026231766e-02,1.166434511542320251e-01,-2.931101918220520020e-01,-4.156093001365661621e-01,1.410337984561920166e-01,-2.470135241746902466e-01,1.685149371623992920e-01,-3.277758881449699402e-02,-1.766028068959712982e-02,7.434587180614471436e-02,-1.064377903938293457e+00,9.638430476188659668e-01,-8.532000184059143066e-01,3.348918259143829346e-01,4.036531746387481689e-01,-2.790742218494415283e-01,4.983533322811126709e-01,0.000000000000000000e+00,0.000000000000000000e+00,0.000000000000000000e+00,0.000000000000000000e+00,0.000000000000000000e+00,0.000000000000000000e+00,0.000000000000000000e+00,-4.848725199699401855e-01,-1.075821638107299805e+00,-4.665829837322235107e-01,-1.764723807573318481e-01,-2.858840823173522949e-01,-1.148376762866973877e-01,-1.277746438980102539e+00,0.000000000000000000e+00,0.000000000000000000e+00,0.000000000000000000e+00,0.000000000000000000e+00,0.000000000000000000e+00,0.000000000000000000e+00,0.000000000000000000e+00
-5.581172704696655273e-01,-3.597665131092071533e-01,7.535769939422607422e-01,3.022089134901762009e-03,-5.348171293735504150e-02,-7.051742076873779297e-02,-9.960712194442749023e-01,-4.937452673912048340e-01,4.440329670906066895e-01,4.307511746883392334e-01,6.692026257514953613e-01,-3.018801510334014893e-01,5.337899783626198769e-04,1.476811021566390991e-01,-2.907767593860626221e-01,-4.579479098320007324e-01,1.326689869165420532e-01,-2.547221183776855469e-01,1.749755740165710449e-01,2.661545947194099426e-02,-2.391838468611240387e-02,3.149234130978584290e-02,-1.039879202842712402e+00,8.678714632987976074e-01,-8.642533421516418457e-01,3.246802091598510742e-01,4.002989530563354492e-01,-2.872956395149230957e-01,4.606427252292633057e-01,0.000000000000000000e+00,0.000000000000000000e+00,0.000000000000000000e+00,0.000000000000000000e+00,0.000000000000000000e+00,0.000000000000000000e+00,0.000000000000000000e+00,-5.873305797576904297e-01,-1.177933573722839355e+00,-4.597852230072021484e-01,-1.322726905345916748e-01,-3.453939855098724365e-01,-5.541525408625602722e-02,-1.332872033119201660e+00,0.000000000000000000e+00,0.000000000000000000e+00,0.000000000000000000e+00,0.000000000000000000e+00,0.000000000000000000e+00,0.000000000000000000e+00,0.000000000000000000e+00
-5.483632683753967285e-01,-3.466545045375823975e-01,7.463842034339904785e-01,8.786051534116268158e-03,-6.464315950870513916e-02,-1.085752472281455994e-01,-9.919453263282775879e-01,-5.245913267135620117e-01,3.855676352977752686e-01,3.859105706214904785e-01,6.502614021301269531e-01,-3.453957140445709229e-01,2.182775549590587616e-02,1.741317659616470337e-01,-2.917822897434234619e-01,-4.710739552974700928e-01,1.299930214881896973e-01,-2.543400228023529053e-01,1.829392760992050171e-01,1.008989885449409485e-01,-4.644794017076492310e-02,-6.351213436573743820e-03,-1.052163481712341309e+00,7.638103365898132324e-01,-9.032539725303649902e-01,3.207598924636840820e-01,4.152432382106781006e-01,-3.015238344669342041e-01,4.327077567577362061e-01,0.000000000000000000e+00,0.000000000000000000e+00,0.000000000000000000e+00,0.000000000000000000e+00,0.000000000000000000e+00,0.000000000000000000e+00,0.000000000000000000e+00,-7.218287587165832520e-01,-1.272963881492614746e+00,-4.099163115024566650e-01,-6.951195746660232544e-02,-3.680892586708068848e-01,-1.842934079468250275e-02,-1.360950589179992676e+00,0.000000000000000000e+00,0.000000000000000000e+00,0.000000000000000000e+00,0.000000000000000000e+00,0.000000000000000000e+00,0.000000000000000000e+00,0.000000000000000000e+00
-5.396951436996459961e-01,-3.334836363792419434e-01,7.467588782310485840e-01,1.711258664727210999e-02,-7.601531594991683960e-02,-1.439560353755950928e-01,-9.865117669105529785e-01,-5.533557534217834473e-01,3.304111063480377197e-01,3.261908888816833496e-01,6.176664233207702637e-01,-3.508569598197937012e-01,2.937288768589496613e-02,1.957955509424209595e-01,-2.897656559944152832e-01,-5.186465382575988770e-01,1.353032886981964111e-01,-1.897233426570892334e-01,1.839160472154617310e-01,1.914708614349365234e-01,-7.410579919815063477e-02,-3.208302333950996399e-02,-1.090049386024475098e+00,6.577937602996826172e-01,-9.633067846298217773e-01,3.301853239536285400e-01,4.297474920749664307e-01,-3.142789900302886963e-01,4.027760922908782959e-01,0.000000000000000000e+00,0.000000000000000000e+00,0.000000000000000000e+00,0.000000000000000000e+00,0.000000000000000000e+00,0.000000000000000000e+00,0.000000000000000000e+00,-8.993157148361206055e-01,-1.325978875160217285e+00,-3.107311129570007324e-01,3.207675740122795105e-02,-3.606613278388977051e-01,3.081689821556210518e-03,-1.370972275733947754e+00,0.000000000000000000e+00,0.000000000000000000e+00,0.000000000000000000e+00,0.000000000000000000e+00,0.000000000000000000e+00,0.000000000000000000e+00,0.000000000000000000e+00
-5.316664576530456543e-01,-3.205743134021759033e-01,7.505569458007812500e-01,2.511365339159965515e-02,-8.650987595319747925e-02,-1.795335263013839722e-01,-9.796188473701477051e-01,-5.700801014900207520e-01,2.751621901988983154e-01,2.695666849613189697e-01,5.735628604888916016e-01,-3.385230898857116699e-01,2.932531945407390594e-02,2.185810953378677368e-01,-2.768221497535705566e-01,-5.161392688751220703e-01,1.364842206239700317e-01,-1.379704326391220093e-01,1.759859472513198853e-01,2.595978379249572754e-01,-1.086139082908630371e-01,-4.543717578053474426e-02,-1.122862339019775391e+00,5.630181431770324707e-01,-1.026707053184509277e+00,3.386891186237335205e-01,3.893125951290130615e-01,-3.197216689586639404e-01,3.684051334857940674e-01,0.000000000000000000e+00,0.000000000000000000e+00,0.000000000000000000e+00,0.000000000000000000e+00,0.000000000000000000e+00,0.000000000000000000e+00,0.000000000000000000e+00,-1.141461253166198730e+00,-1.337952613830566406e+00,-1.173255890607833862e-01,1.899205446243286133e-01,-3.024680912494659424e-01,2.135910035576671362e-04,-1.332518458366394043e+00,0.000000000000000000e+00,0.000000000000000000e+00,0.000000000000000000e+00,0.000000000000000000e+00,0.000000000000000000e+00,0.000000000000000000e+00,0.000000000000000000e+00
-5.244135856628417969e-01,-3.081353306770324707e-01,7.555339932441711426e-01,3.356352075934410095e-02,-9.432499855756759644e-02,-2.155035287141799927e-01,-9.713570475578308105e-01,-5.725576281547546387e-01,2.238424569368362427e-01,2.231130748987197876e-01,5.171731114387512207e-01,-3.180993199348449707e-01,3.313168510794639587e-02,2.383251339197158813e-01,-2.601834535598754883e-01,-4.764866828918457031e-01,1.454076021909713745e-01,-9.676625579595565796e-02,1.816625446081161499e-01,3.029179275035858154e-01,-1.404134333133697510e-01,-4.388048499822616577e-02,-1.149109005928039551e+00,4.872645437717437744e-01,-1.064854383468627930e+00,3.538619577884674072e-01,3.363276124000549316e-01,-3.099751174449920654e-01,3.406378328800201416e-01,0.000000000000000000e+00,0.000000000000000000e+00,0.000000000000000000e+00,0.000000000000000000e+00,0.000000000000000000e+00,0.000000000000000000e+00,0.000000000000000000e+00,-1.438067078590393066e+00,-1.304992556571960449e+00,1.721559017896652222e-01,4.059261083602905273e-01,-2.196744233369827271e-01,-1.975632831454277039e-02,-1.243641495704650879e+00,0.000000000000000000e+00,0.000000000000000000e+00,0.000000000000000000e+00,0.000000000000000000e+00,0.000000000000000000e+00,0.000000000000000000e+00,0.000000000000000000e+00
-5.178704857826232910e-01,-2.961435317993164062e-01,7.604351043701171875e-01,4.066272079944610596e-02,-1.039483025670051575e-01,-2.490042299032211304e-01,-9.620489478111267090e-01,-5.718297362327575684e-01,1.725127696990966797e-01,1.780411303043365479e-01,4.529977738857269287e-01,-2.865507602691650391e-01,3.303997218608856201e-02,2.489944845438003540e-01,-2.409092485904693604e-01,-3.990042507648468018e-01,1.631383746862411499e-01,-3.497819602489471436e-02,1.950007826089859009e-01,3.304284512996673584e-01,-1.621589362621307373e-01,-3.309532999992370605e-02,-1.155709385871887207e+00,4.322102665901184082e-01,-1.072839975357055664e+00,3.633307814598083496e-01,2.830888628959655762e-01,-2.937955260276794434e-01,3.197057545185089111e-01,0.000000000000000000e+00,0.000000000000000000e+00,0.000000000000000000e+00,0.000000000000000000e+00,0.000000000000000000e+00,0.000000000000000000e+00,0.000000000000000000e+00,-1.698843359947204590e+00,-1.233555555343627930e+00,4.756377041339874268e-01,6.637392640113830566e-01,-1.135034039616584778e-01,-5.259039998054504395e-02,-1.085044741630554199e+00,0.000000000000000000e+00,0.000000000000000000e+00,0.000000000000000000e+00,0.000000000000000000e+00,0.000000000000000000e+00,0.000000000000000000e+00,0.000000000000000000e+00
-5.118384957313537598e-01,-2.848579585552215576e-01,7.640601396560668945e-01,5.357912182807922363e-02,-1.151896268129348755e-01,-2.723311781883239746e-01,-9.537800550460815430e-01,-5.846644639968872070e-01,1.495169252157211304e-01,1.494232565164566040e-01,4.126025438308715820e-01,-2.627646625041961670e-01,2.890498563647270203e-02,2.585097849369049072e-01,-2.289848774671554565e-01,-3.269782662391662598e-01,1.712578833103179932e-01,4.502308368682861328e-02,2.153846323490142822e-01,3.553261756896972656e-01,-1.825613379478454590e-01,-1.828172616660594940e-02,-1.165323853492736816e+00,3.855724334716796875e-01,-1.077415466308593750e+00,3.753932714462280273e-01,2.387336194515228271e-01,-2.699051499366760254e-01,2.991958260536193848e-01,0.000000000000000000e+00,0.000000000000000000e+00,0.000000000000000000e+00,0.000000000000000000e+00,0.000000000000000000e+00,0.000000000000000000e+00,0.000000000000000000e+00,-1.869260430335998535e+00,-1.150343418121337891e+00,7.276595830917358398e-01,9.182496070861816406e-01,-2.753686346113681793e-02,-6.091836839914321899e-02,-8.665525913238525391e-01,0.000000000000000000e+00,0.000000000000000000e+00,0.000000000000000000e+00,0.000000000000000000e+00,0.000000000000000000e+00,0.000000000000000000e+00,0.000000000000000000e+00
-5.058759450912475586e-01,-2.742794752120971680e-01,7.669248580932617188e-01,6.891636550426483154e-02,-1.283207684755325317e-01,-2.942423820495605469e-01,-9.445664286613464355e-01,-6.055837273597717285e-01,1.355560719966888428e-01,1.214405968785285950e-01,3.809593021869659424e-01,-2.359712719917297363e-01,1.298666931688785553e-02,2.677882015705108643e-01,-2.185382097959518433e-01,-2.393906563520431519e-01,1.744910329580307007e-01,1.199677661061286926e-01,2.321469336748123169e-01,3.782508075237274170e-01,-1.994311064481735229e-01,2.644098130986094475e-03,-1.178526759147644043e+00,3.540689945220947266e-01,-1.085042834281921387e+00,3.803770840167999268e-01,2.132297307252883911e-01,-2.522896528244018555e-01,2.879042029380798340e-01,0.000000000000000000e+00,0.000000000000000000e+00,0.000000000000000000e+00,0.000000000000000000e+00,0.000000000000000000e+00,0.000000000000000000e+00,0.000000000000000000e+00,-1.965791583061218262e+00,-1.056241393089294434e+00,9.232479929924011230e-01,1.141868591308593750e+00,-2.145379595458507538e-02,-4.225441068410873413e-02,-6.420444250106811523e-01,0.000000000000000000e+00,0.000000000000000000e+00,0.000000000000000000e+00,0.000000000000000000e+00,0.000000000000000000e+00,0.000000000000000000e+00,0.000000000000000000e+00
-4.999170899391174316e-01,-2.642357945442199707e-01,7.681411504745483398e-01,8.797165006399154663e-02,-1.431441307067871094e-01,-3.108793795108795166e-01,-9.354810118675231934e-01,-6.366109251976013184e-01,1.382650136947631836e-01,1.004931852221488953e-01,3.618497550487518311e-01,-2.217274755239486694e-01,1.522646285593509674e-03,2.693697512149810791e-01,-2.229656130075454712e-01,-1.775264889001846313e-01,1.743476241827011108e-01,1.807938665151596069e-01,2.485997229814529419e-01,4.002796411514282227e-01,-2.086417824029922485e-01,3.179128095507621765e-02,-1.199517488479614258e+00,3.349575400352478027e-01,-1.096438884735107422e+00,3.752246797084808350e-01,1.928699910640716553e-01,-2.458817660808563232e-01,2.680662274360656738e-01,0.000000000000000000e+00,0.000000000000000000e+00,0.000000000000000000e+00,0.000000000000000000e+00,0.000000000000000000e+00,0.000000000000000000e+00,0.000000000000000000e+00,-2.017134189605712891e+00,-9.903225302696228027e-01,1.040708065032958984e+00,1.266546607017517090e+00,-3.352032601833343506e-02,-3.740289807319641113e-02,-4.904794991016387939e-01,0.000000000000000000e+00,0.000000000000000000e+00,0.000000000000000000e+00,0.000000000000000000e+00,0.000000000000000000e+00,0.000000000000000000e+00,0.000000000000000000e+00
-4.935114383697509766e-01,-2.551125884056091309e-01,7.677214145660400391e-01,1.091641411185264587e-01,-1.574782580137252808e-01,-3.212415277957916260e-01,-9.274091124534606934e-01,-6.737077236175537109e-01,1.549442410469055176e-01,8.439808338880538940e-02,3.557290434837341309e-01,-2.154528349637985229e-01,-7.847470231354236603e-03,2.707758545875549316e-01,-2.250943332910537720e-01,-1.408990472555160522e-01,1.642629653215408325e-01,2.298997193574905396e-01,2.617999315261840820e-01,4.187488257884979248e-01,-2.157892286777496338e-01,5.148738250136375427e-02,-1.205253720283508301e+00,3.236324191093444824e-01,-1.109068155288696289e+00,3.450487852096557617e-01,1.935892701148986816e-01,-2.503038346767425537e-01,2.661986052989959717e-01,0.000000000000000000e+00,0.000000000000000000e+00,0.000000000000000000e+00,0.000000000000000000e+00,0.000000000000000000e+00,0.000000000000000000e+00,0.000000000000000000e+00,-2.039186716079711914e+00,-9.495089650154113770e-01,1.116954088211059570e+00,1.328786730766296387e+00,-6.883767992258071899e-02,-3.688379004597663879e-02,-4.173722267150878906e-01,0.000000000000000000e+00,0.000000000000000000e+00,0.000000000000000000e+00,0.000000000000000000e+00,0.000000000000000000e+00,0.000000000000000000e+00,0.000000000000000000e+00
-4.864576160907745361e-01,-2.466486692428588867e-01,7.667302489280700684e-01,1.323938667774200439e-01,-1.692353636026382446e-01,-3.278622329235076904e-01,-9.199661016464233398e-01,-7.163091897964477539e-01,1.808424443006515503e-01,6.573230773210525513e-02,3.687309622764587402e-01,-2.144582420587539673e-01,-1.331055443733930588e-02,2.665868997573852539e-01,-2.294455766677856445e-01,-1.164558604359626770e-01,1.620866656303405762e-01,2.746287286281585693e-01,2.617999911308288574e-01,4.348987936973571777e-01,-2.187639176845550537e-01,6.737703084945678711e-02,-1.213705539703369141e+00,3.132397234439849854e-01,-1.111985802650451660e+00,3.200546503067016602e-01,1.965546011924743652e-01,-2.617122828960418701e-01,2.804281115531921387e-01,0.000000000000000000e+00,0.000000000000000000e+00,0.000000000000000000e+00,0.000000000000000000e+00,0.000000000000000000e+00,0.000000000000000000e+00,0.000000000000000000e+00,-2.059285163879394531e+00,-9.191368222236633301e-01,1.164473772048950195e+00,1.363050341606140137e+00,-8.311426639556884766e-02,-4.585220292210578918e-02,-3.869257867336273193e-01,0.000000000000000000e+00,0.000000000000000000e+00,0.000000000000000000e+00,0.000000000000000000e+00,0.000000000000000000e+00,0.000000000000000000e+00,0.000000000000000000e+00
-4.787907600402832031e-01,-2.386591136455535889e-01,7.710373997688293457e-01,1.586815565824508667e-01,-1.803147047758102417e-01,-3.320411145687103271e-01,-9.121707677841186523e-01,-7.573562860488891602e-01,2.106675505638122559e-01,3.699716925621032715e-02,3.797689378261566162e-01,-1.923019438982009888e-01,-2.686782553791999817e-02,2.583383619785308838e-01,-2.292876690626144409e-01,-9.310316294431686401e-02,1.619967222213745117e-01,3.291769027709960938e-01,2.617999911308288574e-01,4.469648599624633789e-01,-2.200123220682144165e-01,8.054552972316741943e-02,-1.216835737228393555e+00,3.061077892780303955e-01,-1.119380116462707520e+00,2.808054983615875244e-01,1.859951317310333252e-01,-2.845278978347778320e-01,2.929120361804962158e-01,0.000000000000000000e+00,0.000000000000000000e+00,0.000000000000000000e+00,0.000000000000000000e+00,0.000000000000000000e+00,0.000000000000000000e+00,0.000000000000000000e+00,-2.078008890151977539e+00,-8.989166617393493652e-01,1.194193363189697266e+00,1.385368347167968750e+00,-7.998612523078918457e-02,-6.042686477303504944e-02,-3.790660798549652100e-01,0.000000000000000000e+00,0.000000000000000000e+00,0.000000000000000000e+00,0.000000000000000000e+00,0.000000000000000000e+00,0.000000000000000000e+00,0.000000000000000000e+00
-4.712823629379272461e-01,-2.304652333259582520e-01,7.728058099746704102e-01,1.814767122268676758e-01,-1.885175406932830811e-01,-3.356701731681823730e-01,-9.049049019813537598e-01,-7.916308641433715820e-01,2.392198294401168823e-01,1.882431097328662872e-02,3.944266438484191895e-01,-1.926961094141006470e-01,-3.464379534125328064e-02,2.467064559459686279e-01,-2.286441922187805176e-01,-8.173917979001998901e-02,1.697216928005218506e-01,3.624120056629180908e-01,2.617999911308288574e-01,4.586720168590545654e-01,-2.204608619213104248e-01,9.676830470561981201e-02,-1.219536662101745605e+00,2.979227304458618164e-01,-1.115913271903991699e+00,2.468180656433105469e-01,1.633428633213043213e-01,-3.024884760379791260e-01,2.996908724308013916e-01,0.000000000000000000e+00,0.000000000000000000e+00,0.000000000000000000e+00,0.000000000000000000e+00,0.000000000000000000e+00,0.000000000000000000e+00,0.000000000000000000e+00,-2.096062660217285156e+00,-8.850149512290954590e-01,1.209524750709533691e+00,1.400464177131652832e+00,-6.795440614223480225e-02,-6.986163556575775146e-02,-3.711856305599212646e-01,0.000000000000000000e+00,0.000000000000000000e+00,0.000000000000000000e+00,0.000000000000000000e+00,0.000000000000000000e+00,0.000000000000000000e+00,0.000000000000000000e+00
-4.648415148258209229e-01,-2.209883630275726318e-01,7.724744081497192383e-01,1.933345049619674683e-01,-1.959177106618881226e-01,-3.427351713180541992e-01,-8.982040882110595703e-01,-8.214243650436401367e-01,2.445757538080215454e-01,5.586776416748762131e-03,4.214828312397003174e-01,-1.939048171043395996e-01,-3.805396333336830139e-02,2.420285642147064209e-01,-2.448691874742507935e-01,-7.059087604284286499e-02,1.869679540395736694e-01,3.792455196380615234e-01,2.617999911308288574e-01,4.643685221672058105e-01,-2.318579405546188354e-01,1.157773658633232117e-01,-1.214240670204162598e+00,2.867242395877838135e-01,-1.114596843719482422e+00,2.160829752683639526e-01,1.491183638572692871e-01,-3.197990953922271729e-01,3.107519447803497314e-01,0.000000000000000000e+00,0.000000000000000000e+00,0.000000000000000000e+00,0.000000000000000000e+00,0.000000000000000000e+00,0.000000000000000000e+00,0.000000000000000000e+00,-2.113426923751831055e+00,-8.746407032012939453e-01,1.223330974578857422e+00,1.419258713722229004e+00,-5.932306870818138123e-02,-8.192470669746398926e-02,-3.663966357707977295e-01,0.000000000000000000e+00,0.000000000000000000e+00,0.000000000000000000e+00,0.000000000000000000e+00,0.000000000000000000e+00,0.000000000000000000e+00,0.000000000000000000e+00
-4.580636322498321533e-01,-2.126938700675964355e-01,7.720671892166137695e-01,2.049569338560104370e-01,-2.004454135894775391e-01,-3.515794873237609863e-01,-8.911824822425842285e-01,-8.454490303993225098e-01,2.508766949176788330e-01,-1.123574748635292053e-02,4.447261691093444824e-01,-2.001897543668746948e-01,-3.953424468636512756e-02,2.330452650785446167e-01,-2.425894439220428467e-01,-6.049456819891929626e-02,2.068345248699188232e-01,3.874115645885467529e-01,2.617999911308288574e-01,4.700568318367004395e-01,-2.409953176975250244e-01,1.397650539875030518e-01,-1.203541159629821777e+00,2.846633791923522949e-01,-1.113602876663208008e+00,1.840326786041259766e-01,1.213117316365242004e-01,-3.324677050113677979e-01,2.972416281700134277e-01,0.000000000000000000e+00,0.000000000000000000e+00,0.000000000000000000e+00,0.000000000000000000e+00,0.000000000000000000e+00,0.000000000000000000e+00,0.000000000000000000e+00,-2.122051000595092773e+00,-8.672981262207031250e-01,1.224137544631958008e+00,1.438183426856994629e+00,-3.979505598545074463e-02,-9.111504256725311279e-02,-3.460793793201446533e-01,0.000000000000000000e+00,0.000000000000000000e+00,0.000000000000000000e+00,0.000000000000000000e+00,0.000000000000000000e+00,0.000000000000000000e+00,0.000000000000000000e+00
-4.518423080444335938e-01,-2.046059072017669678e-01,7.714418172836303711e-01,2.139902710914611816e-01,-2.069383114576339722e-01,-3.587520122528076172e-01,-8.846930265426635742e-01,-8.638274669647216797e-01,2.515895664691925049e-01,-2.239553071558475494e-02,4.562314748764038086e-01,-2.073144763708114624e-01,-4.108138009905815125e-02,2.248719036579132080e-01,-2.403161972761154175e-01,-4.954641684889793396e-02,2.162990123033523560e-01,3.953097760677337646e-01,2.617999911308288574e-01,4.738076329231262207e-01,-2.475292980670928955e-01,1.588775515556335449e-01,-1.188144445419311523e+00,2.854977548122406006e-01,-1.112659454345703125e+00,1.539165675640106201e-01,1.065931543707847595e-01,-3.463629484176635742e-01,2.922842502593994141e-01,0.000000000000000000e+00,0.000000000000000000e+00,0.000000000000000000e+00,0.000000000000000000e+00,0.000000000000000000e+00,0.000000000000000000e+00,0.000000000000000000e+00,-2.124782800674438477e+00,-8.657810091972351074e-01,1.223085880279541016e+00,1.445591092109680176e+00,-2.572275511920452118e-02,-1.000827848911285400e-01,-3.382716774940490723e-01,0.000000000000000000e+00,0.000000000000000000e+00,0.000000000000000000e+00,0.000000000000000000e+00,0.000000000000000000e+00,0.000000000000000000e+00,0.000000000000000000e+00
-4.462995827198028564e-01,-1.967053711414337158e-01,7.721012830734252930e-01,2.212133854627609253e-01,-2.135592997074127197e-01,-3.692492842674255371e-01,-8.769903182983398438e-01,-8.718892335891723633e-01,2.425391077995300293e-01,-3.514044359326362610e-02,4.496457278728485107e-01,-2.046929448843002319e-01,-4.269232600927352905e-02,2.158407717943191528e-01,-2.437563985586166382e-01,-3.807650133967399597e-02,2.383466064929962158e-01,3.951473236083984375e-01,2.617999911308288574e-01,4.728043973445892334e-01,-2.538620233535766602e-01,1.785121411085128784e-01,-1.176685094833374023e+00,2.929245531558990479e-01,-1.104636192321777344e+00,1.226807460188865662e-01,9.838004410266876221e-02,-3.627790808677673340e-01,2.944703102111816406e-01,0.000000000000000000e+00,0.000000000000000000e+00,0.000000000000000000e+00,0.000000000000000000e+00,0.000000000000000000e+00,0.000000000000000000e+00,0.000000000000000000e+00,-2.119534730911254883e+00,-8.750970363616943359e-01,1.219409227371215820e+00,1.449787974357604980e+00,-1.942017488181591034e-02,-1.127219945192337036e-01,-3.507377803325653076e-01,0.000000000000000000e+00,0.000000000000000000e+00,0.000000000000000000e+00,0.000000000000000000e+00,0.000000000000000000e+00,0.000000000000000000e+00,0.000000000000000000e+00
-4.414135217666625977e-01,-1.892952620983123779e-01,7.722124457359313965e-01,2.235075980424880981e-01,-2.169242054224014282e-01,-3.781847655773162842e-01,-8.717594742774963379e-01,-8.672372102737426758e-01,2.323080897331237793e-01,-3.601711243391036987e-02,4.418004155158996582e-01,-2.067635059356689453e-01,-3.826268389821052551e-02,2.014112919569015503e-01,-2.456113845109939575e-01,-4.212819784879684448e-02,2.619648873805999756e-01,3.895715475082397461e-01,2.617999911308288574e-01,4.692190885543823242e-01,-2.577169835567474365e-01,1.916585564613342285e-01,-1.152174592018127441e+00,2.974376976490020752e-01,-1.099455833435058594e+00,1.037421524524688721e-01,8.945562690496444702e-02,-3.734762668609619141e-01,2.904344797134399414e-01,0.000000000000000000e+00,0.000000000000000000e+00,0.000000000000000000e+00,0.000000000000000000e+00,0.000000000000000000e+00,0.000000000000000000e+00,0.000000000000000000e+00,-2.095854759216308594e+00,-8.850089311599731445e-01,1.209698081016540527e+00,1.449879765510559082e+00,-1.942628063261508942e-02,-1.195743680000305176e-01,-3.570669591426849365e-01,0.000000000000000000e+00,0.000000000000000000e+00,0.000000000000000000e+00,0.000000000000000000e+00,0.000000000000000000e+00,0.000000000000000000e+00,0.000000000000000000e+00
-4.360677003860473633e-01,-1.834369301795959473e-01,7.729008197784423828e-01,2.250912487506866455e-01,-2.163407355546951294e-01,-3.921322524547576904e-01,-8.653109073638916016e-01,-8.566737771034240723e-01,2.192984521389007568e-01,-4.580720141530036926e-02,4.318015277385711670e-01,-2.054679691791534424e-01,-3.262043371796607971e-02,1.790852099657058716e-01,-2.314756065607070923e-01,-4.595163464546203613e-02,2.887169122695922852e-01,3.732256889343261719e-01,2.617999911308288574e-01,4.579556882381439209e-01,-2.528101205825805664e-01,2.030894011259078979e-01,-1.122644662857055664e+00,3.113389015197753906e-01,-1.092714071273803711e+00,9.135006368160247803e-02,7.984015345573425293e-02,-3.806950449943542480e-01,2.834170162677764893e-01,0.000000000000000000e+00,0.000000000000000000e+00,0.000000000000000000e+00,0.000000000000000000e+00,0.000000000000000000e+00,0.000000000000000000e+00,0.000000000000000000e+00,-2.057741403579711914e+00,-8.978949189186096191e-01,1.182827711105346680e+00,1.438077688217163086e+00,-9.853275492787361145e-03,-1.223233044147491455e-01,-3.665642440319061279e-01,0.000000000000000000e+00,0.000000000000000000e+00,0.000000000000000000e+00,0.000000000000000000e+00,0.000000000000000000e+00,0.000000000000000000e+00,0.000000000000000000e+00
-4.317336976528167725e-01,-1.773389279842376709e-01,7.740484476089477539e-01,2.202579081058502197e-01,-2.167154103517532349e-01,-4.072708189487457275e-01,-8.594483137130737305e-01,-8.308200240135192871e-01,1.929566264152526855e-01,-5.312901362776756287e-02,4.037990570068359375e-01,-1.948200166225433350e-01,-3.573628142476081848e-02,1.626403331756591797e-01,-2.287520021200180054e-01,-4.670525342226028442e-02,3.219142258167266846e-01,3.664853870868682861e-01,2.617999911308288574e-01,4.486041665077209473e-01,-2.488237619400024414e-01,2.129476815462112427e-01,-1.093475818634033203e+00,3.214780986309051514e-01,-1.082944035530090332e+00,8.877108246088027954e-02,9.648563712835311890e-02,-3.882556557655334473e-01,2.858725190162658691e-01,0.000000000000000000e+00,0.000000000000000000e+00,0.000000000000000000e+00,0.000000000000000000e+00,0.000000000000000000e+00,0.000000000000000000e+00,0.000000000000000000e+00,-2.013224124908447266e+00,-9.002866744995117188e-01,1.161767959594726562e+00,1.432193994522094727e+00,-1.199674420058727264e-02,-1.261925548315048218e-01,-3.772969841957092285e-01,0.000000000000000000e+00,0.000000000000000000e+00,0.000000000000000000e+00,0.000000000000000000e+00,0.000000000000000000e+00,0.000000000000000000e+00,0.000000000000000000e+00
-4.266646802425384521e-01,-1.727199554443359375e-01,7.762691974639892578e-01,2.177521139383316040e-01,-2.112058848142623901e-01,-4.223894774913787842e-01,-8.541447520256042480e-01,-7.966691255569458008e-01,1.800310015678405762e-01,-6.428080797195434570e-02,3.728888630867004395e-01,-1.850153952836990356e-01,-3.256493806838989258e-02,1.418664306402206421e-01,-2.096138149499893188e-01,-4.871717095375061035e-02,3.535237312316894531e-01,3.597590327262878418e-01,2.617999911308288574e-01,4.351015090942382812e-01,-2.378075271844863892e-01,2.213801145553588867e-01,-1.054054498672485352e+00,3.348826467990875244e-01,-1.070209860801696777e+00,9.758091717958450317e-02,1.073266193270683289e-01,-3.904831409454345703e-01,2.836470305919647217e-01,0.000000000000000000e+00,0.000000000000000000e+00,0.000000000000000000e+00,0.000000000000000000e+00,0.000000000000000000e+00,0.000000000000000000e+00,0.000000000000000000e+00,-1.947982549667358398e+00,-9.048924446105957031e-01,1.125244498252868652e+00,1.414332985877990723e+00,-4.502783122006803751e-04,-1.302087754011154175e-01,-3.899175226688385010e-01,0.000000000000000000e+00,0.000000000000000000e+00,0.000000000000000000e+00,0.000000000000000000e+00,0.000000000000000000e+00,0.000000000000000000e+00,0.000000000000000000e+00
-4.228059053421020508e-01,-1.677068918943405151e-01,7.775645256042480469e-01,2.057419270277023315e-01,-2.051074951887130737e-01,-4.403408765792846680e-01,-8.495299220085144043e-01,-7.470051646232604980e-01,1.495812088251113892e-01,-6.731192767620086670e-02,3.365294337272644043e-01,-1.761051416397094727e-01,-2.843770943582057953e-02,1.262615472078323364e-01,-2.031819075345993042e-01,-6.343434751033782959e-02,3.865548968315124512e-01,3.404747843742370605e-01,2.617999911308288574e-01,4.154530167579650879e-01,-2.254084199666976929e-01,2.301084995269775391e-01,-1.002989172935485840e+00,3.500231206417083740e-01,-1.055772542953491211e+00,1.255355030298233032e-01,1.354978978633880615e-01,-3.909282386302947998e-01,2.868239283561706543e-01,0.000000000000000000e+00,0.000000000000000000e+00,0.000000000000000000e+00,0.000000000000000000e+00,0.000000000000000000e+00,0.000000000000000000e+00,0.000000000000000000e+00,-1.854118704795837402e+00,-9.015911221504211426e-01,1.083561658859252930e+00,1.388868689537048340e+00,-7.660064147785305977e-04,-1.353022754192352295e-01,-4.020654857158660889e-01,0.000000000000000000e+00,0.000000000000000000e+00,0.000000000000000000e+00,0.000000000000000000e+00,0.000000000000000000e+00,0.000000000000000000e+00,0.000000000000000000e+00
-4.183946251869201660e-01,-1.631570011377334595e-01,7.807464003562927246e-01,1.992664933204650879e-01,-1.949617266654968262e-01,-4.569830596446990967e-01,-8.446592688560485840e-01,-6.996612548828125000e-01,1.385122239589691162e-01,-6.676447391510009766e-02,3.038400709629058838e-01,-1.582587808370590210e-01,-2.421334572136402130e-02,1.115275472402572632e-01,-1.901290416717529297e-01,-8.276631683111190796e-02,4.243765175342559814e-01,3.142421245574951172e-01,2.462612241506576538e-01,3.963305950164794922e-01,-2.120764404535293579e-01,2.368814945220947266e-01,-9.551365971565246582e-01,3.665153086185455322e-01,-1.037548780441284180e+00,1.718519181013107300e-01,1.807287037372589111e-01,-3.902899026870727539e-01,2.907945513725280762e-01,0.000000000000000000e+00,0.000000000000000000e+00,0.000000000000000000e+00,0.000000000000000000e+00,0.000000000000000000e+00,0.000000000000000000e+00,0.000000000000000000e+00,-1.736989378929138184e+00,-8.915463685989379883e-01,1.048352718353271484e+00,1.359989047050476074e+00,-3.448409959673881531e-02,-1.408282369375228882e-01,-4.184305965900421143e-01,0.000000000000000000e+00,0.000000000000000000e+00,0.000000000000000000e+00,0.000000000000000000e+00,0.000000000000000000e+00,0.000000000000000000e+00,0.000000000000000000e+00
-4.135589301586151123e-01,-1.583711206912994385e-01,7.822027206420898438e-01,1.888934522867202759e-01,-1.813946366310119629e-01,-4.763077795505523682e-01,-8.393724560737609863e-01,-6.516709923744201660e-01,1.229188069701194763e-01,-7.133110612630844116e-02,2.921850383281707764e-01,-1.566155850887298584e-01,-2.076903730630874634e-02,9.490621089935302734e-02,-1.681284308433532715e-01,-9.961698949337005615e-02,4.764574170112609863e-01,2.673203647136688232e-01,2.200904190540313721e-01,3.713350594043731689e-01,-1.945467144250869751e-01,2.376942932605743408e-01,-9.024529457092285156e-01,3.723554015159606934e-01,-1.013307332992553711e+00,2.396439760923385620e-01,2.146067768335342407e-01,-3.906159996986389160e-01,2.999462783336639404e-01,0.000000000000000000e+00,0.000000000000000000e+00,0.000000000000000000e+00,0.000000000000000000e+00,0.000000000000000000e+00,0.000000000000000000e+00,0.000000000000000000e+00,-1.598050355911254883e+00,-8.680691719055175781e-01,9.908703565597534180e-01,1.319956183433532715e+00,-6.353580206632614136e-02,-1.533457785844802856e-01,-4.513615071773529053e-01,0.000000000000000000e+00,0.000000000000000000e+00,0.000000000000000000e+00,0.000000000000000000e+00,0.000000000000000000e+00,0.000000000000000000e+00,0.000000000000000000e+00
-4.089440405368804932e-01,-1.526269763708114624e-01,7.830052971839904785e-01,1.791316121816635132e-01,-1.659002602100372314e-01,-4.942438900470733643e-01,-8.343332409858703613e-01,-6.061677336692810059e-01,1.156513467431068420e-01,-6.585574150085449219e-02,2.927888631820678711e-01,-1.647336781024932861e-01,-1.945852860808372498e-02,7.709653675556182861e-02,-1.537589579820632935e-01,-1.211860775947570801e-01,5.324226021766662598e-01,2.200241535902023315e-01,2.025418430566787720e-01,3.424594402313232422e-01,-1.731183230876922607e-01,2.411359548568725586e-01,-8.480492830276489258e-01,3.698688149452209473e-01,-9.833726286888122559e-01,3.195951581001281738e-01,2.389906197786331177e-01,-3.880284726619720459e-01,3.174523413181304932e-01,0.000000000000000000e+00,0.000000000000000000e+00,0.000000000000000000e+00,0.000000000000000000e+00,0.000000000000000000e+00,0.000000000000000000e+00,0.000000000000000000e+00,-1.448049902915954590e+00,-8.423175215721130371e-01,9.322398900985717773e-01,1.274232149124145508e+00,-7.559173554182052612e-02,-1.624309420585632324e-01,-4.716909527778625488e-01,0.000000000000000000e+00,0.000000000000000000e+00,0.000000000000000000e+00,0.000000000000000000e+00,0.000000000000000000e+00,0.000000000000000000e+00,0.000000000000000000e+00
-4.046865105628967285e-01,-1.452840566635131836e-01,7.815077900886535645e-01,1.679841578006744385e-01,-1.499044001102447510e-01,-5.139340162277221680e-01,-8.277571201324462891e-01,-5.646528601646423340e-01,1.060573533177375793e-01,-5.787607654929161072e-02,3.113824427127838135e-01,-1.980780214071273804e-01,-1.251871581189334393e-03,5.536749586462974548e-02,-1.527035534381866455e-01,-1.432541757822036743e-01,6.095815300941467285e-01,1.729886680841445923e-01,1.793487221002578735e-01,3.096566796302795410e-01,-1.538441628217697144e-01,2.388827949762344360e-01,-8.002093434333801270e-01,3.616517782211303711e-01,-9.476869106292724609e-01,4.098255336284637451e-01,2.484281063079833984e-01,-3.783633112907409668e-01,3.246960639953613281e-01,0.000000000000000000e+00,0.000000000000000000e+00,0.000000000000000000e+00,0.000000000000000000e+00,0.000000000000000000e+00,0.000000000000000000e+00,0.000000000000000000e+00,-1.296983242034912109e+00,-8.081579804420471191e-01,8.702288866043090820e-01,1.216189980506896973e+00,-8.913274109363555908e-02,-1.656031310558319092e-01,-4.881489276885986328e-01,0.000000000000000000e+00,0.000000000000000000e+00,0.000000000000000000e+00,0.000000000000000000e+00,0.000000000000000000e+00,0.000000000000000000e+00,0.000000000000000000e+00
-4.009793400764465332e-01,-1.360167711973190308e-01,7.773414254188537598e-01,1.559105068445205688e-01,-1.363333910703659058e-01,-5.373096466064453125e-01,-8.175594806671142578e-01,-5.328809022903442383e-01,8.617614209651947021e-02,-6.493145972490310669e-02,3.483214974403381348e-01,-2.506913244724273682e-01,1.814339309930801392e-02,2.591602131724357605e-02,-1.585240662097930908e-01,-1.474377214908599854e-01,6.996369957923889160e-01,1.137132197618484497e-01,1.507168114185333252e-01,2.647826373577117920e-01,-1.355436742305755615e-01,2.369710505008697510e-01,-7.624567747116088867e-01,3.438512980937957764e-01,-9.153929352760314941e-01,5.089470148086547852e-01,2.439829111099243164e-01,-3.611707091331481934e-01,3.108987510204315186e-01,0.000000000000000000e+00,0.000000000000000000e+00,0.000000000000000000e+00,0.000000000000000000e+00,0.000000000000000000e+00,0.000000000000000000e+00,0.000000000000000000e+00,-1.155349373817443848e+00,-7.827098965644836426e-01,8.061335682868957520e-01,1.158978462219238281e+00,-1.023280769586563110e-01,-1.686291545629501343e-01,-4.904883205890655518e-01,0.000000000000000000e+00,0.000000000000000000e+00,0.000000000000000000e+00,0.000000000000000000e+00,0.000000000000000000e+00,0.000000000000000000e+00,0.000000000000000000e+00
-3.982089459896087646e-01,-1.245249435305595398e-01,7.733620405197143555e-01,1.461091935634613037e-01,-1.218955516815185547e-01,-5.603771209716796875e-01,-8.060837984085083008e-01,-5.026487112045288086e-01,6.833726912736892700e-02,-7.500956207513809204e-02,3.944088816642761230e-01,-3.049177527427673340e-01,3.958952426910400391e-02,-1.080134604126214981e-02,-1.715921759605407715e-01,-1.472760140895843506e-01,7.970190644264221191e-01,3.676352277398109436e-02,1.172093823552131653e-01,2.137991338968276978e-01,-1.265252083539962769e-01,2.361459881067276001e-01,-7.291879653930664062e-01,3.219800293445587158e-01,-8.833838105201721191e-01,6.224342584609985352e-01,2.351398020982742310e-01,-3.431690037250518799e-01,2.932454347610473633e-01,0.000000000000000000e+00,0.000000000000000000e+00,0.000000000000000000e+00,0.000000000000000000e+00,0.000000000000000000e+00,0.000000000000000000e+00,0.000000000000000000e+00,-1.020970940589904785e+00,-7.500582933425903320e-01,7.498489618301391602e-01,1.107602000236511230e+00,-1.094859763979911804e-01,-1.757345795631408691e-01,-4.817034602165222168e-01,0.000000000000000000e+00,0.000000000000000000e+00,0.000000000000000000e+00,0.000000000000000000e+00,0.000000000000000000e+00,0.000000000000000000e+00,0.000000000000000000e+00
-3.966973423957824707e-01,-1.105634868144989014e-01,7.684680223464965820e-01,1.336986869573593140e-01,-1.037527769804000854e-01,-5.817164778709411621e-01,-7.955915331840515137e-01,-4.693571031093597412e-01,4.860617965459823608e-02,-8.809598535299301147e-02,4.640733003616333008e-01,-3.620632290840148926e-01,6.241457909345626831e-02,-5.074122548103332520e-02,-1.911277174949645996e-01,-1.449241787195205688e-01,8.827625513076782227e-01,-3.191954642534255981e-02,8.320577442646026611e-02,1.589257866144180298e-01,-1.151099950075149536e-01,2.402645796537399292e-01,-7.095674276351928711e-01,2.887510061264038086e-01,-8.322361707687377930e-01,7.786128520965576172e-01,2.021346837282180786e-01,-3.006516695022583008e-01,2.713510394096374512e-01,0.000000000000000000e+00,0.000000000000000000e+00,0.000000000000000000e+00,0.000000000000000000e+00,0.000000000000000000e+00,0.000000000000000000e+00,0.000000000000000000e+00,-8.795869350433349609e-01,-7.107999920845031738e-01,6.936970353126525879e-01,1.035410523414611816e+00,-1.120799854397773743e-01,-1.780495196580886841e-01,-4.547731280326843262e-01,0.000000000000000000e+00,0.000000000000000000e+00,0.000000000000000000e+00,0.000000000000000000e+00,0.000000000000000000e+00,0.000000000000000000e+00,0.000000000000000000e+00
-3.961754143238067627e-01,-9.388512372970581055e-02,7.645996809005737305e-01,1.257993876934051514e-01,-8.772405236959457397e-02,-6.005290150642395020e-01,-7.847572565078735352e-01,-4.350418150424957275e-01,4.111667722463607788e-02,-8.477935940027236938e-02,5.164654254913330078e-01,-4.060493707656860352e-01,8.117354661226272583e-02,-1.048846691846847534e-01,-2.046738862991333008e-01,-1.398960649967193604e-01,9.479082226753234863e-01,-1.013010516762733459e-01,5.386340990662574768e-02,1.006183996796607971e-01,-1.057338863611221313e-01,2.454439401626586914e-01,-6.933780312538146973e-01,2.654244005680084229e-01,-7.738879323005676270e-01,9.280422329902648926e-01,1.670589745044708252e-01,-2.652544379234313965e-01,2.561188936233520508e-01,0.000000000000000000e+00,0.000000000000000000e+00,0.000000000000000000e+00,0.000000000000000000e+00,0.000000000000000000e+00,0.000000000000000000e+00,0.000000000000000000e+00,-7.484712600708007812e-01,-6.856191158294677734e-01,6.451320648193359375e-01,9.588717222213745117e-01,-9.563075006008148193e-02,-1.818867921829223633e-01,-4.277733862400054932e-01,0.000000000000000000e+00,0.000000000000000000e+00,0.000000000000000000e+00,0.000000000000000000e+00,0.000000000000000000e+00,0.000000000000000000e+00,0.000000000000000000e+00
-3.961716890335083008e-01,-7.437096536159515381e-02,7.634711861610412598e-01,1.205725446343421936e-01,-7.474780082702636719e-02,-6.222684383392333984e-01,-7.698422074317932129e-01,-3.939441740512847900e-01,3.808356449007987976e-02,-7.787892222404479980e-02,5.348504185676574707e-01,-4.178337454795837402e-01,7.718722522258758545e-02,-1.662111431360244751e-01,-2.018508464097976685e-01,-1.490692943334579468e-01,9.518510103225708008e-01,-1.767914444208145142e-01,2.078551612794399261e-02,3.551183268427848816e-02,-9.036421775817871094e-02,2.395470589399337769e-01,-6.732589602470397949e-01,2.423190325498580933e-01,-6.807696223258972168e-01,1.092207431793212891e+00,1.159342601895332336e-01,-2.268189936876296997e-01,2.461681663990020752e-01,0.000000000000000000e+00,0.000000000000000000e+00,0.000000000000000000e+00,0.000000000000000000e+00,0.000000000000000000e+00,0.000000000000000000e+00,0.000000000000000000e+00,-6.133960485458374023e-01,-6.575719118118286133e-01,5.897651314735412598e-01,8.831664323806762695e-01,-6.816456466913223267e-02,-1.879749596118927002e-01,-4.079199433326721191e-01,0.000000000000000000e+00,0.000000000000000000e+00,0.000000000000000000e+00,0.000000000000000000e+00,0.000000000000000000e+00,0.000000000000000000e+00,0.000000000000000000e+00
-3.965438306331634521e-01,-5.181911587715148926e-02,7.663069963455200195e-01,1.185013055801391602e-01,-6.405501067638397217e-02,-6.409452557563781738e-01,-7.556742429733276367e-01,-3.270920515060424805e-01,4.057787358760833740e-02,-7.605213671922683716e-02,4.922494292259216309e-01,-4.162112176418304443e-01,7.607794553041458130e-02,-2.501116693019866943e-01,-1.707657873630523682e-01,-1.519007384777069092e-01,9.466762542724609375e-01,-2.352749258279800415e-01,4.081773106008768082e-03,-3.451212495565414429e-02,-7.073202729225158691e-02,2.412719875574111938e-01,-6.453832983970642090e-01,2.489182949066162109e-01,-5.677222609519958496e-01,1.219937682151794434e+00,4.335518181324005127e-02,-2.046882510185241699e-01,2.481954246759414673e-01,0.000000000000000000e+00,0.000000000000000000e+00,0.000000000000000000e+00,0.000000000000000000e+00,0.000000000000000000e+00,0.000000000000000000e+00,0.000000000000000000e+00,-4.926924705505371094e-01,-6.359096169471740723e-01,5.387164354324340820e-01,7.999480366706848145e-01,-4.112957045435905457e-02,-1.994910538196563721e-01,-3.945609033107757568e-01,0.000000000000000000e+00,0.000000000000000000e+00,0.000000000000000000e+00,0.000000000000000000e+00,0.000000000000000000e+00,0.000000000000000000e+00,0.000000000000000000e+00
-3.968179821968078613e-01,-2.638827264308929443e-02,7.717927694320678711e-01,1.175791099667549133e-01,-5.601148307323455811e-02,-6.597855687141418457e-01,-7.400816679000854492e-01,-2.376073151826858521e-01,3.283692896366119385e-02,-1.160673201084136963e-01,4.136512279510498047e-01,-4.012891650199890137e-01,6.891340017318725586e-02,-3.323063254356384277e-01,-1.229924857616424561e-01,-1.487895697355270386e-01,8.777098655700683594e-01,-2.433428168296813965e-01,1.876586116850376129e-02,-9.878735989332199097e-02,-5.046613514423370361e-02,2.326622307300567627e-01,-5.825985670089721680e-01,2.642587423324584961e-01,-4.906012117862701416e-01,1.284851312637329102e+00,1.256549917161464691e-02,-1.993423253297805786e-01,2.580891549587249756e-01,0.000000000000000000e+00,0.000000000000000000e+00,0.000000000000000000e+00,0.000000000000000000e+00,0.000000000000000000e+00,0.000000000000000000e+00,0.000000000000000000e+00,-3.964877724647521973e-01,-6.106801033020019531e-01,4.820918738842010498e-01,7.630847096443176270e-01,-1.608232408761978149e-02,-2.079693377017974854e-01,-4.144495129585266113e-01,0.000000000000000000e+00,0.000000000000000000e+00,0.000000000000000000e+00,0.000000000000000000e+00,0.000000000000000000e+00,0.000000000000000000e+00,0.000000000000000000e+00
-3.972195386886596680e-01,1.222204300574958324e-03,7.769495248794555664e-01,1.124091818928718567e-01,-4.751826822757720947e-02,-6.764714717864990234e-01,-7.262868285179138184e-01,-1.367179155349731445e-01,2.866675518453121185e-02,-1.429680436849594116e-01,3.307003378868103027e-01,-3.592500686645507812e-01,5.724462866783142090e-02,-3.808718025684356689e-01,-8.641278743743896484e-02,-1.670552790164947510e-01,7.339007854461669922e-01,-2.224464267492294312e-01,4.629104211926460266e-02,-1.515770107507705688e-01,-3.250216692686080933e-02,2.218983471393585205e-01,-5.076624155044555664e-01,2.783376872539520264e-01,-4.510515630245208740e-01,1.306929588317871094e+00,3.249203786253929138e-02,-1.987586319446563721e-01,2.545548081398010254e-01,0.000000000000000000e+00,0.000000000000000000e+00,0.000000000000000000e+00,0.000000000000000000e+00,0.000000000000000000e+00,0.000000000000000000e+00,0.000000000000000000e+00,-3.100642859935760498e-01,-5.938499569892883301e-01,4.248408079147338867e-01,7.598102092742919922e-01,-9.527290239930152893e-03,-2.141642868518829346e-01,-4.235796332359313965e-01,0.000000000000000000e+00,0.000000000000000000e+00,0.000000000000000000e+00,0.000000000000000000e+00,0.000000000000000000e+00,0.000000000000000000e+00,0.000000000000000000e+00
-3.976466059684753418e-01,3.054819256067276001e-02,7.872868180274963379e-01,1.011869087815284729e-01,-4.156306758522987366e-02,-6.946687102317810059e-01,-7.109634876251220703e-01,-3.220120444893836975e-02,1.697261445224285126e-02,-1.620553731918334961e-01,2.470697909593582153e-01,-2.733294963836669922e-01,2.748513966798782349e-02,-4.070191085338592529e-01,-5.512860417366027832e-02,-2.038009911775588989e-01,5.394212007522583008e-01,-1.857897341251373291e-01,7.404630631208419800e-02,-2.010459452867507935e-01,-1.880700327455997467e-02,2.163810729980468750e-01,-4.362976253032684326e-01,2.927627265453338623e-01,-4.203310310840606689e-01,1.306306481361389160e+00,4.609046131372451782e-02,-2.088305652141571045e-01,2.324006110429763794e-01,0.000000000000000000e+00,0.000000000000000000e+00,0.000000000000000000e+00,0.000000000000000000e+00,0.000000000000000000e+00,0.000000000000000000e+00,0.000000000000000000e+00,-2.325868755578994751e-01,-5.888353586196899414e-01,3.649372756481170654e-01,7.548031210899353027e-01,1.455653837183490396e-04,-2.240596115589141846e-01,-4.146619439125061035e-01,0.000000000000000000e+00,0.000000000000000000e+00,0.000000000000000000e+00,0.000000000000000000e+00,0.000000000000000000e+00,0.000000000000000000e+00,0.000000000000000000e+00
-3.983301222324371338e-01,6.153312698006629944e-02,7.948343157768249512e-01,8.278559893369674683e-02,-3.877952322363853455e-02,-7.077803015708923340e-01,-7.004925012588500977e-01,5.641695111989974976e-02,-6.166575942188501358e-03,-1.863873302936553955e-01,2.056050151586532593e-01,-1.947637051343917847e-01,-3.303233068436384201e-03,-4.185970723628997803e-01,-2.350263856351375580e-02,-2.329205423593521118e-01,3.705639243125915527e-01,-1.313184797763824463e-01,1.065173894166946411e-01,-2.364301383495330811e-01,-1.486361026763916016e-02,2.079364806413650513e-01,-3.632140755653381348e-01,3.026897907257080078e-01,-4.124355018138885498e-01,1.280104279518127441e+00,3.959547355771064758e-02,-2.237811833620071411e-01,2.151241004467010498e-01,0.000000000000000000e+00,0.000000000000000000e+00,0.000000000000000000e+00,0.000000000000000000e+00,0.000000000000000000e+00,0.000000000000000000e+00,0.000000000000000000e+00,-1.793588399887084961e-01,-5.893632173538208008e-01,3.164799809455871582e-01,7.683728933334350586e-01,1.044011581689119339e-02,-2.254858464002609253e-01,-4.194036126136779785e-01,0.000000000000000000e+00,0.000000000000000000e+00,0.000000000000000000e+00,0.000000000000000000e+00,0.000000000000000000e+00,0.000000000000000000e+00,0.000000000000000000e+00
-3.992830812931060791e-01,9.335634857416152954e-02,7.976738214492797852e-01,6.113274022936820984e-02,-4.075767099857330322e-02,-7.184036374092102051e-01,-6.917353272438049316e-01,1.217308789491653442e-01,-3.593961894512176514e-02,-2.072042524814605713e-01,2.079849541187286377e-01,-1.264517307281494141e-01,-3.695233911275863647e-02,-4.148756861686706543e-01,-5.310197826474905014e-03,-2.508548498153686523e-01,2.562275230884552002e-01,-7.797048985958099365e-02,1.352881640195846558e-01,-2.528540194034576416e-01,-1.859043166041374207e-02,1.981226354837417603e-01,-3.001772165298461914e-01,3.138086497783660889e-01,-4.281881749629974365e-01,1.235176563262939453e+00,2.898375503718852997e-02,-2.392792701721191406e-01,2.026428729295730591e-01,0.000000000000000000e+00,0.000000000000000000e+00,0.000000000000000000e+00,0.000000000000000000e+00,0.000000000000000000e+00,0.000000000000000000e+00,0.000000000000000000e+00,-1.421752870082855225e-01,-5.987898707389831543e-01,2.703095972537994385e-01,8.055564165115356445e-01,3.125430271029472351e-02,-2.233719676733016968e-01,-4.343169629573822021e-01,0.000000000000000000e+00,0.000000000000000000e+00,0.000000000000000000e+00,0.000000000000000000e+00,0.000000000000000000e+00,0.000000000000000000e+00,0.000000000000000000e+00
-4.002895355224609375e-01,1.254134625196456909e-01,7.970442175865173340e-01,4.384301975369453430e-02,-4.514946416020393372e-02,-7.199276089668273926e-01,-6.911899447441101074e-01,1.584567427635192871e-01,-6.208718940615653992e-02,-2.199158221483230591e-01,2.645061612129211426e-01,-7.058522850275039673e-02,-7.461789995431900024e-02,-3.945738971233367920e-01,1.897529349662363529e-03,-2.616628110408782959e-01,2.333056032657623291e-01,-6.645651906728744507e-02,1.347477287054061890e-01,-2.408782392740249634e-01,-2.547371201217174530e-02,1.811543405055999756e-01,-2.416929304599761963e-01,3.236767947673797607e-01,-4.458204209804534912e-01,1.188815593719482422e+00,2.473069541156291962e-02,-2.441171556711196899e-01,1.868303865194320679e-01,0.000000000000000000e+00,0.000000000000000000e+00,0.000000000000000000e+00,0.000000000000000000e+00,0.000000000000000000e+00,0.000000000000000000e+00,0.000000000000000000e+00,-1.214448586106300354e-01,-6.212857961654663086e-01,2.391801625490188599e-01,8.469063043594360352e-01,4.567261785268783569e-02,-2.154483348131179810e-01,-4.361508786678314209e-01,0.000000000000000000e+00,0.000000000000000000e+00,0.000000000000000000e+00,0.000000000000000000e+00,0.000000000000000000e+00,0.000000000000000000e+00,0.000000000000000000e+00
-4.010525345802307129e-01,1.577638983726501465e-01,7.930527329444885254e-01,2.666870877146720886e-02,-5.097917839884757996e-02,-7.174782752990722656e-01,-6.942008137702941895e-01,1.686931997537612915e-01,-9.119655936956405640e-02,-2.140203416347503662e-01,3.745980858802795410e-01,-3.720179572701454163e-02,-1.065715774893760681e-01,-3.624242842197418213e-01,-1.065824273973703384e-02,-2.753900289535522461e-01,2.494109421968460083e-01,-9.740179032087326050e-02,1.099756583571434021e-01,-2.124210298061370850e-01,-3.613450378179550171e-02,1.583784222602844238e-01,-1.945035159587860107e-01,3.361302614212036133e-01,-4.547452032566070557e-01,1.147598385810852051e+00,1.523396465927362442e-02,-2.424590438604354858e-01,1.776998192071914673e-01,0.000000000000000000e+00,0.000000000000000000e+00,0.000000000000000000e+00,0.000000000000000000e+00,0.000000000000000000e+00,0.000000000000000000e+00,0.000000000000000000e+00,-1.004166081547737122e-01,-6.464188098907470703e-01,2.102907598018646240e-01,8.937765359878540039e-01,5.352664366364479065e-02,-2.050749361515045166e-01,-4.311560094356536865e-01,0.000000000000000000e+00,0.000000000000000000e+00,0.000000000000000000e+00,0.000000000000000000e+00,0.000000000000000000e+00,0.000000000000000000e+00,0.000000000000000000e+00
-4.012641310691833496e-01,1.903317123651504517e-01,7.867363691329956055e-01,1.089172810316085815e-02,-4.788802564144134521e-02,-7.150307297706604004e-01,-6.973658800125122070e-01,1.390154361724853516e-01,-9.718102216720581055e-02,-1.695906370878219604e-01,5.413939356803894043e-01,-3.153983131051063538e-02,-1.400403231382369995e-01,-3.307672142982482910e-01,-2.133545652031898499e-02,-2.531231045722961426e-01,3.339917957782745361e-01,-1.751454919576644897e-01,4.860512912273406982e-02,-1.839995980262756348e-01,-4.178812727332115173e-02,1.486341059207916260e-01,-1.513385921716690063e-01,3.420886993408203125e-01,-4.511189758777618408e-01,1.129552245140075684e+00,-2.770329127088189125e-03,-2.300408184528350830e-01,1.757382005453109741e-01,0.000000000000000000e+00,0.000000000000000000e+00,0.000000000000000000e+00,0.000000000000000000e+00,0.000000000000000000e+00,0.000000000000000000e+00,0.000000000000000000e+00,-1.056258976459503174e-01,-6.596127748489379883e-01,2.069422602653503418e-01,9.574206471443176270e-01,6.568055599927902222e-02,-1.866650879383087158e-01,-4.238430261611938477e-01,0.000000000000000000e+00,0.000000000000000000e+00,0.000000000000000000e+00,0.000000000000000000e+00,0.000000000000000000e+00,0.000000000000000000e+00,0.000000000000000000e+00
-4.011394083499908447e-01,2.226497679948806763e-01,7.805154919624328613e-01,3.099937224760651588e-03,-4.144691675901412964e-02,-7.078481316566467285e-01,-7.051408290863037109e-01,7.141467183828353882e-02,-8.090253919363021851e-02,-1.261769533157348633e-01,7.501953840255737305e-01,-3.443504124879837036e-02,-1.540153324604034424e-01,-3.032037913799285889e-01,-1.089827436953783035e-02,-1.984616219997406006e-01,4.285188317298889160e-01,-2.841211855411529541e-01,-2.073485217988491058e-02,-1.478139013051986694e-01,-3.703502193093299866e-02,1.492808014154434204e-01,-1.083856746554374695e-01,3.392779827117919922e-01,-4.330717027187347412e-01,1.126159667968750000e+00,-1.142912451177835464e-02,-2.164847999811172485e-01,1.811237931251525879e-01,0.000000000000000000e+00,0.000000000000000000e+00,0.000000000000000000e+00,0.000000000000000000e+00,0.000000000000000000e+00,0.000000000000000000e+00,0.000000000000000000e+00,-1.401212960481643677e-01,-6.706869006156921387e-01,2.196181565523147583e-01,1.021809458732604980e+00,6.761538237333297729e-02,-1.721813976764678955e-01,-4.148042201995849609e-01,0.000000000000000000e+00,0.000000000000000000e+00,0.000000000000000000e+00,0.000000000000000000e+00,0.000000000000000000e+00,0.000000000000000000e+00,0.000000000000000000e+00
-4.003270268440246582e-01,2.542123198509216309e-01,7.778512835502624512e-01,-4.094979260116815567e-03,-3.737157583236694336e-02,-7.006093859672546387e-01,-7.125539183616638184e-01,-3.408078476786613464e-02,-2.467416040599346161e-02,-5.098210275173187256e-02,9.533153772354125977e-01,-8.047819882631301880e-02,-1.099502965807914734e-01,-2.725162804126739502e-01,-3.158235223963856697e-03,-1.544605493545532227e-01,4.952832758426666260e-01,-3.452442288398742676e-01,-6.073919683694839478e-02,-1.132581382989883423e-01,-3.357530757784843445e-02,1.480492055416107178e-01,-6.924858689308166504e-02,3.338777422904968262e-01,-4.146225452423095703e-01,1.125514745712280273e+00,3.811978735029697418e-03,-1.940788030624389648e-01,1.816218495368957520e-01,0.000000000000000000e+00,0.000000000000000000e+00,0.000000000000000000e+00,0.000000000000000000e+00,0.000000000000000000e+00,0.000000000000000000e+00,0.000000000000000000e+00,-1.962560862302780151e-01,-6.692534089088439941e-01,2.389546036720275879e-01,1.062983989715576172e+00,5.452995747327804565e-02,-1.569495052099227905e-01,-4.051263332366943359e-01,0.000000000000000000e+00,0.000000000000000000e+00,0.000000000000000000e+00,0.000000000000000000e+00,0.000000000000000000e+00,0.000000000000000000e+00,0.000000000000000000e+00
-3.987404704093933105e-01,2.845985293388366699e-01,7.792428731918334961e-01,-1.077175047248601913e-02,-3.645678237080574036e-02,-6.932982802391052246e-01,-7.196474075317382812e-01,-1.543150395154953003e-01,5.465236678719520569e-02,2.547982893884181976e-02,1.089905023574829102e+00,-1.795402765274047852e-01,-1.309725176542997360e-02,-2.199271321296691895e-01,-1.130707911215722561e-03,-1.263300627470016479e-01,4.991528093814849854e-01,-3.719727993011474609e-01,-7.266023755073547363e-02,-7.095596194267272949e-02,-3.370838239789009094e-02,1.445771157741546631e-01,-4.739543423056602478e-02,3.289437592029571533e-01,-4.045706689357757568e-01,1.130978465080261230e+00,1.234808284789323807e-02,-1.728872507810592651e-01,1.810813844203948975e-01,0.000000000000000000e+00,0.000000000000000000e+00,0.000000000000000000e+00,0.000000000000000000e+00,0.000000000000000000e+00,0.000000000000000000e+00,0.000000000000000000e+00,-2.603436112403869629e-01,-6.614223122596740723e-01,2.861181497573852539e-01,1.054898977279663086e+00,3.930469974875450134e-02,-1.516800075769424438e-01,-3.882750570774078369e-01,0.000000000000000000e+00,0.000000000000000000e+00,0.000000000000000000e+00,0.000000000000000000e+00,0.000000000000000000e+00,0.000000000000000000e+00,0.000000000000000000e+00
-3.971276581287384033e-01,3.140781521797180176e-01,7.881841063499450684e-01,-2.159585617482662201e-02,-3.749344870448112488e-02,-6.801908016204833984e-01,-7.317569851875305176e-01,-2.598434686660766602e-01,8.456591516733169556e-02,7.056662440299987793e-02,1.092545866966247559e+00,-2.441262900829315186e-01,6.484085321426391602e-02,-1.344165056943893433e-01,-8.411133661866188049e-03,-9.429749101400375366e-02,4.306651055812835693e-01,-3.428788781166076660e-01,-5.508278310298919678e-02,-1.512960530817508698e-02,-4.610889777541160583e-02,1.317972838878631592e-01,-2.837509289383888245e-02,3.254792690277099609e-01,-3.967806696891784668e-01,1.134645938873291016e+00,1.087989751249551773e-02,-1.676451712846755981e-01,1.787042468786239624e-01,0.000000000000000000e+00,0.000000000000000000e+00,0.000000000000000000e+00,0.000000000000000000e+00,0.000000000000000000e+00,0.000000000000000000e+00,0.000000000000000000e+00,-3.159914910793304443e-01,-6.538421511650085449e-01,3.565312325954437256e-01,9.897738695144653320e-01,1.781311072409152985e-02,-1.630131602287292480e-01,-3.569928407669067383e-01,0.000000000000000000e+00,0.000000000000000000e+00,0.000000000000000000e+00,0.000000000000000000e+00,0.000000000000000000e+00,0.000000000000000000e+00,0.000000000000000000e+00
-3.959695994853973389e-01,3.433193862438201904e-01,7.977212071418762207e-01,-3.182901814579963684e-02,-3.665461763739585876e-02,-6.613094210624694824e-01,-7.485406994819641113e-01,-3.204696774482727051e-01,8.137649297714233398e-02,9.418377280235290527e-02,9.521495103836059570e-01,-2.443601638078689575e-01,8.175531029701232910e-02,-4.735886678099632263e-02,-1.908395998179912567e-02,-7.052391022443771362e-02,3.520880639553070068e-01,-2.825046479701995850e-01,-2.197737060487270355e-02,4.721456393599510193e-02,-5.597737058997154236e-02,1.159577891230583191e-01,-1.028761733323335648e-02,3.244479596614837646e-01,-4.074049890041351318e-01,1.135672211647033691e+00,1.150921545922756195e-02,-1.770567446947097778e-01,1.713003814220428467e-01,0.000000000000000000e+00,0.000000000000000000e+00,0.000000000000000000e+00,0.000000000000000000e+00,0.000000000000000000e+00,0.000000000000000000e+00,0.000000000000000000e+00,-3.680715262889862061e-01,-6.524727940559387207e-01,4.589651823043823242e-01,8.908112645149230957e-01,-1.288045290857553482e-02,-1.776170581579208374e-01,-3.189704120159149170e-01,0.000000000000000000e+00,0.000000000000000000e+00,0.000000000000000000e+00,0.000000000000000000e+00,0.000000000000000000e+00,0.000000000000000000e+00,0.000000000000000000e+00
-3.951102793216705322e-01,3.722589015960693359e-01,8.049046397209167480e-01,-3.491643816232681274e-02,-3.680823370814323425e-02,-6.408517360687255859e-01,-7.659863233566284180e-01,-3.375490307807922363e-01,6.667418777942657471e-02,1.019355878233909607e-01,7.338417768478393555e-01,-2.046840339899063110e-01,6.790712475776672363e-02,2.878559567034244537e-02,-2.213661186397075653e-02,-5.010399222373962402e-02,2.762985825538635254e-01,-2.289503067731857300e-01,9.248442947864532471e-03,9.941380470991134644e-02,-6.047860905528068542e-02,9.862324595451354980e-02,1.458640862256288528e-02,3.253193199634552002e-01,-4.030475318431854248e-01,1.144771099090576172e+00,6.662404164671897888e-03,-1.877749562263488770e-01,1.604105085134506226e-01,0.000000000000000000e+00,0.000000000000000000e+00,0.000000000000000000e+00,0.000000000000000000e+00,0.000000000000000000e+00,0.000000000000000000e+00,0.000000000000000000e+00,-4.080615043640136719e-01,-6.558429002761840820e-01,5.532859563827514648e-01,7.772381901741027832e-01,-4.015542566776275635e-02,-1.957714110612869263e-01,-2.719482481479644775e-01,0.000000000000000000e+00,0.000000000000000000e+00,0.000000000000000000e+00,0.000000000000000000e+00,0.000000000000000000e+00,0.000000000000000000e+00,0.000000000000000000e+00
-3.945733606815338135e-01,4.007439315319061279e-01,8.079371452331542969e-01,-3.186617419123649597e-02,-3.547541797161102295e-02,-6.235513091087341309e-01,-7.803267240524291992e-01,-3.310339748859405518e-01,5.183666944503784180e-02,9.939557313919067383e-02,4.950864315032958984e-01,-1.472814530134201050e-01,3.997488319873809814e-02,9.278512746095657349e-02,-1.415329426527023315e-02,-1.598763465881347656e-02,2.194856703281402588e-01,-1.913269013166427612e-01,4.061558470129966736e-02,1.365581154823303223e-01,-5.828307196497917175e-02,8.494549244642257690e-02,3.836492076516151428e-02,3.299037814140319824e-01,-3.903242349624633789e-01,1.152603864669799805e+00,8.120793849229812622e-03,-1.990551054477691650e-01,1.518593281507492065e-01,0.000000000000000000e+00,0.000000000000000000e+00,0.000000000000000000e+00,0.000000000000000000e+00,0.000000000000000000e+00,0.000000000000000000e+00,0.000000000000000000e+00,-4.535677731037139893e-01,-6.741551160812377930e-01,6.550102829933166504e-01,6.263948082923889160e-01,-6.382185220718383789e-02,-2.158758044242858887e-01,-2.023069262504577637e-01,0.000000000000000000e+00,0.000000000000000000e+00,0.000000000000000000e+00,0.000000000000000000e+00,0.000000000000000000e+00,0.000000000000000000e+00,0.000000000000000000e+00
-3.946130275726318359e-01,4.280445575714111328e-01,8.059058785438537598e-01,-2.703874371945858002e-02,-2.880162559449672699e-02,-6.042989492416381836e-01,-7.957776784896850586e-01,-3.171149492263793945e-01,5.613674968481063843e-02,8.774727582931518555e-02,3.018697798252105713e-01,-9.720038622617721558e-02,-3.006998915225267410e-03,1.522619128227233887e-01,-4.256529267877340317e-03,7.652657572180032730e-03,1.784431487321853638e-01,-1.720780879259109497e-01,6.736233830451965332e-02,1.642600744962692261e-01,-4.410997778177261353e-02,7.828990370035171509e-02,6.340240687131881714e-02,3.309822678565979004e-01,-3.584086298942565918e-01,1.157106757164001465e+00,8.497430011630058289e-03,-1.965866088867187500e-01,1.423059850931167603e-01,0.000000000000000000e+00,0.000000000000000000e+00,0.000000000000000000e+00,0.000000000000000000e+00,0.000000000000000000e+00,0.000000000000000000e+00,0.000000000000000000e+00,-4.960033297538757324e-01,-7.000702023506164551e-01,7.394913434982299805e-01,4.869499206542968750e-01,-1.019576489925384521e-01,-2.233477085828781128e-01,-1.398494690656661987e-01,0.000000000000000000e+00,0.000000000000000000e+00,0.000000000000000000e+00,0.000000000000000000e+00,0.000000000000000000e+00,0.000000000000000000e+00,0.000000000000000000e+00
-3.952391743659973145e-01,4.533084630966186523e-01,8.021578788757324219e-01,-2.316072769463062286e-02,-1.999199390411376953e-02,-5.877462029457092285e-01,-8.084666132926940918e-01,-2.988415658473968506e-01,6.960858404636383057e-02,7.891611009836196899e-02,1.821974217891693115e-01,-6.281275302171707153e-02,-3.083945624530315399e-02,1.969076544046401978e-01,1.740264473482966423e-03,2.211853116750717163e-02,1.747434735298156738e-01,-1.702261120080947876e-01,7.824438810348510742e-02,1.771496534347534180e-01,-2.647861279547214508e-02,6.988336890935897827e-02,8.408966660499572754e-02,3.332903087139129639e-01,-3.222809731960296631e-01,1.156603813171386719e+00,1.693122088909149170e-02,-1.791176795959472656e-01,1.363852173089981079e-01,0.000000000000000000e+00,0.000000000000000000e+00,0.000000000000000000e+00,0.000000000000000000e+00,0.000000000000000000e+00,0.000000000000000000e+00,0.000000000000000000e+00,-5.224919915199279785e-01,-7.200017571449279785e-01,7.992362976074218750e-01,3.784743249416351318e-01,-1.264940053224563599e-01,-2.221207022666931152e-01,-9.011214971542358398e-02,0.000000000000000000e+00,0.000000000000000000e+00,0.000000000000000000e+00,0.000000000000000000e+00,0.000000000000000000e+00,0.000000000000000000e+00,0.000000000000000000e+00
-3.964571058750152588e-01,4.758148491382598877e-01,7.977229952812194824e-01,-2.145865373313426971e-02,-1.317954063415527344e-02,-5.717562437057495117e-01,-8.200369477272033691e-01,-2.831943631172180176e-01,7.532076537609100342e-02,6.220225617289543152e-02,1.534321904182434082e-01,-5.051980912685394287e-02,-3.556715324521064758e-02,2.194522768259048462e-01,8.284316281788051128e-04,4.562496766448020935e-02,2.149418592453002930e-01,-1.892412602901458740e-01,8.327825367450714111e-02,1.863898634910583496e-01,-1.990725100040435791e-02,5.676772072911262512e-02,9.858908504247665405e-02,3.393493294715881348e-01,-2.862038612365722656e-01,1.162547230720520020e+00,1.561152376234531403e-02,-1.669101119041442871e-01,1.401244401931762695e-01,0.000000000000000000e+00,0.000000000000000000e+00,0.000000000000000000e+00,0.000000000000000000e+00,0.000000000000000000e+00,0.000000000000000000e+00,0.000000000000000000e+00,-5.272955298423767090e-01,-7.328708171844482422e-01,8.252749443054199219e-01,3.003490865230560303e-01,-1.436470597982406616e-01,-2.194777727127075195e-01,-6.333185732364654541e-02,0.000000000000000000e+00,0.000000000000000000e+00,0.000000000000000000e+00,0.000000000000000000e+00,0.000000000000000000e+00,0.000000000000000000e+00,0.000000000000000000e+00
-3.979859054088592529e-01,4.946207702159881592e-01,7.928395271301269531e-01,-1.934955641627311707e-02,-1.053179241716861725e-02,-5.689578056335449219e-01,-8.220715522766113281e-01,-2.730305790901184082e-01,6.913276016712188721e-02,6.242809444665908813e-02,1.760294884443283081e-01,-6.277916580438613892e-02,-1.412086747586727142e-02,2.126980721950531006e-01,1.030301908031105995e-03,7.381717860698699951e-02,2.998304069042205811e-01,-2.020864933729171753e-01,9.789600968360900879e-02,1.766918152570724487e-01,-2.387599833309650421e-02,4.929639399051666260e-02,9.383702278137207031e-02,3.521344959735870361e-01,-2.716341912746429443e-01,1.153555512428283691e+00,1.630418747663497925e-02,-1.679849177598953247e-01,1.556773632764816284e-01,0.000000000000000000e+00,0.000000000000000000e+00,0.000000000000000000e+00,0.000000000000000000e+00,0.000000000000000000e+00,0.000000000000000000e+00,0.000000000000000000e+00,-5.193368196487426758e-01,-7.410607933998107910e-01,8.168089985847473145e-01,2.624994814395904541e-01,-1.437792181968688965e-01,-2.099130004644393921e-01,-5.756327509880065918e-02,0.000000000000000000e+00,0.000000000000000000e+00,0.000000000000000000e+00,0.000000000000000000e+00,0.000000000000000000e+00,0.000000000000000000e+00,0.000000000000000000e+00
-3.997580707073211670e-01,5.096641778945922852e-01,7.875803112983703613e-01,-1.627548597753047943e-02,-1.136675849556922913e-02,-5.684179067611694336e-01,-8.225004673004150391e-01,-2.692780494689941406e-01,6.271165609359741211e-02,6.957266479730606079e-02,2.214771956205368042e-01,-1.154177710413932800e-01,1.591420359909534454e-02,1.877279281616210938e-01,-1.360681187361478806e-02,7.294285297393798828e-02,3.880222439765930176e-01,-1.808594167232513428e-01,1.220245435833930969e-01,1.626005321741104126e-01,-3.375488519668579102e-02,4.908637329936027527e-02,7.266764342784881592e-02,3.672058582305908203e-01,-2.611310482025146484e-01,1.157607316970825195e+00,1.477063354104757309e-02,-1.752738654613494873e-01,1.715598106384277344e-01,0.000000000000000000e+00,0.000000000000000000e+00,0.000000000000000000e+00,0.000000000000000000e+00,0.000000000000000000e+00,0.000000000000000000e+00,0.000000000000000000e+00,-5.052754878997802734e-01,-7.520030140876770020e-01,7.941085100173950195e-01,2.425432652235031128e-01,-1.368892639875411987e-01,-2.048224955797195435e-01,-6.784652173519134521e-02,0.000000000000000000e+00,0.000000000000000000e+00,0.000000000000000000e+00,0.000000000000000000e+00,0.000000000000000000e+00,0.000000000000000000e+00,0.000000000000000000e+00
