5.980928544886410236e-04,-5.428265407681465149e-02,8.022827506065368652e-01,1.660734042525291443e-02,-1.165483705699443817e-02,9.044460058212280273e-01,4.261053800582885742e-01,1.841459795832633972e-02,2.848461084067821503e-02,-1.019495651125907898e-01,1.844631731510162354e-01,-2.932413816452026367e-01,5.895789712667465210e-02,-2.337159514427185059e-01,-2.267493456602096558e-01,7.310791313648223877e-02,3.458082377910614014e-01,-5.813357606530189514e-02,1.471837759017944336e-01,-6.977949291467666626e-02,9.372190572321414948e-03,2.276256382465362549e-01,-3.010646402835845947e-01,5.928792953491210938e-01,-5.889042019844055176e-01,3.385034203529357910e-01,2.022299617528915405e-01,-1.577317267656326294e-01,2.738581895828247070e-01,0.000000000000000000e+00,0.000000000000000000e+00,0.000000000000000000e+00,0.000000000000000000e+00,0.000000000000000000e+00,0.000000000000000000e+00,0.000000000000000000e+00,-3.653728365898132324e-01,-6.669713258743286133e-01,5.656588077545166016e-01,2.706584930419921875e-01,-6.192796677350997925e-02,-1.263178735971450806e-01,-2.296113967895507812e-01,0.000000000000000000e+00,0.000000000000000000e+00,0.000000000000000000e+00,0.000000000000000000e+00,0.000000000000000000e+00,0.000000000000000000e+00,0.000000000000000000e+00
-3.920245915651321411e-03,-7.074952870607376099e-02,8.051188588142395020e-01,1.177777629345655441e-02,-1.577978022396564484e-02,8.870111107826232910e-01,4.613280594348907471e-01,1.529369689524173737e-02,4.070686176419258118e-02,-8.923691697418689728e-03,1.773296296596527100e-01,-2.857565283775329590e-01,8.071991801261901855e-02,-2.513423264026641846e-01,-2.316491007804870605e-01,-3.439661860466003418e-02,4.649890959262847900e-01,-8.585634827613830566e-02,1.090770512819290161e-01,-7.125037908554077148e-02,2.029045857489109039e-02,2.285068482160568237e-01,-3.048916757106781006e-01,5.827597379684448242e-01,-5.783334374427795410e-01,3.749324083328247070e-01,2.196861207485198975e-01,-1.830953359603881836e-01,2.891474962234497070e-01,0.000000000000000000e+00,0.000000000000000000e+00,0.000000000000000000e+00,0.000000000000000000e+00,0.000000000000000000e+00,0.000000000000000000e+00,0.000000000000000000e+00,-3.563112616539001465e-01,-6.651188135147094727e-01,5.710169672966003418e-01,2.873086631298065186e-01,-8.880793303251266479e-02,-1.479506045579910278e-01,-2.518308758735656738e-01,0.000000000000000000e+00,0.000000000000000000e+00,0.000000000000000000e+00,0.000000000000000000e+00,0.000000000000000000e+00,0.000000000000000000e+00,0.000000000000000000e+00
-9.874581359326839447e-03,-8.848710358142852783e-02,8.079473376274108887e-01,6.821240298449993134e-03,-2.188392542302608490e-02,8.648486137390136719e-01,5.015091896057128906e-01,1.523573696613311768e-02,5.729677900671958923e-02,8.961278945207595825e-02,1.719685643911361694e-01,-2.776235640048980713e-01,1.003271564841270447e-01,-2.638878822326660156e-01,-2.209029793739318848e-01,-1.257809549570083618e-01,6.261941790580749512e-01,-1.298285573720932007e-01,7.301560044288635254e-02,-6.212736293673515320e-02,3.051103278994560242e-02,2.182843536138534546e-01,-2.786024510860443115e-01,5.878525376319885254e-01,-5.504317283630371094e-01,3.812561929225921631e-01,2.253236472606658936e-01,-1.932736188173294067e-01,2.824061810970306396e-01,0.000000000000000000e+00,0.000000000000000000e+00,0.000000000000000000e+00,0.000000000000000000e+00,0.000000000000000000e+00,0.000000000000000000e+00,0.000000000000000000e+00,-3.347838819026947021e-01,-6.669898033142089844e-01,5.630640983581542969e-01,2.886412143707275391e-01,-9.989286959171295166e-02,-1.616515666246414185e-01,-2.574749588966369629e-01,0.000000000000000000e+00,0.000000000000000000e+00,0.000000000000000000e+00,0.000000000000000000e+00,0.000000000000000000e+00,0.000000000000000000e+00,0.000000000000000000e+00
-1.722563430666923523e-02,-1.067345142364501953e-01,8.087453246116638184e-01,6.518391892313957214e-03,-2.454939670860767365e-02,8.376309871673583984e-01,5.456456542015075684e-01,1.824731752276420593e-02,6.306347995996475220e-02,1.962266117334365845e-01,1.745741665363311768e-01,-2.766734361648559570e-01,1.242374479770660400e-01,-2.710506618022918701e-01,-2.269918322563171387e-01,-2.089419960975646973e-01,7.911763191223144531e-01,-1.523419469594955444e-01,5.024073272943496704e-02,-4.262371361255645752e-02,3.024936094880104065e-02,2.031971961259841919e-01,-2.490462213754653931e-01,5.930426716804504395e-01,-5.150983929634094238e-01,3.845764696598052979e-01,2.365769594907760620e-01,-2.029274255037307739e-01,2.748315632343292236e-01,0.000000000000000000e+00,0.000000000000000000e+00,0.000000000000000000e+00,0.000000000000000000e+00,0.000000000000000000e+00,0.000000000000000000e+00,0.000000000000000000e+00,-3.126528263092041016e-01,-6.623134016990661621e-01,5.523201823234558105e-01,2.910014390945434570e-01,-9.930863231420516968e-02,-1.773696839809417725e-01,-2.637547254562377930e-01,0.000000000000000000e+00,0.000000000000000000e+00,0.000000000000000000e+00,0.000000000000000000e+00,0.000000000000000000e+00,0.000000000000000000e+00,0.000000000000000000e+00
-2.586495690047740936e-02,-1.242624446749687195e-01,8.087427616119384766e-01,7.015072274953126907e-03,-2.415356040000915527e-02,8.090354204177856445e-01,5.872214436531066895e-01,1.759245246648788452e-02,6.339500844478607178e-02,3.075093030929565430e-01,1.795748472213745117e-01,-2.732107639312744141e-01,1.494712084531784058e-01,-2.450908422470092773e-01,-2.313609570264816284e-01,-2.954668104648590088e-01,9.139275550842285156e-01,-1.503102481365203857e-01,3.831834346055984497e-02,-2.334325201809406281e-02,2.798107825219631195e-02,1.863112598657608032e-01,-2.116339504718780518e-01,6.016688346862792969e-01,-4.813318252563476562e-01,3.844404518604278564e-01,2.422583848237991333e-01,-2.104510366916656494e-01,2.540233433246612549e-01,0.000000000000000000e+00,0.000000000000000000e+00,0.000000000000000000e+00,0.000000000000000000e+00,0.000000000000000000e+00,0.000000000000000000e+00,0.000000000000000000e+00,-2.914641797542572021e-01,-6.514980196952819824e-01,5.378908514976501465e-01,2.926962673664093018e-01,-9.373690187931060791e-02,-1.904349476099014282e-01,-2.524313926696777344e-01,0.000000000000000000e+00,0.000000000000000000e+00,0.000000000000000000e+00,0.000000000000000000e+00,0.000000000000000000e+00,0.000000000000000000e+00,0.000000000000000000e+00
-3.562164679169654846e-02,-1.404092162847518921e-01,8.086041808128356934e-01,5.807928275316953659e-03,-2.225401811301708221e-02,7.770820260047912598e-01,6.289789676666259766e-01,1.763855107128620148e-02,6.525757163763046265e-02,4.308173954486846924e-01,1.770451515913009644e-01,-2.688120901584625244e-01,1.743468195199966431e-01,-1.946945488452911377e-01,-2.278879731893539429e-01,-3.808728754520416260e-01,1.001952290534973145e+00,-1.276126205921173096e-01,4.452030360698699951e-02,2.216379856690764427e-03,2.231424488127231598e-02,1.681315451860427856e-01,-1.737460196018218994e-01,6.075032353401184082e-01,-4.477034509181976318e-01,3.797625005245208740e-01,2.360070645809173584e-01,-2.068056166172027588e-01,2.230864912271499634e-01,0.000000000000000000e+00,0.000000000000000000e+00,0.000000000000000000e+00,0.000000000000000000e+00,0.000000000000000000e+00,0.000000000000000000e+00,0.000000000000000000e+00,-2.711979746818542480e-01,-6.364564299583435059e-01,5.228788852691650391e-01,2.885588705539703369e-01,-8.796157687902450562e-02,-1.938998103141784668e-01,-2.279701530933380127e-01,0.000000000000000000e+00,0.000000000000000000e+00,0.000000000000000000e+00,0.000000000000000000e+00,0.000000000000000000e+00,0.000000000000000000e+00,0.000000000000000000e+00
-4.556756094098091125e-02,-1.548263579607009888e-01,8.070840835571289062e-01,3.378610592335462570e-03,-1.835382357239723206e-02,7.464949488639831543e-01,6.651293635368347168e-01,1.180757954716682434e-02,6.522268056869506836e-02,5.479584336280822754e-01,1.761904507875442505e-01,-2.745274603366851807e-01,1.990769505500793457e-01,-1.284343004226684570e-01,-2.121838480234146118e-01,-4.518651962280273438e-01,1.022407531738281250e+00,-1.043424084782600403e-01,6.912379711866378784e-02,2.645985782146453857e-02,1.460025832056999207e-02,1.482319086790084839e-01,-1.348307579755783081e-01,6.079602837562561035e-01,-4.184023737907409668e-01,3.721117973327636719e-01,2.242386192083358765e-01,-2.035581618547439575e-01,2.035156637430191040e-01,0.000000000000000000e+00,0.000000000000000000e+00,0.000000000000000000e+00,0.000000000000000000e+00,0.000000000000000000e+00,0.000000000000000000e+00,0.000000000000000000e+00,-2.488507926464080811e-01,-6.240263581275939941e-01,5.060809254646301270e-01,2.800720632076263428e-01,-8.447806537151336670e-02,-1.958797872066497803e-01,-2.215634733438491821e-01,0.000000000000000000e+00,0.000000000000000000e+00,0.000000000000000000e+00,0.000000000000000000e+00,0.000000000000000000e+00,0.000000000000000000e+00,0.000000000000000000e+00
-5.588718131184577942e-02,-1.681545674800872803e-01,8.042106628417968750e-01,2.252165460959076881e-03,-1.121506281197071075e-02,7.158972620964050293e-01,6.981118917465209961e-01,-1.293958164751529694e-03,5.936297029256820679e-02,6.524318456649780273e-01,1.817672252655029297e-01,-2.829086780548095703e-01,2.151354551315307617e-01,-6.025399640202522278e-02,-1.796317100524902344e-01,-4.902398884296417236e-01,9.749517440795898438e-01,-7.974465936422348022e-02,1.100599914789199829e-01,4.996614903211593628e-02,5.672382656484842300e-03,1.278641223907470703e-01,-1.024930924177169800e-01,6.099738478660583496e-01,-3.919044733047485352e-01,3.640703856945037842e-01,2.257109135389328003e-01,-1.963538527488708496e-01,1.928998678922653198e-01,0.000000000000000000e+00,0.000000000000000000e+00,0.000000000000000000e+00,0.000000000000000000e+00,0.000000000000000000e+00,0.000000000000000000e+00,0.000000000000000000e+00,-2.338311374187469482e-01,-6.209458112716674805e-01,4.912796020507812500e-01,2.645462751388549805e-01,-8.556346595287322998e-02,-1.909556090831756592e-01,-2.132813185453414917e-01,0.000000000000000000e+00,0.000000000000000000e+00,0.000000000000000000e+00,0.000000000000000000e+00,0.000000000000000000e+00,0.000000000000000000e+00,0.000000000000000000e+00
-6.630045175552368164e-02,-1.806971430778503418e-01,8.009749650955200195e-01,4.462303186301141977e-04,-1.366859942208975554e-04,6.881551742553710938e-01,7.255634069442749023e-01,-2.579159475862979889e-02,4.668348282575607300e-02,7.354367375373840332e-01,1.846549808979034424e-01,-2.824014723300933838e-01,2.182665616273880005e-01,4.592363256961107254e-03,-1.459451913833618164e-01,-4.986727237701416016e-01,8.852272629737854004e-01,-6.161258742213249207e-02,1.481771022081375122e-01,6.389009952545166016e-02,-3.479543374851346016e-04,1.048701852560043335e-01,-7.413475960493087769e-02,6.078592538833618164e-01,-3.730033040046691895e-01,3.584800660610198975e-01,2.253106087446212769e-01,-1.959778815507888794e-01,1.903332173824310303e-01,0.000000000000000000e+00,0.000000000000000000e+00,0.000000000000000000e+00,0.000000000000000000e+00,0.000000000000000000e+00,0.000000000000000000e+00,0.000000000000000000e+00,-2.208758890628814697e-01,-6.198420524597167969e-01,4.753340482711791992e-01,2.516418993473052979e-01,-8.524388074874877930e-02,-1.867755949497222900e-01,-2.148020565509796143e-01,0.000000000000000000e+00,0.000000000000000000e+00,0.000000000000000000e+00,0.000000000000000000e+00,0.000000000000000000e+00,0.000000000000000000e+00,0.000000000000000000e+00
-7.794585078954696655e-02,-1.933519691228866577e-01,7.974590063095092773e-01,-1.761685241945087910e-03,1.526731345802545547e-02,6.583092808723449707e-01,7.525906562805175781e-01,-6.340282410383224487e-02,3.460471332073211670e-02,8.228937387466430664e-01,1.954174339771270752e-01,-2.760496735572814941e-01,2.130585908889770508e-01,6.778112053871154785e-02,-1.204483434557914734e-01,-4.904569387435913086e-01,7.446503639221191406e-01,-5.646314844489097595e-02,1.736236810684204102e-01,8.057893067598342896e-02,-9.937797673046588898e-03,8.919689804315567017e-02,-5.718956515192985535e-02,6.086710691452026367e-01,-3.605897724628448486e-01,3.594731688499450684e-01,2.290145754814147949e-01,-1.967769116163253784e-01,1.972210854291915894e-01,0.000000000000000000e+00,0.000000000000000000e+00,0.000000000000000000e+00,0.000000000000000000e+00,0.000000000000000000e+00,0.000000000000000000e+00,0.000000000000000000e+00,-2.159659415483474731e-01,-6.228240728378295898e-01,4.695202708244323730e-01,2.334543317556381226e-01,-9.044966846704483032e-02,-1.835166960954666138e-01,-2.228170335292816162e-01,0.000000000000000000e+00,0.000000000000000000e+00,0.000000000000000000e+00,0.000000000000000000e+00,0.000000000000000000e+00,0.000000000000000000e+00,0.000000000000000000e+00
-9.025146067142486572e-02,-2.065078914165496826e-01,7.943787574768066406e-01,-5.306630861014127731e-03,3.116128221154212952e-02,6.285197138786315918e-01,7.771510481834411621e-01,-1.078819483518600464e-01,2.854369953274726868e-02,9.082187414169311523e-01,2.083828449249267578e-01,-2.624370157718658447e-01,1.990600228309631348e-01,1.215091198682785034e-01,-1.026306152343750000e-01,-4.791571497917175293e-01,5.754321217536926270e-01,-8.092836290597915649e-02,1.764046549797058105e-01,9.227165579795837402e-02,-1.769289746880531311e-02,7.911060005426406860e-02,-4.986680671572685242e-02,6.099727749824523926e-01,-3.529268205165863037e-01,3.631000816822052002e-01,2.295337021350860596e-01,-1.991593688726425171e-01,2.098017185926437378e-01,0.000000000000000000e+00,0.000000000000000000e+00,0.000000000000000000e+00,0.000000000000000000e+00,0.000000000000000000e+00,0.000000000000000000e+00,0.000000000000000000e+00,-2.181154489517211914e-01,-6.245646476745605469e-01,4.649442136287689209e-01,2.142899781465530396e-01,-8.925511687994003296e-02,-1.792441159486770630e-01,-2.328252792358398438e-01,0.000000000000000000e+00,0.000000000000000000e+00,0.000000000000000000e+00,0.000000000000000000e+00,0.000000000000000000e+00,0.000000000000000000e+00,0.000000000000000000e+00
-1.022595241665840149e-01,-2.200841307640075684e-01,7.909775376319885254e-01,-6.251184735447168350e-03,4.137176647782325745e-02,6.029941439628601074e-01,7.966476082801818848e-01,-1.617366075515747070e-01,4.578442871570587158e-02,9.430257081985473633e-01,2.655138671398162842e-01,-2.449974417686462402e-01,1.794423460960388184e-01,1.594793051481246948e-01,-8.754417300224304199e-02,-4.502688944339752197e-01,4.249370098114013672e-01,-1.390314996242523193e-01,1.533889621496200562e-01,9.966201335191726685e-02,-1.947365887463092804e-02,8.831799775362014771e-02,-5.741996318101882935e-02,6.175628900527954102e-01,-3.519605398178100586e-01,3.669883608818054199e-01,2.339888960123062134e-01,-2.078863680362701416e-01,2.224317044019699097e-01,0.000000000000000000e+00,0.000000000000000000e+00,0.000000000000000000e+00,0.000000000000000000e+00,0.000000000000000000e+00,0.000000000000000000e+00,0.000000000000000000e+00,-2.250959277153015137e-01,-6.290673613548278809e-01,4.568976759910583496e-01,1.924184560775756836e-01,-9.841866791248321533e-02,-1.733069419860839844e-01,-2.397666275501251221e-01,0.000000000000000000e+00,0.000000000000000000e+00,0.000000000000000000e+00,0.000000000000000000e+00,0.000000000000000000e+00,0.000000000000000000e+00,0.000000000000000000e+00
-1.136915087699890137e-01,-2.336875200271606445e-01,7.867821455001831055e-01,-3.621585899963974953e-03,4.408801719546318054e-02,5.851704478263854980e-01,8.097028136253356934e-01,-2.249338179826736450e-01,7.833122462034225464e-02,9.361445903778076172e-01,3.511422276496887207e-01,-2.188096046447753906e-01,1.497744619846343994e-01,1.818387806415557861e-01,-7.904383540153503418e-02,-4.190162420272827148e-01,3.167998492717742920e-01,-2.346768230199813843e-01,1.136687397956848145e-01,9.336491674184799194e-02,-1.301724277436733246e-02,1.058065071702003479e-01,-7.343982160091400146e-02,6.215577125549316406e-01,-3.651232421398162842e-01,3.774475753307342529e-01,2.220878750085830688e-01,-2.163313776254653931e-01,2.216007560491561890e-01,0.000000000000000000e+00,0.000000000000000000e+00,0.000000000000000000e+00,0.000000000000000000e+00,0.000000000000000000e+00,0.000000000000000000e+00,0.000000000000000000e+00,-2.345289289951324463e-01,-6.341530084609985352e-01,4.548426866531372070e-01,1.825968176126480103e-01,-1.032913774251937866e-01,-1.694856584072113037e-01,-2.407930791378021240e-01,0.000000000000000000e+00,0.000000000000000000e+00,0.000000000000000000e+00,0.000000000000000000e+00,0.000000000000000000e+00,0.000000000000000000e+00,0.000000000000000000e+00
-1.248804703354835510e-01,-2.472395598888397217e-01,7.853274345397949219e-01,-1.845062011852860451e-03,3.935554996132850647e-02,5.693156719207763672e-01,8.211743831634521484e-01,-3.059645891189575195e-01,1.290402114391326904e-01,8.773763179779052734e-01,4.607437252998352051e-01,-2.053204923868179321e-01,1.153325289487838745e-01,1.885750144720077515e-01,-7.141216099262237549e-02,-3.848110735416412354e-01,2.644725739955902100e-01,-3.064678907394409180e-01,7.684733718633651733e-02,8.877416700124740601e-02,2.469206461682915688e-03,1.316873282194137573e-01,-1.006820574402809143e-01,6.241777539253234863e-01,-3.839097619056701660e-01,3.893021643161773682e-01,1.923784911632537842e-01,-2.234219312667846680e-01,2.119635641574859619e-01,0.000000000000000000e+00,0.000000000000000000e+00,0.000000000000000000e+00,0.000000000000000000e+00,0.000000000000000000e+00,0.000000000000000000e+00,0.000000000000000000e+00,-2.459793239831924438e-01,-6.406375765800476074e-01,4.533160328865051270e-01,1.850956827402114868e-01,-1.017912551760673523e-01,-1.642458289861679077e-01,-2.388630211353302002e-01,0.000000000000000000e+00,0.000000000000000000e+00,0.000000000000000000e+00,0.000000000000000000e+00,0.000000000000000000e+00,0.000000000000000000e+00,0.000000000000000000e+00
-1.363241076469421387e-01,-2.602343261241912842e-01,7.861900925636291504e-01,3.149420022964477539e-03,3.303788974881172180e-02,5.554254651069641113e-01,8.309038281440734863e-01,-3.783740401268005371e-01,1.734502613544464111e-01,8.099313378334045410e-01,5.583470463752746582e-01,-1.998618245124816895e-01,9.087534993886947632e-02,1.852286458015441895e-01,-7.847565412521362305e-02,-3.549399375915527344e-01,2.457147091627120972e-01,-3.365648090839385986e-01,5.876327306032180786e-02,8.432618528604507446e-02,1.342342048883438110e-02,1.582856327295303345e-01,-1.292297840118408203e-01,6.224924325942993164e-01,-4.054420888423919678e-01,4.042599499225616455e-01,1.749525517225265503e-01,-2.264420092105865479e-01,2.029123157262802124e-01,0.000000000000000000e+00,0.000000000000000000e+00,0.000000000000000000e+00,0.000000000000000000e+00,0.000000000000000000e+00,0.000000000000000000e+00,0.000000000000000000e+00,-2.560372650623321533e-01,-6.460757851600646973e-01,4.595607221126556396e-01,1.991022229194641113e-01,-1.136115714907646179e-01,-1.609140634536743164e-01,-2.403803318738937378e-01,0.000000000000000000e+00,0.000000000000000000e+00,0.000000000000000000e+00,0.000000000000000000e+00,0.000000000000000000e+00,0.000000000000000000e+00,0.000000000000000000e+00
-1.479929089546203613e-01,-2.719337642192840576e-01,7.892758250236511230e-01,1.134427636861801147e-02,2.895123884081840515e-02,5.391536355018615723e-01,8.416332006454467773e-01,-4.318992197513580322e-01,2.062549144029617310e-01,7.501548528671264648e-01,6.214571595191955566e-01,-1.915765851736068726e-01,7.052001357078552246e-02,1.777404397726058960e-01,-1.002536043524742126e-01,-3.348644971847534180e-01,2.338753640651702881e-01,-3.420228958129882812e-01,5.543486773967742920e-02,8.047819137573242188e-02,1.444867905229330063e-02,1.786789149045944214e-01,-1.482513397932052612e-01,6.180641651153564453e-01,-4.201931953430175781e-01,4.184769093990325928e-01,1.588105112314224243e-01,-2.303682118654251099e-01,1.950797289609909058e-01,0.000000000000000000e+00,0.000000000000000000e+00,0.000000000000000000e+00,0.000000000000000000e+00,0.000000000000000000e+00,0.000000000000000000e+00,0.000000000000000000e+00,-2.589172720909118652e-01,-6.477057337760925293e-01,4.703949987888336182e-01,2.208622694015502930e-01,-1.189732179045677185e-01,-1.594779938459396362e-01,-2.364001870155334473e-01,0.000000000000000000e+00,0.000000000000000000e+00,0.000000000000000000e+00,0.000000000000000000e+00,0.000000000000000000e+00,0.000000000000000000e+00,0.000000000000000000e+00
-1.595430076122283936e-01,-2.818498313426971436e-01,7.927970886230468750e-01,1.811317354440689087e-02,2.508625574409961700e-02,5.242843627929687500e-01,8.509808778762817383e-01,-4.745150208473205566e-01,2.310276478528976440e-01,6.730082035064697266e-01,6.732166409492492676e-01,-1.762920469045639038e-01,4.620306193828582764e-02,1.685089617967605591e-01,-1.193896159529685974e-01,-3.119576573371887207e-01,2.219911217689514160e-01,-3.311417102813720703e-01,5.390704423189163208e-02,7.678613811731338501e-02,1.367763429880142212e-02,1.958837211132049561e-01,-1.711488366127014160e-01,6.136248111724853516e-01,-4.349327981472015381e-01,4.363101124763488770e-01,1.472001522779464722e-01,-2.326368838548660278e-01,1.910646855831146240e-01,0.000000000000000000e+00,0.000000000000000000e+00,0.000000000000000000e+00,0.000000000000000000e+00,0.000000000000000000e+00,0.000000000000000000e+00,0.000000000000000000e+00,-2.617285847663879395e-01,-6.500664949417114258e-01,4.844230115413665771e-01,2.446861863136291504e-01,-1.230091825127601624e-01,-1.603495180606842041e-01,-2.337111085653305054e-01,0.000000000000000000e+00,0.000000000000000000e+00,0.000000000000000000e+00,0.000000000000000000e+00,0.000000000000000000e+00,0.000000000000000000e+00,0.000000000000000000e+00
-1.711157411336898804e-01,-2.892329990863800049e-01,7.963204383850097656e-01,2.521128766238689423e-02,2.404811233282089233e-02,5.071856975555419922e-01,8.611322641372680664e-01,-4.920186102390289307e-01,2.494589090347290039e-01,5.942591428756713867e-01,7.095723152160644531e-01,-1.689861714839935303e-01,2.664451673626899719e-02,1.608645021915435791e-01,-1.408722996711730957e-01,-2.799470424652099609e-01,1.977558135986328125e-01,-3.151870071887969971e-01,6.332080066204071045e-02,7.163555175065994263e-02,9.506475180387496948e-03,1.976905465126037598e-01,-1.960629671812057495e-01,6.155419349670410156e-01,-4.533379971981048584e-01,4.554550647735595703e-01,1.449249088764190674e-01,-2.335436940193176270e-01,1.799257099628448486e-01,0.000000000000000000e+00,0.000000000000000000e+00,0.000000000000000000e+00,0.000000000000000000e+00,0.000000000000000000e+00,0.000000000000000000e+00,0.000000000000000000e+00,-2.587753534317016602e-01,-6.515115499496459961e-01,5.021010637283325195e-01,2.717532515525817871e-01,-1.256451457738876343e-01,-1.600541025400161743e-01,-2.195181250572204590e-01,0.000000000000000000e+00,0.000000000000000000e+00,0.000000000000000000e+00,0.000000000000000000e+00,0.000000000000000000e+00,0.000000000000000000e+00,0.000000000000000000e+00
-1.824479997158050537e-01,-2.935070991516113281e-01,7.993492484092712402e-01,3.194227069616317749e-02,2.476310729980468750e-02,4.900991618633270264e-01,8.707291483879089355e-01,-4.754125177860260010e-01,2.560614943504333496e-01,5.235418677330017090e-01,7.192294001579284668e-01,-1.660876572132110596e-01,2.377759106457233429e-02,1.481280475854873657e-01,-1.651811152696609497e-01,-2.429853975772857666e-01,1.836293488740921021e-01,-2.986776530742645264e-01,7.656610012054443359e-02,6.567706167697906494e-02,-9.244421962648630142e-04,1.927436292171478271e-01,-2.147990018129348755e-01,6.187849044799804688e-01,-4.646417200565338135e-01,4.661415815353393555e-01,1.465423256158828735e-01,-2.376191765069961548e-01,1.781624555587768555e-01,0.000000000000000000e+00,0.000000000000000000e+00,0.000000000000000000e+00,0.000000000000000000e+00,0.000000000000000000e+00,0.000000000000000000e+00,0.000000000000000000e+00,-2.474463284015655518e-01,-6.524066925048828125e-01,5.143436789512634277e-01,2.900795936584472656e-01,-1.284035295248031616e-01,-1.651280820369720459e-01,-2.023359984159469604e-01,0.000000000000000000e+00,0.000000000000000000e+00,0.000000000000000000e+00,0.000000000000000000e+00,0.000000000000000000e+00,0.000000000000000000e+00,0.000000000000000000e+00
-1.934511810541152954e-01,-2.947649657726287842e-01,8.012182116508483887e-01,3.728490322828292847e-02,2.558227069675922394e-02,4.770399034023284912e-01,8.777176737785339355e-01,-4.495422244071960449e-01,2.634966373443603516e-01,4.587449431419372559e-01,7.226269841194152832e-01,-1.610566824674606323e-01,1.993867568671703339e-02,1.389043629169464111e-01,-1.874877959489822388e-01,-2.090125977993011475e-01,1.701582223176956177e-01,-2.859619855880737305e-01,9.007573872804641724e-02,6.030342355370521545e-02,-9.745787829160690308e-03,1.820287108421325684e-01,-2.331228256225585938e-01,6.278252005577087402e-01,-4.847424328327178955e-01,4.669756293296813965e-01,1.558311283588409424e-01,-2.442160844802856445e-01,1.724001765251159668e-01,0.000000000000000000e+00,0.000000000000000000e+00,0.000000000000000000e+00,0.000000000000000000e+00,0.000000000000000000e+00,0.000000000000000000e+00,0.000000000000000000e+00,-2.350422143936157227e-01,-6.577576994895935059e-01,5.266357064247131348e-01,2.995920181274414062e-01,-1.223928555846214294e-01,-1.710530221462249756e-01,-1.743949204683303833e-01,0.000000000000000000e+00,0.000000000000000000e+00,0.000000000000000000e+00,0.000000000000000000e+00,0.000000000000000000e+00,0.000000000000000000e+00,0.000000000000000000e+00
-2.041667848825454712e-01,-2.931737899780273438e-01,8.018056750297546387e-01,3.962583839893341064e-02,2.591376379132270813e-02,4.658644199371337891e-01,8.835884928703308105e-01,-4.157568216323852539e-01,2.677087485790252686e-01,3.994165062904357910e-01,7.141444683074951172e-01,-1.544404476881027222e-01,1.252989843487739563e-02,1.306411325931549072e-01,-2.053143680095672607e-01,-1.808386743068695068e-01,1.591980308294296265e-01,-2.761189639568328857e-01,1.039481535553932190e-01,5.684962868690490723e-02,-1.749267056584358215e-02,1.697849482297897339e-01,-2.525785565376281738e-01,6.362617611885070801e-01,-4.960188567638397217e-01,4.602865576744079590e-01,1.531394720077514648e-01,-2.466315925121307373e-01,1.758899539709091187e-01,0.000000000000000000e+00,0.000000000000000000e+00,0.000000000000000000e+00,0.000000000000000000e+00,0.000000000000000000e+00,0.000000000000000000e+00,0.000000000000000000e+00,-2.261441200971603394e-01,-6.682567000389099121e-01,5.364882946014404297e-01,2.965282499790191650e-01,-1.130570247769355774e-01,-1.729508936405181885e-01,-1.471384316682815552e-01,0.000000000000000000e+00,0.000000000000000000e+00,0.000000000000000000e+00,0.000000000000000000e+00,0.000000000000000000e+00,0.000000000000000000e+00,0.000000000000000000e+00
-2.147803604602813721e-01,-2.890810072422027588e-01,8.018231987953186035e-01,4.052016139030456543e-02,2.595057152211666107e-02,4.554980099201202393e-01,8.889354467391967773e-01,-3.778224587440490723e-01,2.782723903656005859e-01,3.535381257534027100e-01,6.919372677803039551e-01,-1.512056440114974976e-01,3.128955373540520668e-03,1.224037110805511475e-01,-2.228332012891769409e-01,-1.595375239849090576e-01,1.532531231641769409e-01,-2.667512595653533936e-01,1.189086958765983582e-01,4.850083217024803162e-02,-2.058088779449462891e-02,1.564742028713226318e-01,-2.705115377902984619e-01,6.497989892959594727e-01,-5.133655071258544922e-01,4.526094496250152588e-01,1.515384763479232788e-01,-2.470496147871017456e-01,1.780283153057098389e-01,0.000000000000000000e+00,0.000000000000000000e+00,0.000000000000000000e+00,0.000000000000000000e+00,0.000000000000000000e+00,0.000000000000000000e+00,0.000000000000000000e+00,-2.204089313745498657e-01,-6.807869672775268555e-01,5.465759634971618652e-01,2.857866287231445312e-01,-1.025856062769889832e-01,-1.727548837661743164e-01,-1.233789771795272827e-01,0.000000000000000000e+00,0.000000000000000000e+00,0.000000000000000000e+00,0.000000000000000000e+00,0.000000000000000000e+00,0.000000000000000000e+00,0.000000000000000000e+00
-2.253731340169906616e-01,-2.826136946678161621e-01,8.015615940093994141e-01,3.991666436195373535e-02,2.775106392800807953e-02,4.460557103157043457e-01,8.936838507652282715e-01,-3.293439447879791260e-01,2.808718085289001465e-01,3.168207108974456787e-01,6.515351533889770508e-01,-1.528888940811157227e-01,-5.187577102333307266e-03,1.116855144500732422e-01,-2.411819100379943848e-01,-1.423271298408508301e-01,1.483682841062545776e-01,-2.546108365058898926e-01,1.362571269273757935e-01,3.735570982098579407e-02,-2.312081865966320038e-02,1.383753865957260132e-01,-2.771558463573455811e-01,6.616958975791931152e-01,-5.292944312095642090e-01,4.356392920017242432e-01,1.551675498485565186e-01,-2.512277662754058838e-01,1.824494302272796631e-01,0.000000000000000000e+00,0.000000000000000000e+00,0.000000000000000000e+00,0.000000000000000000e+00,0.000000000000000000e+00,0.000000000000000000e+00,0.000000000000000000e+00,-2.103391885757446289e-01,-6.922695040702819824e-01,5.565934181213378906e-01,2.715268433094024658e-01,-9.834983199834823608e-02,-1.770800799131393433e-01,-1.116881594061851501e-01,0.000000000000000000e+00,0.000000000000000000e+00,0.000000000000000000e+00,0.000000000000000000e+00,0.000000000000000000e+00,0.000000000000000000e+00,0.000000000000000000e+00
-2.362829595804214478e-01,-2.749336957931518555e-01,8.007275462150573730e-01,3.717720508575439453e-02,2.752796187996864319e-02,4.395572841167449951e-01,8.970225453376770020e-01,-2.832520902156829834e-01,2.879734635353088379e-01,2.788875997066497803e-01,5.963405370712280273e-01,-1.531844884157180786e-01,-1.270497776567935944e-02,1.011299937963485718e-01,-2.541190981864929199e-01,-1.232328340411186218e-01,1.514708399772644043e-01,-2.426103800535202026e-01,1.455963402986526489e-01,2.268132008612155914e-02,-2.001969516277313232e-02,1.289322227239608765e-01,-2.873107790946960449e-01,6.711882352828979492e-01,-5.411102175712585449e-01,4.149473905563354492e-01,1.499981135129928589e-01,-2.501555383205413818e-01,1.877761930227279663e-01,0.000000000000000000e+00,0.000000000000000000e+00,0.000000000000000000e+00,0.000000000000000000e+00,0.000000000000000000e+00,0.000000000000000000e+00,0.000000000000000000e+00,-2.067598700523376465e-01,-7.008407711982727051e-01,5.600536465644836426e-01,2.515122592449188232e-01,-8.536006510257720947e-02,-1.788615435361862183e-01,-1.050747483968734741e-01,0.000000000000000000e+00,0.000000000000000000e+00,0.000000000000000000e+00,0.000000000000000000e+00,0.000000000000000000e+00,0.000000000000000000e+00,0.000000000000000000e+00
-2.477034628391265869e-01,-2.662068605422973633e-01,7.989858984947204590e-01,3.082834370434284210e-02,2.767016366124153137e-02,4.362627863883972168e-01,8.988652825355529785e-01,-2.317889779806137085e-01,2.884187102317810059e-01,2.488596141338348389e-01,5.200746059417724609e-01,-1.564790159463882446e-01,-2.075451798737049103e-02,8.816223591566085815e-02,-2.616843879222869873e-01,-1.103565394878387451e-01,1.565459966659545898e-01,-2.307188808917999268e-01,1.558584719896316528e-01,4.811989143490791321e-03,-1.153297629207372665e-02,1.200724840164184570e-01,-3.049176633358001709e-01,6.799745559692382812e-01,-5.592538118362426758e-01,3.946878015995025635e-01,1.477823555469512939e-01,-2.466570138931274414e-01,1.876275837421417236e-01,0.000000000000000000e+00,0.000000000000000000e+00,0.000000000000000000e+00,0.000000000000000000e+00,0.000000000000000000e+00,0.000000000000000000e+00,0.000000000000000000e+00,-2.088664472103118896e-01,-7.099555730819702148e-01,5.605121850967407227e-01,2.285187095403671265e-01,-6.755711883306503296e-02,-1.799054741859436035e-01,-1.031930446624755859e-01,0.000000000000000000e+00,0.000000000000000000e+00,0.000000000000000000e+00,0.000000000000000000e+00,0.000000000000000000e+00,0.000000000000000000e+00,0.000000000000000000e+00
-2.596352994441986084e-01,-2.567896544933319092e-01,7.960945367813110352e-01,2.350957132875919342e-02,2.787685394287109375e-02,4.337881803512573242e-01,9.002766013145446777e-01,-1.842528879642486572e-01,2.796593010425567627e-01,2.226325422525405884e-01,4.417823255062103271e-01,-1.657113283872604370e-01,-2.707708813250064850e-02,7.376213371753692627e-02,-2.686282694339752197e-01,-9.806133806705474854e-02,1.647583991289138794e-01,-2.249931246042251587e-01,1.650931537151336670e-01,-9.122570976614952087e-03,-4.586343711707741022e-04,1.154746338725090027e-01,-3.257279396057128906e-01,6.807352304458618164e-01,-5.769353508949279785e-01,3.766622543334960938e-01,1.499536633491516113e-01,-2.404402345418930054e-01,1.796648204326629639e-01,0.000000000000000000e+00,0.000000000000000000e+00,0.000000000000000000e+00,0.000000000000000000e+00,0.000000000000000000e+00,0.000000000000000000e+00,0.000000000000000000e+00,-2.145345509052276611e-01,-7.143118977546691895e-01,5.575851202011108398e-01,2.047773748636245728e-01,-5.475806444883346558e-02,-1.755146533250808716e-01,-1.000599414110183716e-01,0.000000000000000000e+00,0.000000000000000000e+00,0.000000000000000000e+00,0.000000000000000000e+00,0.000000000000000000e+00,0.000000000000000000e+00,0.000000000000000000e+00
-2.717852592468261719e-01,-2.472169548273086548e-01,7.933697104454040527e-01,1.710232160985469818e-02,2.742792665958404541e-02,4.361322224140167236e-01,8.993018865585327148e-01,-1.517804116010665894e-01,2.594341635704040527e-01,2.018117308616638184e-01,3.841870427131652832e-01,-1.854087561368942261e-01,-2.983559109270572662e-02,6.453010439872741699e-02,-2.787269055843353271e-01,-9.699345380067825317e-02,1.754848062992095947e-01,-2.163798809051513672e-01,1.728957891464233398e-01,-2.038620784878730774e-02,1.039335411041975021e-02,1.131846159696578979e-01,-3.510703742504119873e-01,6.729023456573486328e-01,-5.976728796958923340e-01,3.603165149688720703e-01,1.568222194910049438e-01,-2.353623062372207642e-01,1.755557209253311157e-01,0.000000000000000000e+00,0.000000000000000000e+00,0.000000000000000000e+00,0.000000000000000000e+00,0.000000000000000000e+00,0.000000000000000000e+00,0.000000000000000000e+00,-2.208335250616073608e-01,-7.185695171356201172e-01,5.529997348785400391e-01,1.811616271734237671e-01,-5.045706033706665039e-02,-1.734729260206222534e-01,-1.047115102410316467e-01,0.000000000000000000e+00,0.000000000000000000e+00,0.000000000000000000e+00,0.000000000000000000e+00,0.000000000000000000e+00,0.000000000000000000e+00,0.000000000000000000e+00
-2.841095328330993652e-01,-2.378372848033905029e-01,7.909333705902099609e-01,1.217216905206441879e-02,2.757937088608741760e-02,4.406624436378479004e-01,8.971665501594543457e-01,-1.293627321720123291e-01,2.323839813470840454e-01,1.941028684377670288e-01,3.423821628093719482e-01,-2.377640604972839355e-01,-1.538767851889133453e-02,5.569851770997047424e-02,-2.937666177749633789e-01,-1.021777167916297913e-01,1.904256194829940796e-01,-2.059934139251708984e-01,1.841077655553817749e-01,-2.975993417203426361e-02,1.899866573512554169e-02,1.134214252233505249e-01,-3.812242746353149414e-01,6.585005521774291992e-01,-6.214032173156738281e-01,3.456595242023468018e-01,1.663305014371871948e-01,-2.317774146795272827e-01,1.685937196016311646e-01,0.000000000000000000e+00,0.000000000000000000e+00,0.000000000000000000e+00,0.000000000000000000e+00,0.000000000000000000e+00,0.000000000000000000e+00,0.000000000000000000e+00,-2.269286960363388062e-01,-7.216925024986267090e-01,5.490774512290954590e-01,1.591607034206390381e-01,-4.982693120837211609e-02,-1.717912852764129639e-01,-1.081119403243064880e-01,0.000000000000000000e+00,0.000000000000000000e+00,0.000000000000000000e+00,0.000000000000000000e+00,0.000000000000000000e+00,0.000000000000000000e+00,0.000000000000000000e+00
-2.964472770690917969e-01,-2.287673801183700562e-01,7.902137637138366699e-01,9.370546787977218628e-03,2.645117975771427155e-02,4.442480504512786865e-01,8.954642415046691895e-01,-1.131230518221855164e-01,2.063889205455780029e-01,1.884667426347732544e-01,3.151297271251678467e-01,-2.872230112552642822e-01,6.632028147578239441e-03,4.563619941473007202e-02,-3.130259215831756592e-01,-1.111746057868003845e-01,2.113580554723739624e-01,-1.764512658119201660e-01,1.915632933378219604e-01,-3.163705393671989441e-02,2.339361235499382019e-02,1.160313263535499573e-01,-4.139635562896728516e-01,6.346498131752014160e-01,-6.440365910530090332e-01,3.355079591274261475e-01,1.718142479658126831e-01,-2.285134941339492798e-01,1.647296547889709473e-01,0.000000000000000000e+00,0.000000000000000000e+00,0.000000000000000000e+00,0.000000000000000000e+00,0.000000000000000000e+00,0.000000000000000000e+00,0.000000000000000000e+00,-2.348609119653701782e-01,-7.192730307579040527e-01,5.536142587661743164e-01,1.406612396240234375e-01,-5.164761096239089966e-02,-1.688034534454345703e-01,-1.084948107600212097e-01,0.000000000000000000e+00,0.000000000000000000e+00,0.000000000000000000e+00,0.000000000000000000e+00,0.000000000000000000e+00,0.000000000000000000e+00,0.000000000000000000e+00
-3.086740970611572266e-01,-2.203100174665451050e-01,7.914023399353027344e-01,6.205034907907247543e-03,2.494566142559051514e-02,4.476841986179351807e-01,8.938221931457519531e-01,-1.025383248925209045e-01,1.865331083536148071e-01,1.913197785615921021e-01,2.927244603633880615e-01,-3.121250271797180176e-01,2.187385782599449158e-02,2.916983328759670258e-02,-3.349779546260833740e-01,-1.392752528190612793e-01,2.374569177627563477e-01,-1.191518008708953857e-01,1.960129290819168091e-01,-3.216559439897537231e-02,2.886189892888069153e-02,1.224983409047126770e-01,-4.464452564716339111e-01,6.135547757148742676e-01,-6.654954552650451660e-01,3.237952888011932373e-01,1.801568120718002319e-01,-2.271295487880706787e-01,1.593457907438278198e-01,0.000000000000000000e+00,0.000000000000000000e+00,0.000000000000000000e+00,0.000000000000000000e+00,0.000000000000000000e+00,0.000000000000000000e+00,0.000000000000000000e+00,-2.442161440849304199e-01,-7.122137546539306641e-01,5.609114170074462891e-01,1.259730458259582520e-01,-5.460616946220397949e-02,-1.662427335977554321e-01,-1.083735227584838867e-01,0.000000000000000000e+00,0.000000000000000000e+00,0.000000000000000000e+00,0.000000000000000000e+00,0.000000000000000000e+00,0.000000000000000000e+00,0.000000000000000000e+00
-3.204645216464996338e-01,-2.125693559646606445e-01,7.929195165634155273e-01,2.852937206625938416e-03,2.232245914638042450e-02,4.488050937652587891e-01,8.933462500572204590e-01,-9.280546754598617554e-02,1.708725392818450928e-01,1.902349144220352173e-01,2.748481929302215576e-01,-3.269358873367309570e-01,3.291546180844306946e-02,9.918806143105030060e-03,-3.543924093246459961e-01,-1.678270548582077026e-01,2.653309702873229980e-01,-6.617102771997451782e-02,1.918948441743850708e-01,-2.827017568051815033e-02,3.278122097253799438e-02,1.311147511005401611e-01,-4.772110581398010254e-01,5.965346693992614746e-01,-6.883986592292785645e-01,3.090107142925262451e-01,1.932111382484436035e-01,-2.272959500551223755e-01,1.559268087148666382e-01,0.000000000000000000e+00,0.000000000000000000e+00,0.000000000000000000e+00,0.000000000000000000e+00,0.000000000000000000e+00,0.000000000000000000e+00,0.000000000000000000e+00,-2.573070228099822998e-01,-7.010192275047302246e-01,5.757359266281127930e-01,1.188473328948020935e-01,-5.878401920199394226e-02,-1.634985357522964478e-01,-1.042164862155914307e-01,0.000000000000000000e+00,0.000000000000000000e+00,0.000000000000000000e+00,0.000000000000000000e+00,0.000000000000000000e+00,0.000000000000000000e+00,0.000000000000000000e+00
-3.314227163791656494e-01,-2.057729214429855347e-01,7.949631810188293457e-01,-1.430802396498620510e-03,1.859527826309204102e-02,4.504586458206176758e-01,8.926024436950683594e-01,-8.442275971174240112e-02,1.616315990686416626e-01,1.922095119953155518e-01,2.599293887615203857e-01,-3.349450826644897461e-01,3.863932564854621887e-02,-1.207214500755071640e-02,-3.642559647560119629e-01,-1.959174275398254395e-01,2.905113101005554199e-01,-5.006740242242813110e-02,1.811386197805404663e-01,-2.477066591382026672e-02,3.849076479673385620e-02,1.411599069833755493e-01,-5.036671757698059082e-01,5.828430652618408203e-01,-7.057607769966125488e-01,2.961656451225280762e-01,1.982218474149703979e-01,-2.282025367021560669e-01,1.547184586524963379e-01,0.000000000000000000e+00,0.000000000000000000e+00,0.000000000000000000e+00,0.000000000000000000e+00,0.000000000000000000e+00,0.000000000000000000e+00,0.000000000000000000e+00,-2.752009034156799316e-01,-6.869485974311828613e-01,5.943911075592041016e-01,1.103734523057937622e-01,-5.782971903681755066e-02,-1.625922024250030518e-01,-9.834939241409301758e-02,0.000000000000000000e+00,0.000000000000000000e+00,0.000000000000000000e+00,0.000000000000000000e+00,0.000000000000000000e+00,0.000000000000000000e+00,0.000000000000000000e+00
-3.408490419387817383e-01,-1.999164968729019165e-01,7.974517941474914551e-01,-5.192474927753210068e-03,1.285568531602621078e-02,4.544279575347900391e-01,8.906756043434143066e-01,-7.182729244232177734e-02,1.542125195264816284e-01,1.860587149858474731e-01,2.420331090688705444e-01,-3.355166912078857422e-01,4.427297413349151611e-02,-3.603487089276313782e-02,-3.548678755760192871e-01,-1.932349950075149536e-01,3.117548525333404541e-01,-8.238912373781204224e-02,1.726970970630645752e-01,-2.556212060153484344e-02,4.145123064517974854e-02,1.521202325820922852e-01,-5.174623727798461914e-01,5.707573890686035156e-01,-7.181820869445800781e-01,2.824386060237884521e-01,1.955200582742691040e-01,-2.297653704881668091e-01,1.515587121248245239e-01,0.000000000000000000e+00,0.000000000000000000e+00,0.000000000000000000e+00,0.000000000000000000e+00,0.000000000000000000e+00,0.000000000000000000e+00,0.000000000000000000e+00,-2.920019328594207764e-01,-6.683867573738098145e-01,6.168420910835266113e-01,1.036310419440269470e-01,-5.470813438296318054e-02,-1.609972268342971802e-01,-8.913202583789825439e-02,0.000000000000000000e+00,0.000000000000000000e+00,0.000000000000000000e+00,0.000000000000000000e+00,0.000000000000000000e+00,0.000000000000000000e+00,0.000000000000000000e+00
-3.490318953990936279e-01,-1.949928402900695801e-01,7.999182939529418945e-01,-7.218162994831800461e-03,7.084634620696306229e-03,4.587030112743377686e-01,8.885321021080017090e-01,-5.874918028712272644e-02,1.463776826858520508e-01,1.814701110124588013e-01,2.265313565731048584e-01,-3.296329081058502197e-01,4.901844635605812073e-02,-5.850043520331382751e-02,-3.396712541580200195e-01,-1.922322809696197510e-01,3.341946303844451904e-01,-1.123769581317901611e-01,1.650997847318649292e-01,-2.789946645498275757e-02,4.124033078551292419e-02,1.619273126125335693e-01,-5.238769650459289551e-01,5.631674528121948242e-01,-7.282904386520385742e-01,2.726506292819976807e-01,1.951665878295898438e-01,-2.307203710079193115e-01,1.487960815429687500e-01,0.000000000000000000e+00,0.000000000000000000e+00,0.000000000000000000e+00,0.000000000000000000e+00,0.000000000000000000e+00,0.000000000000000000e+00,0.000000000000000000e+00,-3.091222047805786133e-01,-6.477332711219787598e-01,6.387942433357238770e-01,9.756962209939956665e-02,-5.810938775539398193e-02,-1.600942909717559814e-01,-8.552906662225723267e-02,0.000000000000000000e+00,0.000000000000000000e+00,0.000000000000000000e+00,0.000000000000000000e+00,0.000000000000000000e+00,0.000000000000000000e+00,0.000000000000000000e+00
-3.560302257537841797e-01,-1.910185217857360840e-01,8.020383119583129883e-01,-9.232156910002231598e-03,2.439757343381643295e-03,4.615736603736877441e-01,8.870505094528198242e-01,-4.756663739681243896e-02,1.400910913944244385e-01,1.760402768850326538e-01,2.117579281330108643e-01,-3.234438300132751465e-01,5.236947536468505859e-02,-7.498902082443237305e-02,-3.223353922367095947e-01,-1.958193778991699219e-01,3.526268601417541504e-01,-1.291293203830718994e-01,1.607416272163391113e-01,-2.956878580152988434e-02,3.872566297650337219e-02,1.706929504871368408e-01,-5.264316797256469727e-01,5.577118396759033203e-01,-7.356841564178466797e-01,2.670413851737976074e-01,1.916640996932983398e-01,-2.332839220762252808e-01,1.453500092029571533e-01,0.000000000000000000e+00,0.000000000000000000e+00,0.000000000000000000e+00,0.000000000000000000e+00,0.000000000000000000e+00,0.000000000000000000e+00,0.000000000000000000e+00,-3.261566758155822754e-01,-6.261824369430541992e-01,6.611022949218750000e-01,9.655862301588058472e-02,-5.744378268718719482e-02,-1.603942960500717163e-01,-8.335996419191360474e-02,0.000000000000000000e+00,0.000000000000000000e+00,0.000000000000000000e+00,0.000000000000000000e+00,0.000000000000000000e+00,0.000000000000000000e+00,0.000000000000000000e+00
-3.616057336330413818e-01,-1.878646314144134521e-01,8.035601377487182617e-01,-1.092042494565248489e-02,-8.537654066458344460e-04,4.642193913459777832e-01,8.856525421142578125e-01,-4.020694270730018616e-02,1.349641680717468262e-01,1.722501814365386963e-01,2.013618797063827515e-01,-3.193148076534271240e-01,5.557398870587348938e-02,-8.646694570779800415e-02,-3.037370741367340088e-01,-2.009531855583190918e-01,3.678531050682067871e-01,-1.432892680168151855e-01,1.562567502260208130e-01,-3.028750047087669373e-02,3.438047319650650024e-02,1.771292835474014282e-01,-5.219485163688659668e-01,5.528326034545898438e-01,-7.395777106285095215e-01,2.645249962806701660e-01,1.861495077610015869e-01,-2.358003407716751099e-01,1.421801894903182983e-01,0.000000000000000000e+00,0.000000000000000000e+00,0.000000000000000000e+00,0.000000000000000000e+00,0.000000000000000000e+00,0.000000000000000000e+00,0.000000000000000000e+00,-3.400121629238128662e-01,-6.045758128166198730e-01,6.792169213294982910e-01,9.858400374650955200e-02,-5.494159832596778870e-02,-1.627387851476669312e-01,-8.296872675418853760e-02,0.000000000000000000e+00,0.000000000000000000e+00,0.000000000000000000e+00,0.000000000000000000e+00,0.000000000000000000e+00,0.000000000000000000e+00,0.000000000000000000e+00
-3.656089007854461670e-01,-1.853747516870498657e-01,8.046718239784240723e-01,-1.206971239298582077e-02,-3.469727933406829834e-03,4.672704339027404785e-01,8.840252161026000977e-01,-3.487255051732063293e-02,1.306511908769607544e-01,1.666318774223327637e-01,1.939747780561447144e-01,-3.157232105731964111e-01,5.733212456107139587e-02,-9.599628299474716187e-02,-2.822548747062683105e-01,-2.034769505262374878e-01,3.792185783386230469e-01,-1.570237874984741211e-01,1.542288511991500854e-01,-3.101470880210399628e-02,2.831644937396049500e-02,1.813656389713287354e-01,-5.170058608055114746e-01,5.508858561515808105e-01,-7.428954839706420898e-01,2.649256885051727295e-01,1.844338327646255493e-01,-2.373201251029968262e-01,1.392137855291366577e-01,0.000000000000000000e+00,0.000000000000000000e+00,0.000000000000000000e+00,0.000000000000000000e+00,0.000000000000000000e+00,0.000000000000000000e+00,0.000000000000000000e+00,-3.496297895908355713e-01,-5.880364775657653809e-01,6.946437358856201172e-01,1.035530716180801392e-01,-5.504294857382774353e-02,-1.643999963998794556e-01,-8.410061895847320557e-02,0.000000000000000000e+00,0.000000000000000000e+00,0.000000000000000000e+00,0.000000000000000000e+00,0.000000000000000000e+00,0.000000000000000000e+00,0.000000000000000000e+00
-3.681191504001617432e-01,-1.836170703172683716e-01,8.050531148910522461e-01,-1.237866282463073730e-02,-3.788579488173127174e-03,4.694686233997344971e-01,8.828542828559875488e-01,-3.316134959459304810e-02,1.252873390913009644e-01,1.630768477916717529e-01,1.885534822940826416e-01,-3.141593933105468750e-01,5.694549903273582458e-02,-1.005241870880126953e-01,-2.607595026493072510e-01,-2.064436972141265869e-01,3.820575177669525146e-01,-1.737111955881118774e-01,1.538438796997070312e-01,-3.003721311688423157e-02,2.113180607557296753e-02,1.831326484680175781e-01,-5.090703964233398438e-01,5.502520203590393066e-01,-7.449478507041931152e-01,2.653980553150177002e-01,1.805050671100616455e-01,-2.379001677036285400e-01,1.340528726577758789e-01,0.000000000000000000e+00,0.000000000000000000e+00,0.000000000000000000e+00,0.000000000000000000e+00,0.000000000000000000e+00,0.000000000000000000e+00,0.000000000000000000e+00,-3.547950088977813721e-01,-5.733522772789001465e-01,7.060016989707946777e-01,1.108377128839492798e-01,-5.077061802148818970e-02,-1.650055795907974243e-01,-8.315894007682800293e-02,0.000000000000000000e+00,0.000000000000000000e+00,0.000000000000000000e+00,0.000000000000000000e+00,0.000000000000000000e+00,0.000000000000000000e+00,0.000000000000000000e+00
-3.691880702972412109e-01,-1.826305985450744629e-01,8.049594759941101074e-01,-1.215947140008211136e-02,-2.394735114648938179e-03,4.713790118694305420e-01,8.818436861038208008e-01,-3.341576084494590759e-02,1.193442046642303467e-01,1.595433503389358521e-01,1.824273020029067993e-01,-3.138964474201202393e-01,5.636673793196678162e-02,-9.853915125131607056e-02,-2.394186407327651978e-01,-2.077952623367309570e-01,3.760372996330261230e-01,-1.900264769792556763e-01,1.551808863878250122e-01,-2.741436846554279327e-02,1.409284584224224091e-02,1.833118945360183716e-01,-5.022715926170349121e-01,5.534121990203857422e-01,-7.480919957160949707e-01,2.665903270244598389e-01,1.812563687562942505e-01,-2.393722832202911377e-01,1.266128569841384888e-01,0.000000000000000000e+00,0.000000000000000000e+00,0.000000000000000000e+00,0.000000000000000000e+00,0.000000000000000000e+00,0.000000000000000000e+00,0.000000000000000000e+00,-3.557528853416442871e-01,-5.639258623123168945e-01,7.155298590660095215e-01,1.167628541588783264e-01,-3.842684999108314514e-02,-1.676790416240692139e-01,-7.942502945661544800e-02,0.000000000000000000e+00,0.000000000000000000e+00,0.000000000000000000e+00,0.000000000000000000e+00,0.000000000000000000e+00,0.000000000000000000e+00,0.000000000000000000e+00
-3.689865767955780029e-01,-1.824689954519271851e-01,8.044453263282775879e-01,-1.131439860910177231e-02,-4.514789325185120106e-04,4.730210304260253906e-01,8.809783458709716797e-01,-3.600993007421493530e-02,1.140974611043930054e-01,1.548439562320709229e-01,1.806954741477966309e-01,-3.146936297416687012e-01,5.595698580145835876e-02,-9.238342940807342529e-02,-2.216136902570724487e-01,-2.062363326549530029e-01,3.678875565528869629e-01,-2.062259763479232788e-01,1.557262986898422241e-01,-2.518684417009353638e-02,8.000004105269908905e-03,1.821397691965103149e-01,-4.969084560871124268e-01,5.591099858283996582e-01,-7.502676844596862793e-01,2.735016942024230957e-01,1.838655620813369751e-01,-2.387909442186355591e-01,1.184150427579879761e-01,0.000000000000000000e+00,0.000000000000000000e+00,0.000000000000000000e+00,0.000000000000000000e+00,0.000000000000000000e+00,0.000000000000000000e+00,0.000000000000000000e+00,-3.547615110874176025e-01,-5.598036646842956543e-01,7.152451872825622559e-01,1.245834007859230042e-01,-2.263322658836841583e-02,-1.670883148908615112e-01,-7.690765708684921265e-02,0.000000000000000000e+00,0.000000000000000000e+00,0.000000000000000000e+00,0.000000000000000000e+00,0.000000000000000000e+00,0.000000000000000000e+00,0.000000000000000000e+00
-3.677905201911926270e-01,-1.832910031080245972e-01,8.035906553268432617e-01,-9.325546212494373322e-03,2.939684083685278893e-03,4.725480973720550537e-01,8.812506198883056641e-01,-3.974260017275810242e-02,1.083047091960906982e-01,1.558815389871597290e-01,1.797466278076171875e-01,-3.150833845138549805e-01,5.661787092685699463e-02,-8.092295378446578979e-02,-2.103607654571533203e-01,-2.079784870147705078e-01,3.536116480827331543e-01,-2.201834172010421753e-01,1.557639092206954956e-01,-1.907914504408836365e-02,7.100903894752264023e-04,1.810664683580398560e-01,-4.908798336982727051e-01,5.676081180572509766e-01,-7.494689822196960449e-01,2.847748994827270508e-01,1.812092512845993042e-01,-2.379191815853118896e-01,1.120378598570823669e-01,0.000000000000000000e+00,0.000000000000000000e+00,0.000000000000000000e+00,0.000000000000000000e+00,0.000000000000000000e+00,0.000000000000000000e+00,0.000000000000000000e+00,-3.486899733543395996e-01,-5.626109838485717773e-01,7.030754685401916504e-01,1.320287734270095825e-01,-1.541752571938559413e-04,-1.656387150287628174e-01,-7.681430131196975708e-02,0.000000000000000000e+00,0.000000000000000000e+00,0.000000000000000000e+00,0.000000000000000000e+00,0.000000000000000000e+00,0.000000000000000000e+00,0.000000000000000000e+00
-3.656870424747467041e-01,-1.850584000349044800e-01,8.024633526802062988e-01,-6.775204092264175415e-03,6.228348240256309509e-03,4.727092385292053223e-01,8.811703920364379883e-01,-4.473798349499702454e-02,1.038346290588378906e-01,1.581103801727294922e-01,1.816679090261459351e-01,-3.153327107429504395e-01,5.532088875770568848e-02,-6.587989628314971924e-02,-2.031831592321395874e-01,-2.068754881620407104e-01,3.342654407024383545e-01,-2.322885990142822266e-01,1.525804996490478516e-01,-1.615257002413272858e-02,-4.283617250621318817e-03,1.760848015546798706e-01,-4.904592931270599365e-01,5.801690816879272461e-01,-7.541908025741577148e-01,3.005906045436859131e-01,1.791483312845230103e-01,-2.356186509132385254e-01,1.049687489867210388e-01,0.000000000000000000e+00,0.000000000000000000e+00,0.000000000000000000e+00,0.000000000000000000e+00,0.000000000000000000e+00,0.000000000000000000e+00,0.000000000000000000e+00,-3.413122296333312988e-01,-5.692390799522399902e-01,6.801695227622985840e-01,1.366365402936935425e-01,3.587232902646064758e-02,-1.628716439008712769e-01,-8.122203499078750610e-02,0.000000000000000000e+00,0.000000000000000000e+00,0.000000000000000000e+00,0.000000000000000000e+00,0.000000000000000000e+00,0.000000000000000000e+00,0.000000000000000000e+00
-3.629344701766967773e-01,-1.877265870571136475e-01,8.011455535888671875e-01,-2.946191234514117241e-03,8.530849590897560120e-03,4.714602828025817871e-01,8.818411231040954590e-01,-5.076394975185394287e-02,1.013211235404014587e-01,1.641333550214767456e-01,1.932244598865509033e-01,-3.160163462162017822e-01,5.416933819651603699e-02,-4.902780428528785706e-02,-2.009516954421997070e-01,-2.062814235687255859e-01,3.111399412155151367e-01,-2.483391165733337402e-01,1.433129161596298218e-01,-1.481170859187841415e-02,-7.750147022306919098e-03,1.699710041284561157e-01,-4.987752735614776611e-01,5.952227711677551270e-01,-7.641249299049377441e-01,3.279699087142944336e-01,1.743913143873214722e-01,-2.281916290521621704e-01,9.316981583833694458e-02,0.000000000000000000e+00,0.000000000000000000e+00,0.000000000000000000e+00,0.000000000000000000e+00,0.000000000000000000e+00,0.000000000000000000e+00,0.000000000000000000e+00,-3.413257896900177002e-01,-5.852837562561035156e-01,6.503428816795349121e-01,1.369218379259109497e-01,7.765060663223266602e-02,-1.598129421472549438e-01,-8.466655761003494263e-02,0.000000000000000000e+00,0.000000000000000000e+00,0.000000000000000000e+00,0.000000000000000000e+00,0.000000000000000000e+00,0.000000000000000000e+00,0.000000000000000000e+00
-3.597654998302459717e-01,-1.911096423864364624e-01,8.001851439476013184e-01,3.538241726346313953e-04,9.028024971485137939e-03,4.700822532176971436e-01,8.825763463973999023e-01,-5.443434417247772217e-02,1.035894528031349182e-01,1.712170988321304321e-01,2.051838785409927368e-01,-3.155370950698852539e-01,5.102828145027160645e-02,-3.372191265225410461e-02,-1.965742856264114380e-01,-2.057581245899200439e-01,2.890482246875762939e-01,-2.676551342010498047e-01,1.326917260885238647e-01,-1.847918704152107239e-02,-8.120086975395679474e-03,1.617799103260040283e-01,-5.151694416999816895e-01,6.115824580192565918e-01,-7.787009477615356445e-01,3.688652813434600830e-01,1.720738261938095093e-01,-2.176541537046432495e-01,6.889145821332931519e-02,0.000000000000000000e+00,0.000000000000000000e+00,0.000000000000000000e+00,0.000000000000000000e+00,0.000000000000000000e+00,0.000000000000000000e+00,0.000000000000000000e+00,-3.518043160438537598e-01,-6.086837649345397949e-01,6.137416958808898926e-01,1.385130286216735840e-01,1.201162859797477722e-01,-1.553373336791992188e-01,-9.234043210744857788e-02,0.000000000000000000e+00,0.000000000000000000e+00,0.000000000000000000e+00,0.000000000000000000e+00,0.000000000000000000e+00,0.000000000000000000e+00,0.000000000000000000e+00
-3.562738597393035889e-01,-1.949847340583801270e-01,7.993012666702270508e-01,4.212385043501853943e-03,8.655354380607604980e-03,4.675686359405517578e-01,8.839043378829956055e-01,-6.159897148609161377e-02,1.085484325885772705e-01,1.793010979890823364e-01,2.295882403850555420e-01,-3.127318918704986572e-01,4.350040853023529053e-02,-1.917313970625400543e-02,-1.917660236358642578e-01,-2.018375396728515625e-01,2.662391662597656250e-01,-2.882926464080810547e-01,1.216865479946136475e-01,-2.304136939346790314e-02,-7.353486958891153336e-03,1.516133248805999756e-01,-5.397654175758361816e-01,6.294991374015808105e-01,-8.002910017967224121e-01,4.181849062442779541e-01,1.844695508480072021e-01,-2.055236846208572388e-01,4.781181737780570984e-02,0.000000000000000000e+00,0.000000000000000000e+00,0.000000000000000000e+00,0.000000000000000000e+00,0.000000000000000000e+00,0.000000000000000000e+00,0.000000000000000000e+00,-3.761301934719085693e-01,-6.378045678138732910e-01,5.782349705696105957e-01,1.439683586359024048e-01,1.611816436052322388e-01,-1.526875793933868408e-01,-1.077193766832351685e-01,0.000000000000000000e+00,0.000000000000000000e+00,0.000000000000000000e+00,0.000000000000000000e+00,0.000000000000000000e+00,0.000000000000000000e+00,0.000000000000000000e+00
-3.526308238506317139e-01,-1.991263478994369507e-01,7.995722293853759766e-01,8.084334433078765869e-03,8.297502063214778900e-03,4.637641608715057373e-01,8.858829736709594727e-01,-6.849186867475509644e-02,1.143126934766769409e-01,1.872920840978622437e-01,2.538338601589202881e-01,-2.989939153194427490e-01,3.691309690475463867e-02,-6.736302748322486877e-03,-1.863972693681716919e-01,-1.950001567602157593e-01,2.424285560846328735e-01,-2.979049086570739746e-01,1.129890009760856628e-01,-2.701992541551589966e-02,-5.063585471361875534e-03,1.376694887876510620e-01,-5.706134438514709473e-01,6.472766399383544922e-01,-8.172087669372558594e-01,4.814062714576721191e-01,2.044775187969207764e-01,-1.911738663911819458e-01,3.878339752554893494e-02,0.000000000000000000e+00,0.000000000000000000e+00,0.000000000000000000e+00,0.000000000000000000e+00,0.000000000000000000e+00,0.000000000000000000e+00,0.000000000000000000e+00,-4.208102226257324219e-01,-6.730036735534667969e-01,5.455135107040405273e-01,1.497564613819122314e-01,1.826435774564743042e-01,-1.556921005249023438e-01,-1.336680501699447632e-01,0.000000000000000000e+00,0.000000000000000000e+00,0.000000000000000000e+00,0.000000000000000000e+00,0.000000000000000000e+00,0.000000000000000000e+00,0.000000000000000000e+00
-3.490406572818756104e-01,-2.034059315919876099e-01,8.009231090545654297e-01,1.265455316752195358e-02,7.596413604915142059e-03,4.601869583129882812e-01,8.876993656158447266e-01,-7.698766887187957764e-02,1.190399453043937683e-01,1.902650445699691772e-01,2.813207209110260010e-01,-2.708474695682525635e-01,2.105932682752609253e-02,5.868645850569009781e-03,-1.840298920869827271e-01,-1.958240270614624023e-01,2.210030853748321533e-01,-2.975099384784698486e-01,1.097349897027015686e-01,-2.820127643644809723e-02,-3.201626474037766457e-03,1.239888891577720642e-01,-6.097743511199951172e-01,6.626186370849609375e-01,-8.361063003540039062e-01,5.473259687423706055e-01,2.259626388549804688e-01,-1.776478141546249390e-01,3.690057620406150818e-02,0.000000000000000000e+00,0.000000000000000000e+00,0.000000000000000000e+00,0.000000000000000000e+00,0.000000000000000000e+00,0.000000000000000000e+00,0.000000000000000000e+00,-4.762216806411743164e-01,-7.117089033126831055e-01,5.120556950569152832e-01,1.589833945035934448e-01,1.890881359577178955e-01,-1.604950129985809326e-01,-1.684799343347549438e-01,0.000000000000000000e+00,0.000000000000000000e+00,0.000000000000000000e+00,0.000000000000000000e+00,0.000000000000000000e+00,0.000000000000000000e+00,0.000000000000000000e+00
-3.457347750663757324e-01,-2.075725197792053223e-01,8.019443750381469727e-01,1.702856458723545074e-02,6.859070155769586563e-03,4.529826045036315918e-01,8.913303017616271973e-01,-8.287275582551956177e-02,1.268138736486434937e-01,2.008691281080245972e-01,3.055309355258941650e-01,-2.415587157011032104e-01,5.176645703613758087e-03,1.435692142695188522e-02,-1.814927756786346436e-01,-1.939667016267776489e-01,2.023872435092926025e-01,-2.965477705001831055e-01,1.117763668298721313e-01,-2.976018004119396210e-02,-2.634248929098248482e-03,1.134647056460380554e-01,-6.549977660179138184e-01,6.765105128288269043e-01,-8.523960113525390625e-01,6.155682206153869629e-01,2.313222140073776245e-01,-1.621906161308288574e-01,3.784004598855972290e-02,0.000000000000000000e+00,0.000000000000000000e+00,0.000000000000000000e+00,0.000000000000000000e+00,0.000000000000000000e+00,0.000000000000000000e+00,0.000000000000000000e+00,-5.532460212707519531e-01,-7.414520382881164551e-01,4.929639101028442383e-01,1.681054383516311646e-01,1.929108798503875732e-01,-1.602214127779006958e-01,-2.060417085886001587e-01,0.000000000000000000e+00,0.000000000000000000e+00,0.000000000000000000e+00,0.000000000000000000e+00,0.000000000000000000e+00,0.000000000000000000e+00,0.000000000000000000e+00
-3.426995873451232910e-01,-2.113560438156127930e-01,8.041098117828369141e-01,2.283116988837718964e-02,5.952855572104454041e-03,4.422675073146820068e-01,8.965727686882019043e-01,-9.531743079423904419e-02,1.335203498601913452e-01,1.977082043886184692e-01,3.397236466407775879e-01,-1.817414462566375732e-01,-2.059027738869190216e-02,2.259560674428939819e-02,-1.805016845464706421e-01,-1.814202219247817993e-01,1.831422448158264160e-01,-2.867727577686309814e-01,1.142694503068923950e-01,-2.451351284980773926e-02,2.594195830170065165e-04,1.040298715233802795e-01,-7.008509635925292969e-01,6.910839080810546875e-01,-8.558216094970703125e-01,6.708631515502929688e-01,2.311430275440216064e-01,-1.541350930929183960e-01,5.784596875309944153e-02,0.000000000000000000e+00,0.000000000000000000e+00,0.000000000000000000e+00,0.000000000000000000e+00,0.000000000000000000e+00,0.000000000000000000e+00,0.000000000000000000e+00,-6.431394815444946289e-01,-7.630292177200317383e-01,4.722820222377777100e-01,1.670543253421783447e-01,1.781118065118789673e-01,-1.642129272222518921e-01,-2.623553574085235596e-01,0.000000000000000000e+00,0.000000000000000000e+00,0.000000000000000000e+00,0.000000000000000000e+00,0.000000000000000000e+00,0.000000000000000000e+00,0.000000000000000000e+00
-3.401159942150115967e-01,-2.147674560546875000e-01,8.053621649742126465e-01,2.882055565714836121e-02,3.283232683315873146e-03,4.315817356109619141e-01,9.016073346138000488e-01,-1.121047809720039368e-01,1.491342931985855103e-01,2.030143290758132935e-01,3.782398998737335205e-01,-1.168949455022811890e-01,-4.905384778976440430e-02,3.177165240049362183e-02,-1.791347712278366089e-01,-1.636261492967605591e-01,1.699402928352355957e-01,-2.834133505821228027e-01,1.146437451243400574e-01,-1.938438415527343750e-02,1.236916170455515385e-03,9.693354368209838867e-02,-7.513456344604492188e-01,7.127475738525390625e-01,-8.467272520065307617e-01,7.232654094696044922e-01,2.144090831279754639e-01,-1.408182084560394287e-01,8.040448278188705444e-02,0.000000000000000000e+00,0.000000000000000000e+00,0.000000000000000000e+00,0.000000000000000000e+00,0.000000000000000000e+00,0.000000000000000000e+00,0.000000000000000000e+00,-7.478407621383666992e-01,-7.859129309654235840e-01,4.639661908149719238e-01,1.638668775558471680e-01,1.503805518150329590e-01,-1.613692492246627808e-01,-3.186904489994049072e-01,0.000000000000000000e+00,0.000000000000000000e+00,0.000000000000000000e+00,0.000000000000000000e+00,0.000000000000000000e+00,0.000000000000000000e+00,0.000000000000000000e+00
-3.380935490131378174e-01,-2.177388072013854980e-01,8.066931366920471191e-01,3.669178858399391174e-02,2.358157886192202568e-03,4.231330752372741699e-01,9.053212404251098633e-01,-1.417956054210662842e-01,1.672587841749191284e-01,2.148690819740295410e-01,4.327140152454376221e-01,-1.034646704792976379e-01,-4.773360490798950195e-02,3.816306591033935547e-02,-1.855945438146591187e-01,-1.438028961420059204e-01,1.613536179065704346e-01,-2.833466231822967529e-01,1.185039430856704712e-01,-1.539985742419958115e-02,-1.518371514976024628e-03,9.564065188169479370e-02,-8.073191046714782715e-01,7.338577508926391602e-01,-8.358595967292785645e-01,7.703851461410522461e-01,2.065263986587524414e-01,-1.318351626396179199e-01,1.050460487604141235e-01,0.000000000000000000e+00,0.000000000000000000e+00,0.000000000000000000e+00,0.000000000000000000e+00,0.000000000000000000e+00,0.000000000000000000e+00,0.000000000000000000e+00,-8.524628877639770508e-01,-8.035358786582946777e-01,4.569465219974517822e-01,1.418407410383224487e-01,1.093216687440872192e-01,-1.640328317880630493e-01,-3.779555857181549072e-01,0.000000000000000000e+00,0.000000000000000000e+00,0.000000000000000000e+00,0.000000000000000000e+00,0.000000000000000000e+00,0.000000000000000000e+00,0.000000000000000000e+00
-3.370924293994903564e-01,-2.201936095952987671e-01,8.071812391281127930e-01,4.412083327770233154e-02,-1.389820710755884647e-03,4.134438335895538330e-01,9.094589352607727051e-01,-1.846422702074050903e-01,1.988598853349685669e-01,2.314294576644897461e-01,5.094724297523498535e-01,-1.295243948698043823e-01,-3.199332952499389648e-02,4.387862607836723328e-02,-1.913910061120986938e-01,-1.269647777080535889e-01,1.637328863143920898e-01,-2.905268967151641846e-01,1.186645403504371643e-01,-1.387405395507812500e-02,-4.349408205598592758e-03,1.093568652868270874e-01,-8.802396059036254883e-01,7.641530036926269531e-01,-8.184157609939575195e-01,8.200089931488037109e-01,1.897478997707366943e-01,-1.208175718784332275e-01,1.298122406005859375e-01,0.000000000000000000e+00,0.000000000000000000e+00,0.000000000000000000e+00,0.000000000000000000e+00,0.000000000000000000e+00,0.000000000000000000e+00,0.000000000000000000e+00,-9.688101410865783691e-01,-8.187845349311828613e-01,4.535256624221801758e-01,1.032313406467437744e-01,4.683884233236312866e-02,-1.537917405366897583e-01,-4.503665566444396973e-01,0.000000000000000000e+00,0.000000000000000000e+00,0.000000000000000000e+00,0.000000000000000000e+00,0.000000000000000000e+00,0.000000000000000000e+00,0.000000000000000000e+00
-3.367142081260681152e-01,-2.212962955236434937e-01,8.073957562446594238e-01,4.975987970829010010e-02,-4.648412112146615982e-03,4.049459993839263916e-01,9.129737615585327148e-01,-2.206734865903854370e-01,2.258239537477493286e-01,2.413917183876037598e-01,5.694798231124877930e-01,-1.237647384405136108e-01,-3.269511461257934570e-02,4.834298416972160339e-02,-1.960491687059402466e-01,-1.103198677301406860e-01,1.668829917907714844e-01,-2.962306141853332520e-01,1.193555593490600586e-01,-1.150635164231061935e-02,-3.622194984927773476e-03,1.164278611540794373e-01,-9.465556144714355469e-01,7.851037383079528809e-01,-8.101038932800292969e-01,8.672450780868530273e-01,1.725824177265167236e-01,-1.094793155789375305e-01,1.559341847896575928e-01,0.000000000000000000e+00,0.000000000000000000e+00,0.000000000000000000e+00,0.000000000000000000e+00,0.000000000000000000e+00,0.000000000000000000e+00,0.000000000000000000e+00,-1.070133090019226074e+00,-8.220489025115966797e-01,4.567903876304626465e-01,7.452227175235748291e-02,7.151856087148189545e-03,-1.405060887336730957e-01,-5.076718330383300781e-01,0.000000000000000000e+00,0.000000000000000000e+00,0.000000000000000000e+00,0.000000000000000000e+00,0.000000000000000000e+00,0.000000000000000000e+00,0.000000000000000000e+00
-3.370968699455261230e-01,-2.209837734699249268e-01,8.063561320304870605e-01,5.405274406075477600e-02,-1.199891604483127594e-02,3.970467746257781982e-01,9.161267280578613281e-01,-2.612124085426330566e-01,2.562674283981323242e-01,2.512043416500091553e-01,6.188576817512512207e-01,-1.127044633030891418e-01,-3.656139597296714783e-02,5.716525018215179443e-02,-1.973206102848052979e-01,-9.678437560796737671e-02,1.792423576116561890e-01,-3.093064129352569580e-01,1.155452057719230652e-01,-1.208053715527057648e-02,-1.854723785072565079e-03,1.290672421455383301e-01,-1.007607579231262207e+00,8.085210323333740234e-01,-7.969984412193298340e-01,9.036509394645690918e-01,1.461922377347946167e-01,-9.734103083610534668e-02,1.821419447660446167e-01,0.000000000000000000e+00,0.000000000000000000e+00,0.000000000000000000e+00,0.000000000000000000e+00,0.000000000000000000e+00,0.000000000000000000e+00,0.000000000000000000e+00,-1.153312921524047852e+00,-8.309740424156188965e-01,4.581355154514312744e-01,3.309832885861396790e-02,-4.149442911148071289e-02,-1.242921501398086548e-01,-5.553117990493774414e-01,0.000000000000000000e+00,0.000000000000000000e+00,0.000000000000000000e+00,0.000000000000000000e+00,0.000000000000000000e+00,0.000000000000000000e+00,0.000000000000000000e+00
-3.381759226322174072e-01,-2.189981639385223389e-01,8.057217001914978027e-01,5.625660344958305359e-02,-1.721396110951900482e-02,3.909049332141876221e-01,9.185490012168884277e-01,-2.901619672775268555e-01,2.825503051280975342e-01,2.572059035301208496e-01,6.386704444885253906e-01,-1.001986414194107056e-01,-3.959767147898674011e-02,5.964013561606407166e-02,-1.997422873973846436e-01,-8.780243992805480957e-02,1.959789991378784180e-01,-3.155856132507324219e-01,1.155978292226791382e-01,-1.392219495028257370e-02,2.204242628067731857e-03,1.405349224805831909e-01,-1.071696639060974121e+00,8.297851085662841797e-01,-7.996188998222351074e-01,9.327635169029235840e-01,1.321579813957214355e-01,-9.140975028276443481e-02,2.009520083665847778e-01,0.000000000000000000e+00,0.000000000000000000e+00,0.000000000000000000e+00,0.000000000000000000e+00,0.000000000000000000e+00,0.000000000000000000e+00,0.000000000000000000e+00,-1.231021523475646973e+00,-8.363565206527709961e-01,4.662749469280242920e-01,-6.588003598153591156e-03,-7.113739103078842163e-02,-1.097523421049118042e-01,-5.845183730125427246e-01,0.000000000000000000e+00,0.000000000000000000e+00,0.000000000000000000e+00,0.000000000000000000e+00,0.000000000000000000e+00,0.000000000000000000e+00,0.000000000000000000e+00
-3.396348655223846436e-01,-2.150587737560272217e-01,8.034793138504028320e-01,5.549145489931106567e-02,-2.491926215589046478e-02,3.860390484333038330e-01,9.204746484756469727e-01,-3.154764175415039062e-01,3.100234568119049072e-01,2.645957767963409424e-01,6.316841840744018555e-01,-8.974190801382064819e-02,-3.931330516934394836e-02,6.287037581205368042e-02,-1.958323568105697632e-01,-7.523486018180847168e-02,2.214836031198501587e-01,-3.297871947288513184e-01,1.167486384510993958e-01,-2.139409631490707397e-02,6.464423146098852158e-03,1.551789939403533936e-01,-1.130885720252990723e+00,8.489957451820373535e-01,-8.032966852188110352e-01,9.515568614006042480e-01,1.015874668955802917e-01,-8.726848661899566650e-02,2.274940460920333862e-01,0.000000000000000000e+00,0.000000000000000000e+00,0.000000000000000000e+00,0.000000000000000000e+00,0.000000000000000000e+00,0.000000000000000000e+00,0.000000000000000000e+00,-1.291736125946044922e+00,-8.273953199386596680e-01,4.683895409107208252e-01,-4.670875519514083862e-02,-8.104974776506423950e-02,-1.030446663498878479e-01,-6.138002872467041016e-01,0.000000000000000000e+00,0.000000000000000000e+00,0.000000000000000000e+00,0.000000000000000000e+00,0.000000000000000000e+00,0.000000000000000000e+00,0.000000000000000000e+00
-3.412170410156250000e-01,-2.087827473878860474e-01,8.001797199249267578e-01,5.186430364847183228e-02,-3.363298624753952026e-02,3.805917799472808838e-01,9.226748347282409668e-01,-3.237326741218566895e-01,3.305627107620239258e-01,2.616351544857025146e-01,5.930377244949340820e-01,-7.722723484039306641e-02,-4.317753016948699951e-02,6.361022591590881348e-02,-1.879888772964477539e-01,-6.489088386297225952e-02,2.558495402336120605e-01,-3.445297777652740479e-01,1.208598613739013672e-01,-3.171170502901077271e-02,1.519879419356584549e-02,1.691259741783142090e-01,-1.186237931251525879e+00,8.722523450851440430e-01,-8.087563514709472656e-01,9.638745784759521484e-01,8.387776464223861694e-02,-8.561860024929046631e-02,2.551293969154357910e-01,0.000000000000000000e+00,0.000000000000000000e+00,0.000000000000000000e+00,0.000000000000000000e+00,0.000000000000000000e+00,0.000000000000000000e+00,0.000000000000000000e+00,-1.335902452468872070e+00,-8.204846382141113281e-01,4.569959938526153564e-01,-9.704864025115966797e-02,-9.485165774822235107e-02,-9.765657782554626465e-02,-6.428915858268737793e-01,0.000000000000000000e+00,0.000000000000000000e+00,0.000000000000000000e+00,0.000000000000000000e+00,0.000000000000000000e+00,0.000000000000000000e+00,0.000000000000000000e+00
-3.424223959445953369e-01,-2.003865391016006470e-01,7.952932119369506836e-01,4.515296965837478638e-02,-4.205546900629997253e-02,3.781959712505340576e-01,9.236667752265930176e-01,-3.242928087711334229e-01,3.496535420417785645e-01,2.585064172744750977e-01,5.499911308288574219e-01,-5.733406916260719299e-02,-4.544115066528320312e-02,6.128204241394996643e-02,-1.769542992115020752e-01,-5.946030095219612122e-02,2.997137606143951416e-01,-3.658078908920288086e-01,1.229287087917327881e-01,-4.264284670352935791e-02,2.533085457980632782e-02,1.804185658693313599e-01,-1.239930748939514160e+00,8.883778452873229980e-01,-8.245592713356018066e-01,9.690869450569152832e-01,7.510356605052947998e-02,-8.840696513652801514e-02,2.782850563526153564e-01,0.000000000000000000e+00,0.000000000000000000e+00,0.000000000000000000e+00,0.000000000000000000e+00,0.000000000000000000e+00,0.000000000000000000e+00,0.000000000000000000e+00,-1.368561506271362305e+00,-8.182196617126464844e-01,4.457082152366638184e-01,-1.380956321954727173e-01,-1.146602854132652283e-01,-9.244804829359054565e-02,-6.690343618392944336e-01,0.000000000000000000e+00,0.000000000000000000e+00,0.000000000000000000e+00,0.000000000000000000e+00,0.000000000000000000e+00,0.000000000000000000e+00,0.000000000000000000e+00
-3.430720269680023193e-01,-1.897998154163360596e-01,7.899450659751892090e-01,3.682838007807731628e-02,-4.804170131683349609e-02,3.742633759975433350e-01,9.253445863723754883e-01,-3.128506839275360107e-01,3.670511841773986816e-01,2.590448260307312012e-01,4.826129376888275146e-01,-3.621244803071022034e-02,-5.188570544123649597e-02,5.677872896194458008e-02,-1.666599214076995850e-01,-5.548947304487228394e-02,3.389371037483215332e-01,-3.876266479492187500e-01,1.286168694496154785e-01,-5.548751354217529297e-02,3.770200908184051514e-02,1.886823028326034546e-01,-1.284826755523681641e+00,9.031667113304138184e-01,-8.447539210319519043e-01,9.696775674819946289e-01,6.709823012351989746e-02,-9.043885767459869385e-02,2.869695723056793213e-01,0.000000000000000000e+00,0.000000000000000000e+00,0.000000000000000000e+00,0.000000000000000000e+00,0.000000000000000000e+00,0.000000000000000000e+00,0.000000000000000000e+00,-1.385179877281188965e+00,-8.111423850059509277e-01,4.315377175807952881e-01,-1.816283315420150757e-01,-1.341589987277984619e-01,-9.038783609867095947e-02,-6.889281272888183594e-01,0.000000000000000000e+00,0.000000000000000000e+00,0.000000000000000000e+00,0.000000000000000000e+00,0.000000000000000000e+00,0.000000000000000000e+00,0.000000000000000000e+00
-3.429068028926849365e-01,-1.773016005754470825e-01,7.843984365463256836e-01,2.804025262594223022e-02,-5.189134180545806885e-02,3.717485070228576660e-01,9.264578223228454590e-01,-2.955904006958007812e-01,3.778004944324493408e-01,2.559604346752166748e-01,4.152724444866180420e-01,-1.895624771714210510e-02,-5.629175528883934021e-02,5.341828987002372742e-02,-1.582842767238616943e-01,-5.048679932951927185e-02,3.733852803707122803e-01,-4.096182286739349365e-01,1.334407180547714233e-01,-6.197709962725639343e-02,4.990696161985397339e-02,1.937147825956344604e-01,-1.323528885841369629e+00,9.126222133636474609e-01,-8.659461736679077148e-01,9.482396841049194336e-01,7.176674902439117432e-02,-9.502796083688735962e-02,2.937068641185760498e-01,0.000000000000000000e+00,0.000000000000000000e+00,0.000000000000000000e+00,0.000000000000000000e+00,0.000000000000000000e+00,0.000000000000000000e+00,0.000000000000000000e+00,-1.388162732124328613e+00,-8.031396269798278809e-01,4.087797701358795166e-01,-2.191618382930755615e-01,-1.505731046199798584e-01,-9.167764335870742798e-02,-7.052480578422546387e-01,0.000000000000000000e+00,0.000000000000000000e+00,0.000000000000000000e+00,0.000000000000000000e+00,0.000000000000000000e+00,0.000000000000000000e+00,0.000000000000000000e+00
-3.418813347816467285e-01,-1.631938964128494263e-01,7.784630656242370605e-01,2.081686258316040039e-02,-5.483137071132659912e-02,3.683336973190307617e-01,9.278418421745300293e-01,-2.795391976833343506e-01,3.841806352138519287e-01,2.490359693765640259e-01,3.707841932773590088e-01,-8.389296941459178925e-03,-5.999169871211051941e-02,4.963595792651176453e-02,-1.556551754474639893e-01,-4.503090307116508484e-02,4.124257266521453857e-01,-4.348300695419311523e-01,1.373671591281890869e-01,-6.355129182338714600e-02,6.059579551219940186e-02,1.982085108757019043e-01,-1.352595210075378418e+00,9.189658164978027344e-01,-8.813852071762084961e-01,9.204863905906677246e-01,8.512096852064132690e-02,-1.019721329212188721e-01,3.040414750576019287e-01,0.000000000000000000e+00,0.000000000000000000e+00,0.000000000000000000e+00,0.000000000000000000e+00,0.000000000000000000e+00,0.000000000000000000e+00,0.000000000000000000e+00,-1.384392499923706055e+00,-8.002499341964721680e-01,3.872250318527221680e-01,-2.503720819950103760e-01,-1.720409840345382690e-01,-9.340514242649078369e-02,-7.147269248962402344e-01,0.000000000000000000e+00,0.000000000000000000e+00,0.000000000000000000e+00,0.000000000000000000e+00,0.000000000000000000e+00,0.000000000000000000e+00,0.000000000000000000e+00
-3.400774896144866943e-01,-1.478576809167861938e-01,7.731299400329589844e-01,1.472720783203840256e-02,-5.561369284987449646e-02,3.663368225097656250e-01,9.287020564079284668e-01,-2.690518498420715332e-01,3.872826397418975830e-01,2.464985251426696777e-01,3.476060330867767334e-01,-1.061933953315019608e-02,-5.736640468239784241e-02,4.802472144365310669e-02,-1.585344672203063965e-01,-4.149718582630157471e-02,4.456690549850463867e-01,-4.559143781661987305e-01,1.380226314067840576e-01,-6.462103128433227539e-02,7.097779959440231323e-02,1.971274167299270630e-01,-1.373410701751708984e+00,9.218327999114990234e-01,-8.956442475318908691e-01,8.931944966316223145e-01,1.062767580151557922e-01,-1.069120541214942932e-01,3.090407848358154297e-01,0.000000000000000000e+00,0.000000000000000000e+00,0.000000000000000000e+00,0.000000000000000000e+00,0.000000000000000000e+00,0.000000000000000000e+00,0.000000000000000000e+00,-1.370049834251403809e+00,-7.973471879959106445e-01,3.627950251102447510e-01,-2.794455587863922119e-01,-1.962635070085525513e-01,-9.337051212787628174e-02,-7.250430583953857422e-01,0.000000000000000000e+00,0.000000000000000000e+00,0.000000000000000000e+00,0.000000000000000000e+00,0.000000000000000000e+00,0.000000000000000000e+00,0.000000000000000000e+00
-3.376806676387786865e-01,-1.317096948623657227e-01,7.688854336738586426e-01,9.649167768657207489e-03,-5.375960841774940491e-02,3.650769889354705811e-01,9.293737411499023438e-01,-2.658860683441162109e-01,3.833154439926147461e-01,2.475478351116180420e-01,3.414709568023681641e-01,-2.895260974764823914e-02,-4.996529966592788696e-02,4.970765858888626099e-02,-1.666316688060760498e-01,-4.022191464900970459e-02,4.658655524253845215e-01,-4.705458283424377441e-01,1.407175213098526001e-01,-6.112837418913841248e-02,7.835831493139266968e-02,1.954585015773773193e-01,-1.388386368751525879e+00,9.203863739967346191e-01,-9.145205020904541016e-01,8.557058572769165039e-01,1.286169439554214478e-01,-1.137118637561798096e-01,3.105155229568481445e-01,0.000000000000000000e+00,0.000000000000000000e+00,0.000000000000000000e+00,0.000000000000000000e+00,0.000000000000000000e+00,0.000000000000000000e+00,0.000000000000000000e+00,-1.350311279296875000e+00,-7.867859601974487305e-01,3.383164405822753906e-01,-2.976307570934295654e-01,-2.150924056768417358e-01,-9.403581172227859497e-02,-7.301698923110961914e-01,0.000000000000000000e+00,0.000000000000000000e+00,0.000000000000000000e+00,0.000000000000000000e+00,0.000000000000000000e+00,0.000000000000000000e+00,0.000000000000000000e+00
-3.348854482173919678e-01,-1.151801124215126038e-01,7.662760019302368164e-01,5.334948189556598663e-03,-4.855520278215408325e-02,3.652482926845550537e-01,9.296276569366455078e-01,-2.722016870975494385e-01,3.744100034236907959e-01,2.488755136728286743e-01,3.634414374828338623e-01,-5.822708085179328918e-02,-3.827193751931190491e-02,5.191361159086227417e-02,-1.787972152233123779e-01,-3.949772939085960388e-02,4.740724563598632812e-01,-4.731489419937133789e-01,1.456738710403442383e-01,-5.306475982069969177e-02,8.162791281938552856e-02,1.877054721117019653e-01,-1.406025052070617676e+00,9.162353277206420898e-01,-9.393043518066406250e-01,8.131042718887329102e-01,1.523790359497070312e-01,-1.204791143536567688e-01,3.094359338283538818e-01,0.000000000000000000e+00,0.000000000000000000e+00,0.000000000000000000e+00,0.000000000000000000e+00,0.000000000000000000e+00,0.000000000000000000e+00,0.000000000000000000e+00,-1.327646493911743164e+00,-7.818562984466552734e-01,3.129711747169494629e-01,-3.160031437873840332e-01,-2.345212846994400024e-01,-9.791295975446701050e-02,-7.368887066841125488e-01,0.000000000000000000e+00,0.000000000000000000e+00,0.000000000000000000e+00,0.000000000000000000e+00,0.000000000000000000e+00,0.000000000000000000e+00,0.000000000000000000e+00
-3.319563269615173340e-01,-9.858749806880950928e-02,7.651292681694030762e-01,1.496814074926078320e-03,-4.033758118748664856e-02,3.665036559104919434e-01,9.295405745506286621e-01,-2.822092473506927490e-01,3.619017302989959717e-01,2.508290708065032959e-01,3.862866163253784180e-01,-9.994517266750335693e-02,-2.222999930381774902e-02,5.749768391251564026e-02,-1.949732601642608643e-01,-4.469491913914680481e-02,4.654740095138549805e-01,-4.680330455303192139e-01,1.520386040210723877e-01,-3.951019421219825745e-02,8.100622147321701050e-02,1.797228455543518066e-01,-1.426304578781127930e+00,9.092854261398315430e-01,-9.692657589912414551e-01,7.710825204849243164e-01,1.851733028888702393e-01,-1.267075687646865845e-01,3.087310791015625000e-01,0.000000000000000000e+00,0.000000000000000000e+00,0.000000000000000000e+00,0.000000000000000000e+00,0.000000000000000000e+00,0.000000000000000000e+00,0.000000000000000000e+00,-1.307834506034851074e+00,-7.765044569969177246e-01,2.913442254066467285e-01,-3.216586112976074219e-01,-2.499483674764633179e-01,-9.822966158390045166e-02,-7.408106923103332520e-01,0.000000000000000000e+00,0.000000000000000000e+00,0.000000000000000000e+00,0.000000000000000000e+00,0.000000000000000000e+00,0.000000000000000000e+00,0.000000000000000000e+00
-3.290442526340484619e-01,-8.238410949707031250e-02,7.664708495140075684e-01,-2.699172589927911758e-03,-3.101609088480472565e-02,3.683058619499206543e-01,9.291832447052001953e-01,-2.924496531486511230e-01,3.476859629154205322e-01,2.503500878810882568e-01,4.024145305156707764e-01,-1.300458461046218872e-01,-9.366565383970737457e-03,6.657885015010833740e-02,-2.105057090520858765e-01,-5.531270056962966919e-02,4.432592689990997314e-01,-4.416061341762542725e-01,1.606569588184356689e-01,-1.844271086156368256e-02,7.951050251722335815e-02,1.692902147769927979e-01,-1.448949694633483887e+00,8.971331715583801270e-01,-1.001911759376525879e+00,7.251375317573547363e-01,2.137081623077392578e-01,-1.318650990724563599e-01,3.106846213340759277e-01,0.000000000000000000e+00,0.000000000000000000e+00,0.000000000000000000e+00,0.000000000000000000e+00,0.000000000000000000e+00,0.000000000000000000e+00,0.000000000000000000e+00,-1.295610904693603516e+00,-7.704879045486450195e-01,2.788884639739990234e-01,-3.156265616416931152e-01,-2.574669718742370605e-01,-9.767449647188186646e-02,-7.423311471939086914e-01,0.000000000000000000e+00,0.000000000000000000e+00,0.000000000000000000e+00,0.000000000000000000e+00,0.000000000000000000e+00,0.000000000000000000e+00,0.000000000000000000e+00
-3.260733783245086670e-01,-6.681849807500839233e-02,7.693781852722167969e-01,-6.510965526103973389e-03,-1.953214034438133240e-02,3.713770210742950439e-01,9.282538294792175293e-01,-2.985089123249053955e-01,3.284090161323547363e-01,2.533002495765686035e-01,4.002882838249206543e-01,-1.468946486711502075e-01,-4.640345927327871323e-03,7.903816550970077515e-02,-2.256431579589843750e-01,-6.448503583669662476e-02,4.055418968200683594e-01,-4.030074775218963623e-01,1.742148250341415405e-01,8.178181946277618408e-03,7.750649750232696533e-02,1.570006608963012695e-01,-1.473210453987121582e+00,8.831437230110168457e-01,-1.043755888938903809e+00,6.788980960845947266e-01,2.450120300054550171e-01,-1.419940888881683350e-01,3.074168562889099121e-01,0.000000000000000000e+00,0.000000000000000000e+00,0.000000000000000000e+00,0.000000000000000000e+00,0.000000000000000000e+00,0.000000000000000000e+00,0.000000000000000000e+00,-1.295816659927368164e+00,-7.643494606018066406e-01,2.770522534847259521e-01,-2.959686517715454102e-01,-2.609338760375976562e-01,-9.768567979335784912e-02,-7.447394132614135742e-01,0.000000000000000000e+00,0.000000000000000000e+00,0.000000000000000000e+00,0.000000000000000000e+00,0.000000000000000000e+00,0.000000000000000000e+00,0.000000000000000000e+00
-3.234859704971313477e-01,-5.277786403894424438e-02,7.731978893280029297e-01,-1.139907818287611008e-02,-6.393198389559984207e-03,3.747099041938781738e-01,9.270499944686889648e-01,-3.047613203525543213e-01,3.088813722133636475e-01,2.549268305301666260e-01,3.832676410675048828e-01,-1.527906656265258789e-01,-3.916895017027854919e-03,8.724622428417205811e-02,-2.382127493619918823e-01,-7.743347436189651489e-02,3.626854121685028076e-01,-3.554950952529907227e-01,1.872130185365676880e-01,3.851008787751197815e-02,7.321000099182128906e-02,1.497469395399093628e-01,-1.507270455360412598e+00,8.720573186874389648e-01,-1.092367649078369141e+00,6.328111886978149414e-01,2.874374687671661377e-01,-1.496455669403076172e-01,2.994367480278015137e-01,0.000000000000000000e+00,0.000000000000000000e+00,0.000000000000000000e+00,0.000000000000000000e+00,0.000000000000000000e+00,0.000000000000000000e+00,0.000000000000000000e+00,-1.307098507881164551e+00,-7.712292671203613281e-01,2.858774363994598389e-01,-2.604707777500152588e-01,-2.644756734371185303e-01,-9.150199592113494873e-02,-7.443014979362487793e-01,0.000000000000000000e+00,0.000000000000000000e+00,0.000000000000000000e+00,0.000000000000000000e+00,0.000000000000000000e+00,0.000000000000000000e+00,0.000000000000000000e+00
-3.210447132587432861e-01,-4.038910567760467529e-02,7.772372961044311523e-01,-1.663115806877613068e-02,7.358261384069919586e-03,3.819811642169952393e-01,9.239911437034606934e-01,-3.138026595115661621e-01,2.851047515869140625e-01,2.487806081771850586e-01,3.572183847427368164e-01,-1.495651155710220337e-01,-2.806878183037042618e-03,9.261729568243026733e-02,-2.469176054000854492e-01,-8.530734479427337646e-02,3.195752799510955811e-01,-2.955147325992584229e-01,2.020439356565475464e-01,7.415153831243515015e-02,6.718809157609939575e-02,1.435733735561370850e-01,-1.545359969139099121e+00,8.535953760147094727e-01,-1.147309303283691406e+00,5.743560194969177246e-01,3.247804939746856689e-01,-1.620667725801467896e-01,2.930320203304290771e-01,0.000000000000000000e+00,0.000000000000000000e+00,0.000000000000000000e+00,0.000000000000000000e+00,0.000000000000000000e+00,0.000000000000000000e+00,0.000000000000000000e+00,-1.332211017608642578e+00,-7.877959609031677246e-01,3.042420744895935059e-01,-2.043577879667282104e-01,-2.586450576782226562e-01,-8.444839715957641602e-02,-7.400563359260559082e-01,0.000000000000000000e+00,0.000000000000000000e+00,0.000000000000000000e+00,0.000000000000000000e+00,0.000000000000000000e+00,0.000000000000000000e+00,0.000000000000000000e+00
-3.192803859710693359e-01,-3.029871545732021332e-02,7.805898189544677734e-01,-2.276468835771083832e-02,2.238197252154350281e-02,3.883325159549713135e-01,9.209661483764648438e-01,-3.261975944042205811e-01,2.637750506401062012e-01,2.403519302606582642e-01,3.227135837078094482e-01,-1.388539671897888184e-01,-6.856924388557672501e-03,9.267565608024597168e-02,-2.543998062610626221e-01,-1.036947891116142273e-01,2.735666334629058838e-01,-2.410870492458343506e-01,2.070883959531784058e-01,1.143288314342498779e-01,6.054480373859405518e-02,1.458742767572402954e-01,-1.595830798149108887e+00,8.340444564819335938e-01,-1.205400705337524414e+00,5.193606019020080566e-01,3.462008535861968994e-01,-1.682421714067459106e-01,2.748091816902160645e-01,0.000000000000000000e+00,0.000000000000000000e+00,0.000000000000000000e+00,0.000000000000000000e+00,0.000000000000000000e+00,0.000000000000000000e+00,0.000000000000000000e+00,-1.384264111518859863e+00,-8.147203326225280762e-01,3.415524959564208984e-01,-1.052850112318992615e-01,-2.270777821540832520e-01,-7.496875524520874023e-02,-7.220907211303710938e-01,0.000000000000000000e+00,0.000000000000000000e+00,0.000000000000000000e+00,0.000000000000000000e+00,0.000000000000000000e+00,0.000000000000000000e+00,0.000000000000000000e+00
-3.176236152648925781e-01,-2.184873633086681366e-02,7.829347252845764160e-01,-2.700016088783740997e-02,3.579474613070487976e-02,3.962433934211730957e-01,9.170501232147216797e-01,-3.355191051959991455e-01,2.389059811830520630e-01,2.250039428472518921e-01,2.854588031768798828e-01,-1.272785067558288574e-01,-7.782136090099811554e-03,9.370795637369155884e-02,-2.630374133586883545e-01,-1.272655278444290161e-01,2.362374067306518555e-01,-1.939945220947265625e-01,2.024810016155242920e-01,1.557237356901168823e-01,5.494347959756851196e-02,1.545055210590362549e-01,-1.641544699668884277e+00,8.108788728713989258e-01,-1.253471493721008301e+00,4.616242051124572754e-01,3.447977900505065918e-01,-1.734411269426345825e-01,2.497664690017700195e-01,0.000000000000000000e+00,0.000000000000000000e+00,0.000000000000000000e+00,0.000000000000000000e+00,0.000000000000000000e+00,0.000000000000000000e+00,0.000000000000000000e+00,-1.445703029632568359e+00,-8.488617539405822754e-01,3.942530155181884766e-01,1.561158988624811172e-02,-1.891605705022811890e-01,-5.806686356663703918e-02,-6.991450190544128418e-01,0.000000000000000000e+00,0.000000000000000000e+00,0.000000000000000000e+00,0.000000000000000000e+00,0.000000000000000000e+00,0.000000000000000000e+00,0.000000000000000000e+00
-3.163259625434875488e-01,-1.531477924436330795e-02,7.840096950531005859e-01,-3.010189905762672424e-02,4.669716581702232361e-02,4.042586684226989746e-01,9.129557609558105469e-01,-3.461339771747589111e-01,2.178218662738800049e-01,2.100858390331268311e-01,2.581221759319305420e-01,-1.169248223304748535e-01,-9.777092374861240387e-03,9.585083276033401489e-02,-2.700706124305725098e-01,-1.499124765396118164e-01,2.032529711723327637e-01,-1.542505174875259399e-01,1.946853250265121460e-01,1.933306008577346802e-01,4.922596365213394165e-02,1.685723364353179932e-01,-1.681910634040832520e+00,7.849078178405761719e-01,-1.294104695320129395e+00,4.223461449146270752e-01,3.288330733776092529e-01,-1.782903522253036499e-01,2.305085957050323486e-01,0.000000000000000000e+00,0.000000000000000000e+00,0.000000000000000000e+00,0.000000000000000000e+00,0.000000000000000000e+00,0.000000000000000000e+00,0.000000000000000000e+00,-1.517836093902587891e+00,-8.796718716621398926e-01,4.581947922706604004e-01,1.502341330051422119e-01,-1.291103363037109375e-01,-5.033190548419952393e-02,-6.727906465530395508e-01,0.000000000000000000e+00,0.000000000000000000e+00,0.000000000000000000e+00,0.000000000000000000e+00,0.000000000000000000e+00,0.000000000000000000e+00,0.000000000000000000e+00
-3.154087066650390625e-01,-1.027030590921640396e-02,7.847281098365783691e-01,-3.315313532948493958e-02,5.420010536909103394e-02,4.130996763706207275e-01,9.084667563438415527e-01,-3.538372516632080078e-01,2.012189924716949463e-01,1.953115910291671753e-01,2.341146469116210938e-01,-1.077969297766685486e-01,-9.994434192776679993e-03,9.515383094549179077e-02,-2.728243172168731689e-01,-1.694203466176986694e-01,1.868269294500350952e-01,-1.160415709018707275e-01,1.809776872396469116e-01,2.229897081851959229e-01,4.739709943532943726e-02,1.889066845178604126e-01,-1.713877320289611816e+00,7.582652568817138672e-01,-1.320664286613464355e+00,3.930600881576538086e-01,3.057139515876770020e-01,-1.760522127151489258e-01,2.212633192539215088e-01,0.000000000000000000e+00,0.000000000000000000e+00,0.000000000000000000e+00,0.000000000000000000e+00,0.000000000000000000e+00,0.000000000000000000e+00,0.000000000000000000e+00,-1.592057943344116211e+00,-9.062814116477966309e-01,5.223822593688964844e-01,2.922312915325164795e-01,-4.806113615632057190e-02,-5.136584863066673279e-02,-6.490533351898193359e-01,0.000000000000000000e+00,0.000000000000000000e+00,0.000000000000000000e+00,0.000000000000000000e+00,0.000000000000000000e+00,0.000000000000000000e+00,0.000000000000000000e+00
-3.148721754550933838e-01,-6.649086717516183853e-03,7.850256562232971191e-01,-3.682706877589225769e-02,6.275684386491775513e-02,4.193180501461029053e-01,9.049186110496520996e-01,-3.652769327163696289e-01,1.888998150825500488e-01,1.846470236778259277e-01,2.124322503805160522e-01,-9.814937412738800049e-02,-1.504405122250318527e-02,9.277217835187911987e-02,-2.717904150485992432e-01,-1.824149042367935181e-01,1.627770662307739258e-01,-8.650228381156921387e-02,1.735862791538238525e-01,2.514979243278503418e-01,4.751468822360038757e-02,2.121190130710601807e-01,-1.735912084579467773e+00,7.303906083106994629e-01,-1.336230516433715820e+00,3.653451204299926758e-01,2.533207237720489502e-01,-1.722413450479507446e-01,2.125396281480789185e-01,0.000000000000000000e+00,0.000000000000000000e+00,0.000000000000000000e+00,0.000000000000000000e+00,0.000000000000000000e+00,0.000000000000000000e+00,0.000000000000000000e+00,-1.690242648124694824e+00,-9.244554638862609863e-01,6.036558747291564941e-01,4.679879546165466309e-01,6.343732774257659912e-02,-6.166642904281616211e-02,-6.122462749481201172e-01,0.000000000000000000e+00,0.000000000000000000e+00,0.000000000000000000e+00,0.000000000000000000e+00,0.000000000000000000e+00,0.000000000000000000e+00,0.000000000000000000e+00
-3.143623173236846924e-01,-3.761358791962265968e-03,7.845760583877563477e-01,-3.874114900827407837e-02,6.899011135101318359e-02,4.254480004310607910e-01,9.015173316001892090e-01,-3.750913441181182861e-01,1.771043986082077026e-01,1.757909953594207764e-01,2.010985612869262695e-01,-9.709260612726211548e-02,-1.783218234777450562e-02,9.196765720844268799e-02,-2.711666226387023926e-01,-1.897488981485366821e-01,1.488708257675170898e-01,-6.999807059764862061e-02,1.642823368310928345e-01,2.740455269813537598e-01,4.546342417597770691e-02,2.373977601528167725e-01,-1.741522908210754395e+00,7.061801552772521973e-01,-1.343576908111572266e+00,3.393711447715759277e-01,2.137620896100997925e-01,-1.691253036260604858e-01,2.067487537860870361e-01,0.000000000000000000e+00,0.000000000000000000e+00,0.000000000000000000e+00,0.000000000000000000e+00,0.000000000000000000e+00,0.000000000000000000e+00,0.000000000000000000e+00,-1.755342960357666016e+00,-9.331293702125549316e-01,6.665966510772705078e-01,6.094430685043334961e-01,1.395636349916458130e-01,-6.271127611398696899e-02,-5.840362310409545898e-01,0.000000000000000000e+00,0.000000000000000000e+00,0.000000000000000000e+00,0.000000000000000000e+00,0.000000000000000000e+00,0.000000000000000000e+00,0.000000000000000000e+00
-3.142554461956024170e-01,-1.747286063618957996e-03,7.843052148818969727e-01,-4.104580357670783997e-02,7.565197348594665527e-02,4.288556277751922607e-01,8.992635011672973633e-01,-3.874564170837402344e-01,1.688745468854904175e-01,1.698215156793594360e-01,1.935533881187438965e-01,-9.320432692766189575e-02,-2.283279225230216980e-02,8.446758240461349487e-02,-2.700051069259643555e-01,-1.936333924531936646e-01,1.419113874435424805e-01,-5.921643599867820740e-02,1.681825816631317139e-01,2.883080840110778809e-01,4.481318593025207520e-02,2.701467275619506836e-01,-1.744987964630126953e+00,6.872821450233459473e-01,-1.346539378166198730e+00,3.358398079872131348e-01,1.836686879396438599e-01,-1.617484986782073975e-01,2.036850005388259888e-01,0.000000000000000000e+00,0.000000000000000000e+00,0.000000000000000000e+00,0.000000000000000000e+00,0.000000000000000000e+00,0.000000000000000000e+00,0.000000000000000000e+00,-1.804352998733520508e+00,-9.342453479766845703e-01,7.272467017173767090e-01,7.265349030494689941e-01,1.990072429180145264e-01,-6.736079603433609009e-02,-5.500696897506713867e-01,0.000000000000000000e+00,0.000000000000000000e+00,0.000000000000000000e+00,0.000000000000000000e+00,0.000000000000000000e+00,0.000000000000000000e+00,0.000000000000000000e+00
-3.140692710876464844e-01,2.472176220180699602e-06,7.841430306434631348e-01,-4.219502583146095276e-02,8.013560622930526733e-02,4.317468106746673584e-01,8.974366784095764160e-01,-3.950420320034027100e-01,1.612380743026733398e-01,1.646225899457931519e-01,1.890066862106323242e-01,-9.135466068983078003e-02,-2.182711102068424225e-02,8.059165626764297485e-02,-2.677666842937469482e-01,-1.884301006793975830e-01,1.393983215093612671e-01,-5.384223908185958862e-02,1.676098257303237915e-01,2.969169318675994873e-01,4.216245189309120178e-02,2.983698844909667969e-01,-1.734117031097412109e+00,6.703856587409973145e-01,-1.346502542495727539e+00,3.380771577358245850e-01,1.647221148014068604e-01,-1.549303829669952393e-01,2.014941722154617310e-01,0.000000000000000000e+00,0.000000000000000000e+00,0.000000000000000000e+00,0.000000000000000000e+00,0.000000000000000000e+00,0.000000000000000000e+00,0.000000000000000000e+00,-1.816756010055541992e+00,-9.285013079643249512e-01,7.508214712142944336e-01,7.998827695846557617e-01,2.290800511837005615e-01,-6.634210795164108276e-02,-5.369480252265930176e-01,0.000000000000000000e+00,0.000000000000000000e+00,0.000000000000000000e+00,0.000000000000000000e+00,0.000000000000000000e+00,0.000000000000000000e+00,0.000000000000000000e+00
-3.145109415054321289e-01,1.152019132860004902e-03,7.839642167091369629e-01,-4.379865527153015137e-02,8.239188790321350098e-02,4.347701966762542725e-01,8.956941962242126465e-01,-4.014867544174194336e-01,1.574139446020126343e-01,1.614576727151870728e-01,1.868605315685272217e-01,-9.052252024412155151e-02,-1.927222497761249542e-02,7.523541897535324097e-02,-2.658390104770660400e-01,-1.947834193706512451e-01,1.433358341455459595e-01,-4.478081688284873962e-02,1.659379154443740845e-01,2.990665435791015625e-01,4.124619811773300171e-02,3.253754973411560059e-01,-1.722984790802001953e+00,6.565437912940979004e-01,-1.349650263786315918e+00,3.474693596363067627e-01,1.532254964113235474e-01,-1.481867283582687378e-01,1.992536336183547974e-01,0.000000000000000000e+00,0.000000000000000000e+00,0.000000000000000000e+00,0.000000000000000000e+00,0.000000000000000000e+00,0.000000000000000000e+00,0.000000000000000000e+00,-1.817768335342407227e+00,-9.151125550270080566e-01,7.684871554374694824e-01,8.408249020576477051e-01,2.426333129405975342e-01,-6.937094032764434814e-02,-5.328088402748107910e-01,0.000000000000000000e+00,0.000000000000000000e+00,0.000000000000000000e+00,0.000000000000000000e+00,0.000000000000000000e+00,0.000000000000000000e+00,0.000000000000000000e+00
-3.150123655796051025e-01,1.999173779040575027e-03,7.839754223823547363e-01,-4.577875882387161255e-02,8.388176560401916504e-02,4.389333128929138184e-01,8.934235572814941406e-01,-4.075297713279724121e-01,1.536493748426437378e-01,1.549228131771087646e-01,1.841998100280761719e-01,-8.926905691623687744e-02,-1.604015752673149109e-02,6.893440335988998413e-02,-2.620301544666290283e-01,-1.966476738452911377e-01,1.521769464015960693e-01,-3.551476448774337769e-02,1.698788851499557495e-01,2.942198216915130615e-01,3.867108747363090515e-02,3.526481986045837402e-01,-1.715962171554565430e+00,6.430959105491638184e-01,-1.347883462905883789e+00,3.736259043216705322e-01,1.457381993532180786e-01,-1.355056613683700562e-01,2.017408907413482666e-01,0.000000000000000000e+00,0.000000000000000000e+00,0.000000000000000000e+00,0.000000000000000000e+00,0.000000000000000000e+00,0.000000000000000000e+00,0.000000000000000000e+00,-1.806202054023742676e+00,-8.991933465003967285e-01,7.745640277862548828e-01,8.649988174438476562e-01,2.572169005870819092e-01,-6.895441561937332153e-02,-5.340017080307006836e-01,0.000000000000000000e+00,0.000000000000000000e+00,0.000000000000000000e+00,0.000000000000000000e+00,0.000000000000000000e+00,0.000000000000000000e+00,0.000000000000000000e+00
-3.155237734317779541e-01,2.639739075675606728e-03,7.836427092552185059e-01,-4.737496748566627502e-02,8.424055576324462891e-02,4.436390697956085205e-01,8.909789323806762695e-01,-4.141416549682617188e-01,1.511196345090866089e-01,1.511337161064147949e-01,1.872945576906204224e-01,-9.067405015230178833e-02,-1.336224284023046494e-02,6.411515921354293823e-02,-2.591470777988433838e-01,-2.019685357809066772e-01,1.640905290842056274e-01,-3.061912953853607178e-02,1.709157824516296387e-01,2.881005704402923584e-01,3.779952228069305420e-02,3.741851150989532471e-01,-1.705531954765319824e+00,6.281103491783142090e-01,-1.345965743064880371e+00,3.934822082519531250e-01,1.423959583044052124e-01,-1.319784373044967651e-01,1.987817287445068359e-01,0.000000000000000000e+00,0.000000000000000000e+00,0.000000000000000000e+00,0.000000000000000000e+00,0.000000000000000000e+00,0.000000000000000000e+00,0.000000000000000000e+00,-1.794584035873413086e+00,-8.869864940643310547e-01,7.738464474678039551e-01,8.787338733673095703e-01,2.650050222873687744e-01,-7.198895514011383057e-02,-5.342324972152709961e-01,0.000000000000000000e+00,0.000000000000000000e+00,0.000000000000000000e+00,0.000000000000000000e+00,0.000000000000000000e+00,0.000000000000000000e+00,0.000000000000000000e+00
-3.160080313682556152e-01,3.138408064842224121e-03,7.834392189979553223e-01,-4.819941893219947815e-02,8.407907932996749878e-02,4.474515914916992188e-01,8.890413641929626465e-01,-4.174716472625732422e-01,1.479310095310211182e-01,1.453102827072143555e-01,1.879560351371765137e-01,-9.083126485347747803e-02,-1.206061150878667831e-02,5.997110158205032349e-02,-2.578808069229125977e-01,-2.086692452430725098e-01,1.772404462099075317e-01,-2.753376029431819916e-02,1.680869162082672119e-01,2.841423153877258301e-01,3.811135888099670410e-02,3.904237151145935059e-01,-1.692122101783752441e+00,6.168382763862609863e-01,-1.340327620506286621e+00,4.100927710533142090e-01,1.386022865772247314e-01,-1.270136535167694092e-01,1.977614015340805054e-01,0.000000000000000000e+00,0.000000000000000000e+00,0.000000000000000000e+00,0.000000000000000000e+00,0.000000000000000000e+00,0.000000000000000000e+00,0.000000000000000000e+00,-1.780923724174499512e+00,-8.773835897445678711e-01,7.717224359512329102e-01,8.928630948066711426e-01,2.693921625614166260e-01,-7.026591897010803223e-02,-5.375186204910278320e-01,0.000000000000000000e+00,0.000000000000000000e+00,0.000000000000000000e+00,0.000000000000000000e+00,0.000000000000000000e+00,0.000000000000000000e+00,0.000000000000000000e+00
-3.163388073444366455e-01,3.451804397627711296e-03,7.832845449447631836e-01,-4.880252107977867126e-02,8.422889560461044312e-02,4.505151808261871338e-01,8.874456882476806641e-01,-4.211279153823852539e-01,1.452039480209350586e-01,1.411408782005310059e-01,1.895889937877655029e-01,-9.036067128181457520e-02,-1.061925571411848068e-02,5.662651360034942627e-02,-2.567176818847656250e-01,-2.141458839178085327e-01,1.868982315063476562e-01,-2.619001641869544983e-02,1.657121479511260986e-01,2.816603481769561768e-01,3.788230195641517639e-02,4.034682810306549072e-01,-1.677696585655212402e+00,6.120967864990234375e-01,-1.329060316085815430e+00,4.254138469696044922e-01,1.388488411903381348e-01,-1.247359141707420349e-01,2.010650485754013062e-01,0.000000000000000000e+00,0.000000000000000000e+00,0.000000000000000000e+00,0.000000000000000000e+00,0.000000000000000000e+00,0.000000000000000000e+00,0.000000000000000000e+00,-1.763416051864624023e+00,-8.714923262596130371e-01,7.697969079017639160e-01,8.972602486610412598e-01,2.657745778560638428e-01,-7.089132815599441528e-02,-5.419043898582458496e-01,0.000000000000000000e+00,0.000000000000000000e+00,0.000000000000000000e+00,0.000000000000000000e+00,0.000000000000000000e+00,0.000000000000000000e+00,0.000000000000000000e+00
-3.166005313396453857e-01,3.601360833272337914e-03,7.834455966949462891e-01,-4.875687509775161743e-02,8.413896709680557251e-02,4.525353908538818359e-01,8.864282965660095215e-01,-4.217911958694458008e-01,1.420286446809768677e-01,1.361834704875946045e-01,1.886824220418930054e-01,-8.827236294746398926e-02,-8.438113145530223846e-03,5.418902263045310974e-02,-2.550611197948455811e-01,-2.120715826749801636e-01,1.940509825944900513e-01,-2.362613007426261902e-02,1.611201614141464233e-01,2.794030904769897461e-01,3.807552903890609741e-02,4.094342589378356934e-01,-1.654667973518371582e+00,6.086287498474121094e-01,-1.316772699356079102e+00,4.253782331943511963e-01,1.423252224922180176e-01,-1.261747330427169800e-01,2.009169906377792358e-01,0.000000000000000000e+00,0.000000000000000000e+00,0.000000000000000000e+00,0.000000000000000000e+00,0.000000000000000000e+00,0.000000000000000000e+00,0.000000000000000000e+00,-1.734717130661010742e+00,-8.689953684806823730e-01,7.615490555763244629e-01,8.856543898582458496e-01,2.575280666351318359e-01,-7.463870197534561157e-02,-5.492068529129028320e-01,0.000000000000000000e+00,0.000000000000000000e+00,0.000000000000000000e+00,0.000000000000000000e+00,0.000000000000000000e+00,0.000000000000000000e+00,0.000000000000000000e+00
