-1.324299024417996407e-03,-2.394377812743186951e-02,7.949600815773010254e-01,-5.514862388372421265e-02,2.773295529186725616e-02,-3.659331202507019043e-01,9.285916686058044434e-01,-1.032492294907569885e-01,9.595818072557449341e-02,3.134432733058929443e-01,2.110710293054580688e-01,-2.079267799854278564e-01,1.670528501272201538e-01,-8.858162909746170044e-02,-2.405394762754440308e-01,-3.411786258220672607e-01,7.546892166137695312e-01,-7.940470427274703979e-02,4.402262717485427856e-02,2.916204929351806641e-01,4.596601799130439758e-02,1.309546232223510742e-01,-2.307776063680648804e-01,4.712059795856475830e-01,-4.490870535373687744e-01,1.039349198341369629e+00,2.491661012172698975e-01,-7.274133712053298950e-02,-6.955373287200927734e-02,0.000000000000000000e+00,0.000000000000000000e+00,0.000000000000000000e+00,0.000000000000000000e+00,0.000000000000000000e+00,0.000000000000000000e+00,0.000000000000000000e+00,-6.357372999191284180e-01,-1.531027108430862427e-01,1.051127910614013672e+00,5.921974182128906250e-01,-4.258230328559875488e-01,-1.617710888385772705e-01,2.305826693773269653e-01,0.000000000000000000e+00,0.000000000000000000e+00,0.000000000000000000e+00,0.000000000000000000e+00,0.000000000000000000e+00,0.000000000000000000e+00,0.000000000000000000e+00
-4.353132680989801884e-04,-3.314274549484252930e-02,7.958970069885253906e-01,-5.429386347532272339e-02,2.706445194780826569e-02,-3.293109536170959473e-01,9.422706365585327148e-01,-1.025256589055061340e-01,7.901924103498458862e-02,2.380827516317367554e-01,2.027346193790435791e-01,-1.968157142400741577e-01,1.370540410280227661e-01,-1.100921630859375000e-01,-2.417309582233428955e-01,-3.004016578197479248e-01,6.051311492919921875e-01,-9.798164665699005127e-02,3.787431865930557251e-02,2.777239978313446045e-01,3.994772583246231079e-02,1.337339580059051514e-01,-3.214431405067443848e-01,4.316589236259460449e-01,-5.007151365280151367e-01,1.011678457260131836e+00,2.283621579408645630e-01,-1.127457544207572937e-01,-3.326403722167015076e-02,0.000000000000000000e+00,0.000000000000000000e+00,0.000000000000000000e+00,0.000000000000000000e+00,0.000000000000000000e+00,0.000000000000000000e+00,0.000000000000000000e+00,-6.750682592391967773e-01,-1.051885634660720825e-01,1.087905049324035645e+00,6.623595952987670898e-01,-4.370606541633605957e-01,-1.744411885738372803e-01,2.239611446857452393e-01,0.000000000000000000e+00,0.000000000000000000e+00,0.000000000000000000e+00,0.000000000000000000e+00,0.000000000000000000e+00,0.000000000000000000e+00,0.000000000000000000e+00
1.313747954554855824e-03,-4.322632402181625366e-02,7.954682111740112305e-01,-5.097526684403419495e-02,2.473011799156665802e-02,-2.848024666309356689e-01,9.569103717803955078e-01,-9.954968839883804321e-02,5.392176657915115356e-02,1.575809568166732788e-01,1.946377456188201904e-01,-1.885180920362472534e-01,1.103823110461235046e-01,-1.105397641658782959e-01,-2.488390356302261353e-01,-2.742297649383544922e-01,4.472146630287170410e-01,-8.161454647779464722e-02,5.460174381732940674e-02,2.649179995059967041e-01,3.469015657901763916e-02,1.427066624164581299e-01,-4.069174230098724365e-01,4.009346067905426025e-01,-5.537246465682983398e-01,9.453598856925964355e-01,2.270343154668807983e-01,-1.441316604614257812e-01,-3.195317694917321205e-03,0.000000000000000000e+00,0.000000000000000000e+00,0.000000000000000000e+00,0.000000000000000000e+00,0.000000000000000000e+00,0.000000000000000000e+00,0.000000000000000000e+00,-7.140831351280212402e-01,-8.365246653556823730e-02,1.089843511581420898e+00,7.172656655311584473e-01,-4.405610263347625732e-01,-1.780502349138259888e-01,2.015391737222671509e-01,0.000000000000000000e+00,0.000000000000000000e+00,0.000000000000000000e+00,0.000000000000000000e+00,0.000000000000000000e+00,0.000000000000000000e+00,0.000000000000000000e+00
4.257994703948497772e-03,-5.370495095849037170e-02,7.946458458900451660e-01,-4.573422297835350037e-02,1.957892999053001404e-02,-2.452220469713211060e-01,9.681896567344665527e-01,-9.316840767860412598e-02,2.967740595340728760e-02,9.555122256278991699e-02,1.978343129158020020e-01,-1.802226305007934570e-01,9.383102506399154663e-02,-1.090437099337577820e-01,-2.640956938266754150e-01,-2.569181323051452637e-01,3.249878585338592529e-01,-3.910968825221061707e-02,8.168197423219680786e-02,2.548965811729431152e-01,2.501860074698925018e-02,1.595518290996551514e-01,-4.945103526115417480e-01,3.802879452705383301e-01,-6.016445755958557129e-01,8.757117986679077148e-01,2.363217324018478394e-01,-1.607589274644851685e-01,1.261789631098508835e-02,0.000000000000000000e+00,0.000000000000000000e+00,0.000000000000000000e+00,0.000000000000000000e+00,0.000000000000000000e+00,0.000000000000000000e+00,0.000000000000000000e+00,-7.384493350982666016e-01,-7.855092734098434448e-02,1.085756659507751465e+00,7.548802495002746582e-01,-4.417167305946350098e-01,-1.795667558908462524e-01,1.921450495719909668e-01,0.000000000000000000e+00,0.000000000000000000e+00,0.000000000000000000e+00,0.000000000000000000e+00,0.000000000000000000e+00,0.000000000000000000e+00,0.000000000000000000e+00
8.231657557189464569e-03,-6.489201635122299194e-02,7.933864593505859375e-01,-4.261109232902526855e-02,1.835829764604568481e-02,-1.993832141160964966e-01,9.788225293159484863e-01,-8.869501948356628418e-02,9.208394214510917664e-03,2.013986371457576752e-02,1.940741240978240967e-01,-1.877741962671279907e-01,9.047101438045501709e-02,-1.048775613307952881e-01,-2.728889584541320801e-01,-1.979190707206726074e-01,2.307258099317550659e-01,1.379440817981958389e-02,1.201530694961547852e-01,2.454561293125152588e-01,1.591430604457855225e-02,1.682174950838088989e-01,-5.728259682655334473e-01,3.597891032695770264e-01,-6.415914297103881836e-01,8.113306164741516113e-01,2.624268829822540283e-01,-1.821789741516113281e-01,4.485214874148368835e-02,0.000000000000000000e+00,0.000000000000000000e+00,0.000000000000000000e+00,0.000000000000000000e+00,0.000000000000000000e+00,0.000000000000000000e+00,0.000000000000000000e+00,-7.606631517410278320e-01,-8.843363076448440552e-02,1.058677077293395996e+00,7.850961089134216309e-01,-4.218524098396301270e-01,-1.712466925382614136e-01,1.489392518997192383e-01,0.000000000000000000e+00,0.000000000000000000e+00,0.000000000000000000e+00,0.000000000000000000e+00,0.000000000000000000e+00,0.000000000000000000e+00,0.000000000000000000e+00
1.318765897303819656e-02,-7.669299095869064331e-02,7.924411296844482422e-01,-3.856024146080017090e-02,1.631996221840381622e-02,-1.485849320888519287e-01,9.880127906799316406e-01,-8.113936334848403931e-02,-1.262966170907020569e-02,-5.801317840814590454e-02,1.877239495515823364e-01,-1.883205920457839966e-01,8.035777509212493896e-02,-9.609954804182052612e-02,-2.725918889045715332e-01,-1.219117492437362671e-01,1.539268493652343750e-01,4.768364503979682922e-02,1.490462571382522583e-01,2.334690093994140625e-01,1.067030429840087891e-02,1.696426570415496826e-01,-6.522670984268188477e-01,3.473640382289886475e-01,-6.656998395919799805e-01,7.573964595794677734e-01,2.895967066287994385e-01,-1.891473531723022461e-01,7.921414077281951904e-02,0.000000000000000000e+00,0.000000000000000000e+00,0.000000000000000000e+00,0.000000000000000000e+00,0.000000000000000000e+00,0.000000000000000000e+00,0.000000000000000000e+00,-7.749481201171875000e-01,-1.121309548616409302e-01,1.022951483726501465e+00,7.858679890632629395e-01,-3.934810757637023926e-01,-1.616263091564178467e-01,1.049371138215065002e-01,0.000000000000000000e+00,0.000000000000000000e+00,0.000000000000000000e+00,0.000000000000000000e+00,0.000000000000000000e+00,0.000000000000000000e+00,0.000000000000000000e+00
1.881979219615459442e-02,-8.880086988210678101e-02,7.910364866256713867e-01,-3.380935266613960266e-02,1.547601819038391113e-02,-1.067990064620971680e-01,9.935851097106933594e-01,-7.565739005804061890e-02,-3.033183142542839050e-02,-1.310963034629821777e-01,1.866812407970428467e-01,-1.939134597778320312e-01,6.432579457759857178e-02,-8.272878080606460571e-02,-2.623021006584167480e-01,-4.281167313456535339e-02,1.086698994040489197e-01,4.276225715875625610e-02,1.645746082067489624e-01,2.233981937170028687e-01,9.002746082842350006e-03,1.648820638656616211e-01,-7.031805515289306641e-01,3.452699482440948486e-01,-6.758955717086791992e-01,7.158571481704711914e-01,3.080784082412719727e-01,-1.962109655141830444e-01,1.227371022105216980e-01,0.000000000000000000e+00,0.000000000000000000e+00,0.000000000000000000e+00,0.000000000000000000e+00,0.000000000000000000e+00,0.000000000000000000e+00,0.000000000000000000e+00,-7.889491319656372070e-01,-1.347206830978393555e-01,9.927267432212829590e-01,7.676504850387573242e-01,-3.716003000736236572e-01,-1.532258093357086182e-01,6.121876090764999390e-02,0.000000000000000000e+00,0.000000000000000000e+00,0.000000000000000000e+00,0.000000000000000000e+00,0.000000000000000000e+00,0.000000000000000000e+00,0.000000000000000000e+00
2.653695829212665558e-02,-1.020854711532592773e-01,7.893503308296203613e-01,-2.753481082618236542e-02,1.107559073716402054e-02,-6.625632196664810181e-02,9.973611235618591309e-01,-4.651815071702003479e-02,-4.576403275132179260e-02,-1.999390423297882080e-01,1.604001224040985107e-01,-1.954571157693862915e-01,5.910116806626319885e-02,-4.495476931333541870e-02,-2.607626616954803467e-01,3.552876412868499756e-02,8.669380098581314087e-02,3.023285232484340668e-02,1.695928573608398438e-01,2.156395614147186279e-01,7.811764255166053772e-03,1.502867937088012695e-01,-7.199310064315795898e-01,3.528899848461151123e-01,-6.935425400733947754e-01,6.875298023223876953e-01,3.009024262428283691e-01,-1.834675222635269165e-01,1.495311558246612549e-01,0.000000000000000000e+00,0.000000000000000000e+00,0.000000000000000000e+00,0.000000000000000000e+00,0.000000000000000000e+00,0.000000000000000000e+00,0.000000000000000000e+00,-7.884976863861083984e-01,-1.550983786582946777e-01,9.592193365097045898e-01,7.322051525115966797e-01,-3.235139846801757812e-01,-1.328324824571609497e-01,2.680860832333564758e-02,0.000000000000000000e+00,0.000000000000000000e+00,0.000000000000000000e+00,0.000000000000000000e+00,0.000000000000000000e+00,0.000000000000000000e+00,0.000000000000000000e+00
2.810396812856197357e-02,-1.145854294300079346e-01,7.887095212936401367e-01,-2.332000620663166046e-02,1.698651909828186035e-02,-3.539304062724113464e-02,9.989569187164306641e-01,-7.475371658802032471e-02,-5.156954005360603333e-02,-2.384561300277709961e-01,1.872624754905700684e-01,-2.091573029756546021e-01,4.917024448513984680e-02,-5.970702692866325378e-02,-2.475125640630722046e-01,7.750595360994338989e-02,1.216092631220817566e-01,1.650780998170375824e-02,1.536636650562286377e-01,2.056214958429336548e-01,1.705606281757354736e-02,1.576102226972579956e-01,-7.886016368865966797e-01,3.837659060955047607e-01,-6.925280094146728516e-01,6.877458691596984863e-01,3.205200731754302979e-01,-1.611746847629547119e-01,1.665334254503250122e-01,0.000000000000000000e+00,0.000000000000000000e+00,0.000000000000000000e+00,0.000000000000000000e+00,0.000000000000000000e+00,0.000000000000000000e+00,0.000000000000000000e+00,-8.514301776885986328e-01,-1.957570761442184448e-01,9.273263812065124512e-01,6.715670228004455566e-01,-3.004364371299743652e-01,-1.218784078955650330e-01,1.998477149754762650e-03,0.000000000000000000e+00,0.000000000000000000e+00,0.000000000000000000e+00,0.000000000000000000e+00,0.000000000000000000e+00,0.000000000000000000e+00,0.000000000000000000e+00
3.115990571677684784e-02,-1.283320784568786621e-01,7.873978018760681152e-01,-1.754989661276340485e-02,1.928657479584217072e-02,-1.625898480415344238e-02,9.995277523994445801e-01,-8.079619705677032471e-02,-5.118080601096153259e-02,-2.541742622852325439e-01,1.915455758571624756e-01,-2.164181619882583618e-01,3.531865030527114868e-02,-5.294336751103401184e-02,-2.441804558038711548e-01,7.447144389152526855e-02,1.343523114919662476e-01,-1.800234243273735046e-02,1.312396228313446045e-01,2.043534815311431885e-01,1.995300129055976868e-02,1.509239226579666138e-01,-8.258483409881591797e-01,4.149802923202514648e-01,-6.963502168655395508e-01,6.918805837631225586e-01,3.362540006637573242e-01,-1.498109996318817139e-01,1.803113222122192383e-01,0.000000000000000000e+00,0.000000000000000000e+00,0.000000000000000000e+00,0.000000000000000000e+00,0.000000000000000000e+00,0.000000000000000000e+00,0.000000000000000000e+00,-8.995655179023742676e-01,-2.426769435405731201e-01,9.057899117469787598e-01,6.095744371414184570e-01,-2.783975005149841309e-01,-1.142343431711196899e-01,-1.829338818788528442e-02,0.000000000000000000e+00,0.000000000000000000e+00,0.000000000000000000e+00,0.000000000000000000e+00,0.000000000000000000e+00,0.000000000000000000e+00,0.000000000000000000e+00
3.300408273935317993e-02,-1.423717588186264038e-01,7.872211337089538574e-01,-1.450301241129636765e-02,1.967983134090900421e-02,1.549452077597379684e-03,9.996999502182006836e-01,-8.291983604431152344e-02,-4.057013988494873047e-02,-2.581010460853576660e-01,1.906107217073440552e-01,-2.167271822690963745e-01,1.675298064947128296e-02,-4.184019565582275391e-02,-2.387883514165878296e-01,3.508900851011276245e-02,1.472916901111602783e-01,-5.757481977343559265e-02,9.820596128702163696e-02,1.973749548196792603e-01,3.129443526268005371e-02,1.420078724622726440e-01,-8.490031957626342773e-01,4.496845901012420654e-01,-6.946954131126403809e-01,7.087981700897216797e-01,3.480032682418823242e-01,-1.356710493564605713e-01,1.914443969726562500e-01,0.000000000000000000e+00,0.000000000000000000e+00,0.000000000000000000e+00,0.000000000000000000e+00,0.000000000000000000e+00,0.000000000000000000e+00,0.000000000000000000e+00,-9.424834251403808594e-01,-2.938794195652008057e-01,8.879817128181457520e-01,5.438917279243469238e-01,-2.679731249809265137e-01,-1.139280423521995544e-01,-4.029643535614013672e-02,0.000000000000000000e+00,0.000000000000000000e+00,0.000000000000000000e+00,0.000000000000000000e+00,0.000000000000000000e+00,0.000000000000000000e+00,0.000000000000000000e+00
3.373270481824874878e-02,-1.564656496047973633e-01,7.878797054290771484e-01,-1.160694379359483719e-02,1.854248717427253723e-02,1.588837988674640656e-02,9.996344447135925293e-01,-8.571925759315490723e-02,-2.834257297217845917e-02,-2.568639814853668213e-01,1.937593668699264526e-01,-2.071498334407806396e-01,-3.245983272790908813e-03,-3.020332753658294678e-02,-2.306270301342010498e-01,5.958761554211378098e-03,1.573225855827331543e-01,-9.248427301645278931e-02,6.818056851625442505e-02,1.903089731931686401e-01,4.286833852529525757e-02,1.330273151397705078e-01,-8.721070289611816406e-01,4.849293231964111328e-01,-6.953674554824829102e-01,7.270592451095581055e-01,3.496518433094024658e-01,-1.191300451755523682e-01,1.912210285663604736e-01,0.000000000000000000e+00,0.000000000000000000e+00,0.000000000000000000e+00,0.000000000000000000e+00,0.000000000000000000e+00,0.000000000000000000e+00,0.000000000000000000e+00,-9.900732636451721191e-01,-3.362845480442047119e-01,8.681351542472839355e-01,4.908364415168762207e-01,-2.478092610836029053e-01,-1.067900508642196655e-01,-5.608354881405830383e-02,0.000000000000000000e+00,0.000000000000000000e+00,0.000000000000000000e+00,0.000000000000000000e+00,0.000000000000000000e+00,0.000000000000000000e+00,0.000000000000000000e+00
3.325011953711509705e-02,-1.701609641313552856e-01,7.892892360687255859e-01,-9.530389681458473206e-03,1.689708419144153595e-02,2.646323293447494507e-02,9.994615316390991211e-01,-8.651421964168548584e-02,-9.951813146471977234e-03,-2.371506541967391968e-01,1.908640414476394653e-01,-1.896535903215408325e-01,-2.084136568009853363e-02,-2.000058814883232117e-02,-2.201542407274246216e-01,-2.256106026470661163e-02,1.613647341728210449e-01,-1.145117804408073425e-01,5.343938618898391724e-02,1.778599768877029419e-01,4.835531860589981079e-02,1.274272799491882324e-01,-8.886777758598327637e-01,5.093975067138671875e-01,-6.967056393623352051e-01,7.535531520843505859e-01,3.561681807041168213e-01,-1.035491675138473511e-01,1.957859694957733154e-01,0.000000000000000000e+00,0.000000000000000000e+00,0.000000000000000000e+00,0.000000000000000000e+00,0.000000000000000000e+00,0.000000000000000000e+00,0.000000000000000000e+00,-1.032425761222839355e+00,-3.632902503013610840e-01,8.527461290359497070e-01,4.451377987861633301e-01,-2.337706238031387329e-01,-1.036325618624687195e-01,-8.507659286260604858e-02,0.000000000000000000e+00,0.000000000000000000e+00,0.000000000000000000e+00,0.000000000000000000e+00,0.000000000000000000e+00,0.000000000000000000e+00,0.000000000000000000e+00
3.180597350001335144e-02,-1.829459518194198608e-01,7.908243536949157715e-01,-7.177694234997034073e-03,1.506943162530660629e-02,3.591750189661979675e-02,9.992153644561767578e-01,-8.569324016571044922e-02,7.278639357537031174e-03,-2.200531214475631714e-01,1.816090643405914307e-01,-1.659221500158309937e-01,-4.317414015531539917e-02,-1.004233770072460175e-02,-2.110021263360977173e-01,-4.801131039857864380e-02,1.600966155529022217e-01,-1.290177702903747559e-01,4.351073130965232849e-02,1.637667864561080933e-01,5.346740782260894775e-02,1.217856481671333313e-01,-9.013486504554748535e-01,5.445860028266906738e-01,-6.975128650665283203e-01,7.718459963798522949e-01,3.699521422386169434e-01,-9.318803250789642334e-02,2.045117765665054321e-01,0.000000000000000000e+00,0.000000000000000000e+00,0.000000000000000000e+00,0.000000000000000000e+00,0.000000000000000000e+00,0.000000000000000000e+00,0.000000000000000000e+00,-1.061039805412292480e+00,-4.045076370239257812e-01,8.347909450531005859e-01,4.004040658473968506e-01,-2.251570224761962891e-01,-1.022851318120956421e-01,-1.218394264578819275e-01,0.000000000000000000e+00,0.000000000000000000e+00,0.000000000000000000e+00,0.000000000000000000e+00,0.000000000000000000e+00,0.000000000000000000e+00,0.000000000000000000e+00
2.966297045350074768e-02,-1.945965439081192017e-01,7.919321060180664062e-01,-5.738418549299240112e-03,1.289717014878988266e-02,4.442515596747398376e-02,9.989129900932312012e-01,-8.465047180652618408e-02,2.747266180813312531e-02,-1.913763582706451416e-01,1.697861105203628540e-01,-1.422767341136932373e-01,-6.277240067720413208e-02,-1.052711158990859985e-03,-2.014295011758804321e-01,-7.447433471679687500e-02,1.581429690122604370e-01,-1.418268531560897827e-01,3.790542855858802795e-02,1.453590840101242065e-01,5.915438383817672729e-02,1.179962530732154846e-01,-9.111492037773132324e-01,5.801088213920593262e-01,-6.973490715026855469e-01,7.855764031410217285e-01,3.906430900096893311e-01,-8.636999130249023438e-02,2.211644053459167480e-01,0.000000000000000000e+00,0.000000000000000000e+00,0.000000000000000000e+00,0.000000000000000000e+00,0.000000000000000000e+00,0.000000000000000000e+00,0.000000000000000000e+00,-1.080142378807067871e+00,-4.465665221214294434e-01,8.083387613296508789e-01,3.633754253387451172e-01,-2.220622301101684570e-01,-1.028057113289833069e-01,-1.655778735876083374e-01,0.000000000000000000e+00,0.000000000000000000e+00,0.000000000000000000e+00,0.000000000000000000e+00,0.000000000000000000e+00,0.000000000000000000e+00,0.000000000000000000e+00
2.721770852804183960e-02,-2.048697024583816528e-01,7.930827140808105469e-01,-3.797643817961215973e-03,1.104156021028757095e-02,4.976694285869598389e-02,9.986926317214965820e-01,-8.439793437719345093e-02,4.498520493507385254e-02,-1.627618670463562012e-01,1.593164056539535522e-01,-1.152283325791358948e-01,-8.533954620361328125e-02,4.988337401300668716e-03,-1.946846395730972290e-01,-9.996099025011062622e-02,1.548044979572296143e-01,-1.499718874692916870e-01,3.487060591578483582e-02,1.243452504277229309e-01,6.399429589509963989e-02,1.130397319793701172e-01,-9.140787124633789062e-01,6.196879148483276367e-01,-6.894191503524780273e-01,8.045238256454467773e-01,4.037994146347045898e-01,-7.976018637418746948e-02,2.409955412149429321e-01,0.000000000000000000e+00,0.000000000000000000e+00,0.000000000000000000e+00,0.000000000000000000e+00,0.000000000000000000e+00,0.000000000000000000e+00,0.000000000000000000e+00,-1.078041434288024902e+00,-5.037147402763366699e-01,7.764583230018615723e-01,3.141784667968750000e-01,-2.168599963188171387e-01,-1.070198342204093933e-01,-2.073661834001541138e-01,0.000000000000000000e+00,0.000000000000000000e+00,0.000000000000000000e+00,0.000000000000000000e+00,0.000000000000000000e+00,0.000000000000000000e+00,0.000000000000000000e+00
2.483202330768108368e-02,-2.137835919857025146e-01,7.939185500144958496e-01,-2.499828813597559929e-03,1.003191992640495300e-02,5.565211549401283264e-02,9.983966946601867676e-01,-8.563840389251708984e-02,6.171340122818946838e-02,-1.364245563745498657e-01,1.476121544837951660e-01,-9.090717881917953491e-02,-1.058038100600242615e-01,9.587623178958892822e-03,-1.888083517551422119e-01,-1.264782845973968506e-01,1.505819559097290039e-01,-1.549538522958755493e-01,3.396464884281158447e-02,1.017709225416183472e-01,6.991682946681976318e-02,1.093612387776374817e-01,-9.198432564735412598e-01,6.631121635437011719e-01,-6.792009472846984863e-01,8.219246864318847656e-01,4.183067381381988525e-01,-7.590304315090179443e-02,2.653625905513763428e-01,0.000000000000000000e+00,0.000000000000000000e+00,0.000000000000000000e+00,0.000000000000000000e+00,0.000000000000000000e+00,0.000000000000000000e+00,0.000000000000000000e+00,-1.060123443603515625e+00,-5.837871432304382324e-01,7.339455485343933105e-01,2.616353034973144531e-01,-2.110881209373474121e-01,-1.148178875446319580e-01,-2.629658281803131104e-01,0.000000000000000000e+00,0.000000000000000000e+00,0.000000000000000000e+00,0.000000000000000000e+00,0.000000000000000000e+00,0.000000000000000000e+00,0.000000000000000000e+00
2.288880012929439545e-02,-2.214549630880355835e-01,7.944787740707397461e-01,-1.387924770824611187e-03,1.099952682852745056e-02,6.067130342125892639e-02,9.980962276458740234e-01,-8.959032595157623291e-02,7.502347975969314575e-02,-1.168723553419113159e-01,1.363911479711532593e-01,-7.108931243419647217e-02,-1.228001713752746582e-01,1.297768764197826385e-02,-1.825485229492187500e-01,-1.436757296323776245e-01,1.379179805517196655e-01,-1.558050811290740967e-01,3.847271576523780823e-02,7.937761396169662476e-02,7.655014097690582275e-02,1.048606261610984802e-01,-9.287025332450866699e-01,7.118623256683349609e-01,-6.739727854728698730e-01,8.385979533195495605e-01,4.345201849937438965e-01,-7.409322261810302734e-02,2.894221246242523193e-01,0.000000000000000000e+00,0.000000000000000000e+00,0.000000000000000000e+00,0.000000000000000000e+00,0.000000000000000000e+00,0.000000000000000000e+00,0.000000000000000000e+00,-1.031191229820251465e+00,-6.748524904251098633e-01,6.775627136230468750e-01,2.144500166177749634e-01,-1.940287053585052490e-01,-1.254395395517349243e-01,-3.208073079586029053e-01,0.000000000000000000e+00,0.000000000000000000e+00,0.000000000000000000e+00,0.000000000000000000e+00,0.000000000000000000e+00,0.000000000000000000e+00,0.000000000000000000e+00
2.165480144321918488e-02,-2.279844135046005249e-01,7.949541211128234863e-01,-5.042338161729276180e-04,1.210355758666992188e-02,6.450949609279632568e-02,9.978435635566711426e-01,-9.492607414722442627e-02,8.473836630582809448e-02,-1.038148999214172363e-01,1.328209191560745239e-01,-5.749226734042167664e-02,-1.364540606737136841e-01,1.345677580684423447e-02,-1.767721772193908691e-01,-1.559496670961380005e-01,1.314084380865097046e-01,-1.578176319599151611e-01,3.901693224906921387e-02,5.858920887112617493e-02,8.062478899955749512e-02,1.012990772724151611e-01,-9.380491971969604492e-01,7.559893727302551270e-01,-6.675686836242675781e-01,8.608323335647583008e-01,4.450953006744384766e-01,-7.374476641416549683e-02,3.066249489784240723e-01,0.000000000000000000e+00,0.000000000000000000e+00,0.000000000000000000e+00,0.000000000000000000e+00,0.000000000000000000e+00,0.000000000000000000e+00,0.000000000000000000e+00,-9.928869605064392090e-01,-7.775499820709228516e-01,6.202869415283203125e-01,1.810683459043502808e-01,-1.906805783510208130e-01,-1.329130083322525024e-01,-3.726980686187744141e-01,0.000000000000000000e+00,0.000000000000000000e+00,0.000000000000000000e+00,0.000000000000000000e+00,0.000000000000000000e+00,0.000000000000000000e+00,0.000000000000000000e+00
2.121426351368427277e-02,-2.335173487663269043e-01,7.952590584754943848e-01,5.554647068493068218e-04,1.385632343590259552e-02,6.601475924253463745e-02,9.977222681045532227e-01,-9.993159025907516479e-02,9.248553216457366943e-02,-9.317398071289062500e-02,1.304793804883956909e-01,-4.615598917007446289e-02,-1.497050076723098755e-01,1.307300757616758347e-02,-1.726053059101104736e-01,-1.692874580621719360e-01,1.242551952600479126e-01,-1.619206517934799194e-01,4.108734428882598877e-02,3.944427892565727234e-02,8.457837998867034912e-02,9.724846482276916504e-02,-9.498836398124694824e-01,8.047478199005126953e-01,-6.590452194213867188e-01,8.934656977653503418e-01,4.531181156635284424e-01,-7.077404111623764038e-02,3.103024363517761230e-01,0.000000000000000000e+00,0.000000000000000000e+00,0.000000000000000000e+00,0.000000000000000000e+00,0.000000000000000000e+00,0.000000000000000000e+00,0.000000000000000000e+00,-9.337289333343505859e-01,-8.912332653999328613e-01,5.496634840965270996e-01,1.717923432588577271e-01,-1.885216981172561646e-01,-1.358740180730819702e-01,-4.176565706729888916e-01,0.000000000000000000e+00,0.000000000000000000e+00,0.000000000000000000e+00,0.000000000000000000e+00,0.000000000000000000e+00,0.000000000000000000e+00,0.000000000000000000e+00
2.160572446882724762e-02,-2.382883578538894653e-01,7.953345775604248047e-01,1.656165579333901405e-03,1.557294931262731552e-02,6.682742387056350708e-02,9.976416230201721191e-01,-1.041153296828269958e-01,9.875234961509704590e-02,-8.548879623413085938e-02,1.306633353233337402e-01,-3.937444463372230530e-02,-1.626310348510742188e-01,1.352948974817991257e-02,-1.692137122154235840e-01,-1.812580674886703491e-01,1.180701032280921936e-01,-1.697292923927307129e-01,4.345652461051940918e-02,2.205155603587627411e-02,8.855865150690078735e-02,9.590016305446624756e-02,-9.605581164360046387e-01,8.584932684898376465e-01,-6.453208327293395996e-01,9.247036576271057129e-01,4.492269158363342285e-01,-7.157581299543380737e-02,3.023216128349304199e-01,0.000000000000000000e+00,0.000000000000000000e+00,0.000000000000000000e+00,0.000000000000000000e+00,0.000000000000000000e+00,0.000000000000000000e+00,0.000000000000000000e+00,-8.593640327453613281e-01,-9.976407885551452637e-01,4.576426148414611816e-01,2.004458457231521606e-01,-1.726131141185760498e-01,-1.353016197681427002e-01,-4.548487067222595215e-01,0.000000000000000000e+00,0.000000000000000000e+00,0.000000000000000000e+00,0.000000000000000000e+00,0.000000000000000000e+00,0.000000000000000000e+00,0.000000000000000000e+00
2.283200435340404510e-02,-2.424586862325668335e-01,7.955414652824401855e-01,2.366768894717097282e-03,1.644150353968143463e-02,6.786401569843292236e-02,9.975562691688537598e-01,-1.061727032065391541e-01,1.054807603359222412e-01,-7.716927677392959595e-02,1.323091983795166016e-01,-3.280372917652130127e-02,-1.705432534217834473e-01,1.475628372281789780e-02,-1.656131148338317871e-01,-1.907873898744583130e-01,1.165913268923759460e-01,-1.755741089582443237e-01,4.185153543949127197e-02,5.965413060039281845e-03,9.309085458517074585e-02,9.419316798448562622e-02,-9.683130979537963867e-01,9.054770469665527344e-01,-6.341972947120666504e-01,9.537593126296997070e-01,4.580479860305786133e-01,-7.093086093664169312e-02,2.957195043563842773e-01,0.000000000000000000e+00,0.000000000000000000e+00,0.000000000000000000e+00,0.000000000000000000e+00,0.000000000000000000e+00,0.000000000000000000e+00,0.000000000000000000e+00,-7.709453701972961426e-01,-1.077662825584411621e+00,3.554531931877136230e-01,2.615826725959777832e-01,-1.555355638265609741e-01,-1.315427571535110474e-01,-4.934084117412567139e-01,0.000000000000000000e+00,0.000000000000000000e+00,0.000000000000000000e+00,0.000000000000000000e+00,0.000000000000000000e+00,0.000000000000000000e+00,0.000000000000000000e+00
2.440860494971275330e-02,-2.461296916007995605e-01,7.961414456367492676e-01,3.917415626347064972e-03,1.732061803340911865e-02,6.812229007482528687e-02,9.975188970565795898e-01,-1.082273200154304504e-01,1.096876934170722961e-01,-6.792507320642471313e-02,1.359574198722839355e-01,-2.371761947870254517e-02,-1.768658459186553955e-01,1.702667959034442902e-02,-1.647790223360061646e-01,-2.020845711231231689e-01,1.133099123835563660e-01,-1.779140532016754150e-01,4.277874901890754700e-02,-2.407789696007966995e-03,9.200894087553024292e-02,9.462069720029830933e-02,-9.777994155883789062e-01,9.540011882781982422e-01,-6.263005137443542480e-01,9.870474338531494141e-01,4.571700990200042725e-01,-7.351133972406387329e-02,2.826303243637084961e-01,0.000000000000000000e+00,0.000000000000000000e+00,0.000000000000000000e+00,0.000000000000000000e+00,0.000000000000000000e+00,0.000000000000000000e+00,0.000000000000000000e+00,-6.413034796714782715e-01,-1.133337616920471191e+00,2.113352119922637939e-01,3.485036492347717285e-01,-1.110912859439849854e-01,-1.382991820573806763e-01,-5.261227488517761230e-01,0.000000000000000000e+00,0.000000000000000000e+00,0.000000000000000000e+00,0.000000000000000000e+00,0.000000000000000000e+00,0.000000000000000000e+00,0.000000000000000000e+00
2.685772441327571869e-02,-2.494525611400604248e-01,7.968452572822570801e-01,5.200619343668222427e-03,1.905897632241249084e-02,6.839799135923385620e-02,9.974625110626220703e-01,-1.110457628965377808e-01,1.143902242183685303e-01,-5.882413685321807861e-02,1.408452391624450684e-01,-1.816801913082599640e-02,-1.800470799207687378e-01,1.513106003403663635e-02,-1.635279506444931030e-01,-2.072871476411819458e-01,1.165762841701507568e-01,-1.788376271724700928e-01,3.990030661225318909e-02,-1.164093613624572754e-02,9.155182540416717529e-02,9.513312578201293945e-02,-9.909840226173400879e-01,9.909139871597290039e-01,-6.330567002296447754e-01,1.007121443748474121e+00,4.794831275939941406e-01,-7.557549327611923218e-02,2.844066023826599121e-01,0.000000000000000000e+00,0.000000000000000000e+00,0.000000000000000000e+00,0.000000000000000000e+00,0.000000000000000000e+00,0.000000000000000000e+00,0.000000000000000000e+00,-5.291358828544616699e-01,-1.158766150474548340e+00,7.966676354408264160e-02,4.509438872337341309e-01,-7.898041605949401855e-02,-1.335376352071762085e-01,-5.723681449890136719e-01,0.000000000000000000e+00,0.000000000000000000e+00,0.000000000000000000e+00,0.000000000000000000e+00,0.000000000000000000e+00,0.000000000000000000e+00,0.000000000000000000e+00
2.961662970483303070e-02,-2.523576915264129639e-01,7.980211377143859863e-01,7.608943153172731400e-03,2.124396897852420807e-02,6.857986003160476685e-02,9.973903894424438477e-01,-1.143570989370346069e-01,1.146360412240028381e-01,-5.478133261203765869e-02,1.463058739900588989e-01,-7.873003371059894562e-03,-1.817513406276702881e-01,1.273384969681501389e-02,-1.659447103738784790e-01,-2.149925529956817627e-01,1.205640733242034912e-01,-1.786566674709320068e-01,3.691541403532028198e-02,-2.005926147103309631e-02,9.128960967063903809e-02,9.662052243947982788e-02,-1.000000834465026855e+00,1.023784160614013672e+00,-6.434531211853027344e-01,1.037630438804626465e+00,4.865510761737823486e-01,-7.768213748931884766e-02,2.790884077548980713e-01,0.000000000000000000e+00,0.000000000000000000e+00,0.000000000000000000e+00,0.000000000000000000e+00,0.000000000000000000e+00,0.000000000000000000e+00,0.000000000000000000e+00,-4.147769212722778320e-01,-1.150309205055236816e+00,-6.682230532169342041e-02,5.710141062736511230e-01,2.150417072698473930e-03,-1.384109258651733398e-01,-6.224803328514099121e-01,0.000000000000000000e+00,0.000000000000000000e+00,0.000000000000000000e+00,0.000000000000000000e+00,0.000000000000000000e+00,0.000000000000000000e+00,0.000000000000000000e+00
3.249050676822662354e-02,-2.549909949302673340e-01,7.983857989311218262e-01,9.012816473841667175e-03,2.196552231907844543e-02,7.430625706911087036e-02,9.969527721405029297e-01,-1.161580681800842285e-01,1.157890334725379944e-01,-5.236930027604103088e-02,1.485073864459991455e-01,-3.001860110089182854e-03,-1.791288107633590698e-01,1.666385494172573090e-02,-1.671299487352371216e-01,-2.252586036920547485e-01,1.250082254409790039e-01,-1.840342134237289429e-01,3.453673422336578369e-02,-2.554557844996452332e-02,9.007156640291213989e-02,1.005614623427391052e-01,-1.012145876884460449e+00,1.044282555580139160e+00,-6.614283323287963867e-01,1.048040151596069336e+00,4.933243989944458008e-01,-8.304052799940109253e-02,2.810626924037933350e-01,0.000000000000000000e+00,0.000000000000000000e+00,0.000000000000000000e+00,0.000000000000000000e+00,0.000000000000000000e+00,0.000000000000000000e+00,0.000000000000000000e+00,-2.896032631397247314e-01,-1.119468212127685547e+00,-1.954383403062820435e-01,6.664334535598754883e-01,7.383632659912109375e-02,-1.506351977586746216e-01,-6.652017831802368164e-01,0.000000000000000000e+00,0.000000000000000000e+00,0.000000000000000000e+00,0.000000000000000000e+00,0.000000000000000000e+00,0.000000000000000000e+00,0.000000000000000000e+00
3.582599759101867676e-02,-2.571474313735961914e-01,7.987105846405029297e-01,1.110780891031026840e-02,2.332447096705436707e-02,7.589751482009887695e-02,9.967808723449707031e-01,-1.134053915739059448e-01,1.153936535120010376e-01,-5.296437814831733704e-02,1.457329243421554565e-01,-1.502588740549981594e-03,-1.768925338983535767e-01,1.836942136287689209e-02,-1.696407645940780640e-01,-2.335043251514434814e-01,1.288756430149078369e-01,-1.906104385852813721e-01,3.162620961666107178e-02,-2.191559970378875732e-02,9.093806892633438110e-02,9.942087531089782715e-02,-1.016204833984375000e+00,1.057142734527587891e+00,-6.861416101455688477e-01,1.044931411743164062e+00,5.021326541900634766e-01,-8.750798553228378296e-02,2.762920856475830078e-01,0.000000000000000000e+00,0.000000000000000000e+00,0.000000000000000000e+00,0.000000000000000000e+00,0.000000000000000000e+00,0.000000000000000000e+00,0.000000000000000000e+00,-2.229206860065460205e-01,-1.082786798477172852e+00,-2.724293768405914307e-01,7.363896965980529785e-01,1.438982188701629639e-01,-1.619411855936050415e-01,-6.909430623054504395e-01,0.000000000000000000e+00,0.000000000000000000e+00,0.000000000000000000e+00,0.000000000000000000e+00,0.000000000000000000e+00,0.000000000000000000e+00,0.000000000000000000e+00
3.870839253067970276e-02,-2.588610351085662842e-01,7.987870573997497559e-01,1.237173750996589661e-02,2.578378655016422272e-02,8.012423664331436157e-02,9.963745474815368652e-01,-1.134325936436653137e-01,1.142005771398544312e-01,-5.610949918627738953e-02,1.388218253850936890e-01,-5.529517075046896935e-04,-1.738180220127105713e-01,1.979504153132438660e-02,-1.707870215177536011e-01,-2.394333630800247192e-01,1.282054185867309570e-01,-1.949888467788696289e-01,2.958475239574909210e-02,-1.758444122970104218e-02,9.088224917650222778e-02,9.648685157299041748e-02,-1.028233885765075684e+00,1.064718842506408691e+00,-7.138139605522155762e-01,1.045258760452270508e+00,5.253894329071044922e-01,-8.889342844486236572e-02,2.700847089290618896e-01,0.000000000000000000e+00,0.000000000000000000e+00,0.000000000000000000e+00,0.000000000000000000e+00,0.000000000000000000e+00,0.000000000000000000e+00,0.000000000000000000e+00,-1.683934926986694336e-01,-1.041903734207153320e+00,-3.345441222190856934e-01,8.055402040481567383e-01,2.042356878519058228e-01,-1.741359382867813110e-01,-7.030573487281799316e-01,0.000000000000000000e+00,0.000000000000000000e+00,0.000000000000000000e+00,0.000000000000000000e+00,0.000000000000000000e+00,0.000000000000000000e+00,0.000000000000000000e+00
4.129861667752265930e-02,-2.601067125797271729e-01,7.984781861305236816e-01,1.297178212553262711e-02,2.803895808756351471e-02,8.567520231008529663e-02,9.958440065383911133e-01,-1.136480495333671570e-01,1.121793016791343689e-01,-6.531980633735656738e-02,1.298392564058303833e-01,-1.211617491208016872e-03,-1.678831279277801514e-01,2.219962142407894135e-02,-1.713968217372894287e-01,-2.482271939516067505e-01,1.279057711362838745e-01,-2.018386721611022949e-01,2.918717637658119202e-02,-7.099101785570383072e-03,9.034859389066696167e-02,9.360783547163009644e-02,-1.044054031372070312e+00,1.062681913375854492e+00,-7.487357854843139648e-01,1.043450355529785156e+00,5.698444247245788574e-01,-8.508686721324920654e-02,2.687050104141235352e-01,0.000000000000000000e+00,0.000000000000000000e+00,0.000000000000000000e+00,0.000000000000000000e+00,0.000000000000000000e+00,0.000000000000000000e+00,0.000000000000000000e+00,-1.214577928185462952e-01,-9.974261522293090820e-01,-3.719593286514282227e-01,8.742412328720092773e-01,2.507604360580444336e-01,-1.796450614929199219e-01,-7.002651095390319824e-01,0.000000000000000000e+00,0.000000000000000000e+00,0.000000000000000000e+00,0.000000000000000000e+00,0.000000000000000000e+00,0.000000000000000000e+00,0.000000000000000000e+00
4.337263107299804688e-02,-2.609303295612335205e-01,7.982806563377380371e-01,1.316181290894746780e-02,2.796328440308570862e-02,9.243784099817276001e-02,9.952387213706970215e-01,-1.117795631289482117e-01,1.104771122336387634e-01,-7.416304945945739746e-02,1.237259581685066223e-01,-8.069978794082999229e-04,-1.635428965091705322e-01,2.856880612671375275e-02,-1.717517822980880737e-01,-2.571781873703002930e-01,1.297268569469451904e-01,-2.064135074615478516e-01,2.787222340703010559e-02,4.831609781831502914e-03,9.208453446626663208e-02,9.236557781696319580e-02,-1.056928992271423340e+00,1.055428624153137207e+00,-7.839166522026062012e-01,1.039433121681213379e+00,6.061400175094604492e-01,-8.512800186872482300e-02,2.743288278579711914e-01,0.000000000000000000e+00,0.000000000000000000e+00,0.000000000000000000e+00,0.000000000000000000e+00,0.000000000000000000e+00,0.000000000000000000e+00,0.000000000000000000e+00,-8.591295778751373291e-02,-9.444490671157836914e-01,-3.957720398902893066e-01,9.416221976280212402e-01,3.083087503910064697e-01,-1.910011321306228638e-01,-6.962105035781860352e-01,0.000000000000000000e+00,0.000000000000000000e+00,0.000000000000000000e+00,0.000000000000000000e+00,0.000000000000000000e+00,0.000000000000000000e+00,0.000000000000000000e+00
4.505439102649688721e-02,-2.613792121410369873e-01,7.978108525276184082e-01,1.207143720239400864e-02,2.738901600241661072e-02,9.909953922033309937e-02,9.946272969245910645e-01,-1.082694828510284424e-01,1.124587059020996094e-01,-7.768696546554565430e-02,1.148944497108459473e-01,-4.297065548598766327e-03,-1.534238308668136597e-01,3.319042921066284180e-02,-1.706620901823043823e-01,-2.685886919498443604e-01,1.359063833951950073e-01,-2.087810486555099487e-01,3.290482610464096069e-02,2.032686211168766022e-02,9.315202385187149048e-02,9.090075641870498657e-02,-1.077500700950622559e+00,1.041011095046997070e+00,-8.235189914703369141e-01,1.025553941726684570e+00,6.489400863647460938e-01,-8.368501812219619751e-02,2.742493748664855957e-01,0.000000000000000000e+00,0.000000000000000000e+00,0.000000000000000000e+00,0.000000000000000000e+00,0.000000000000000000e+00,0.000000000000000000e+00,0.000000000000000000e+00,-6.036935001611709595e-02,-8.967344164848327637e-01,-3.921254575252532959e-01,1.002922415733337402e+00,3.474836647510528564e-01,-1.922703087329864502e-01,-6.758241057395935059e-01,0.000000000000000000e+00,0.000000000000000000e+00,0.000000000000000000e+00,0.000000000000000000e+00,0.000000000000000000e+00,0.000000000000000000e+00,0.000000000000000000e+00
4.626631736755371094e-02,-2.614850401878356934e-01,7.977074980735778809e-01,1.173631288111209869e-02,2.664491347968578339e-02,1.053336113691329956e-01,9.940106272697448730e-01,-1.061558574438095093e-01,1.114943474531173706e-01,-8.309736847877502441e-02,1.097834780812263489e-01,-4.341893363744020462e-03,-1.485072374343872070e-01,3.798167407512664795e-02,-1.709914356470108032e-01,-2.760655581951141357e-01,1.409715265035629272e-01,-2.102546095848083496e-01,3.052840381860733032e-02,3.927944600582122803e-02,9.315627813339233398e-02,8.927597105503082275e-02,-1.095308184623718262e+00,1.019749641418457031e+00,-8.573350906372070312e-01,1.010381937026977539e+00,6.940683126449584961e-01,-8.018086850643157959e-02,2.752761840820312500e-01,0.000000000000000000e+00,0.000000000000000000e+00,0.000000000000000000e+00,0.000000000000000000e+00,0.000000000000000000e+00,0.000000000000000000e+00,0.000000000000000000e+00,-5.671185255050659180e-02,-8.473737835884094238e-01,-3.637099564075469971e-01,1.060236573219299316e+00,3.567215800285339355e-01,-1.815957129001617432e-01,-6.431879401206970215e-01,0.000000000000000000e+00,0.000000000000000000e+00,0.000000000000000000e+00,0.000000000000000000e+00,0.000000000000000000e+00,0.000000000000000000e+00,0.000000000000000000e+00
4.689941182732582092e-02,-2.613018751144409180e-01,7.976069450378417969e-01,1.170440483838319778e-02,2.575880661606788635e-02,1.107715070247650146e-01,9.934430718421936035e-01,-1.044532880187034607e-01,1.095607131719589233e-01,-8.772550523281097412e-02,1.054815948009490967e-01,-3.172114724293351173e-03,-1.466599404811859131e-01,4.136565327644348145e-02,-1.722314506769180298e-01,-2.808675169944763184e-01,1.472028046846389771e-01,-2.125453799962997437e-01,2.553228102624416351e-02,5.754857510328292847e-02,9.536865353584289551e-02,8.844814449548721313e-02,-1.107024312019348145e+00,9.969041347503662109e-01,-8.908430337905883789e-01,9.802701473236083984e-01,7.186842560768127441e-01,-8.589576184749603271e-02,2.803151011466979980e-01,0.000000000000000000e+00,0.000000000000000000e+00,0.000000000000000000e+00,0.000000000000000000e+00,0.000000000000000000e+00,0.000000000000000000e+00,0.000000000000000000e+00,-6.861228495836257935e-02,-7.969321012496948242e-01,-3.200826942920684814e-01,1.103778481483459473e+00,3.737129271030426025e-01,-1.790934205055236816e-01,-6.099220514297485352e-01,0.000000000000000000e+00,0.000000000000000000e+00,0.000000000000000000e+00,0.000000000000000000e+00,0.000000000000000000e+00,0.000000000000000000e+00,0.000000000000000000e+00
4.705135151743888855e-02,-2.609741389751434326e-01,7.974889278411865234e-01,1.178703084588050842e-02,2.582796849310398102e-02,1.140802875161170959e-01,9.930657744407653809e-01,-1.040782332420349121e-01,1.081088036298751831e-01,-8.677235990762710571e-02,1.016697362065315247e-01,-3.379019908607006073e-03,-1.441669464111328125e-01,4.184832796454429626e-02,-1.733470410108566284e-01,-2.813012599945068359e-01,1.507787704467773438e-01,-2.146224379539489746e-01,2.524840645492076874e-02,7.676301896572113037e-02,9.298107028007507324e-02,8.821451663970947266e-02,-1.116209149360656738e+00,9.740173220634460449e-01,-9.118067622184753418e-01,9.523081183433532715e-01,7.314293980598449707e-01,-8.930684626102447510e-02,2.781633436679840088e-01,0.000000000000000000e+00,0.000000000000000000e+00,0.000000000000000000e+00,0.000000000000000000e+00,0.000000000000000000e+00,0.000000000000000000e+00,0.000000000000000000e+00,-9.517040848731994629e-02,-7.560159564018249512e-01,-2.608613371849060059e-01,1.123966097831726074e+00,3.637539148330688477e-01,-1.731358021497726440e-01,-5.718622803688049316e-01,0.000000000000000000e+00,0.000000000000000000e+00,0.000000000000000000e+00,0.000000000000000000e+00,0.000000000000000000e+00,0.000000000000000000e+00,0.000000000000000000e+00
4.664390906691551208e-02,-2.604626417160034180e-01,7.972667813301086426e-01,1.151780039072036743e-02,2.546595968306064606e-02,1.169938817620277405e-01,9.927392601966857910e-01,-1.027626767754554749e-01,1.072741895914077759e-01,-8.629581332206726074e-02,9.643757343292236328e-02,-4.610915668308734894e-03,-1.412353217601776123e-01,4.213286191225051880e-02,-1.734711080789566040e-01,-2.779617309570312500e-01,1.538321971893310547e-01,-2.156527638435363770e-01,2.613114379346370697e-02,9.670042246580123901e-02,9.153869748115539551e-02,8.588365465402603149e-02,-1.122152686119079590e+00,9.490051269531250000e-01,-9.324143528938293457e-01,9.088091850280761719e-01,7.363556027412414551e-01,-9.791167080402374268e-02,2.742668688297271729e-01,0.000000000000000000e+00,0.000000000000000000e+00,0.000000000000000000e+00,0.000000000000000000e+00,0.000000000000000000e+00,0.000000000000000000e+00,0.000000000000000000e+00,-1.399246305227279663e-01,-7.234839200973510742e-01,-1.899324655532836914e-01,1.130070805549621582e+00,3.461076617240905762e-01,-1.666365116834640503e-01,-5.301508903503417969e-01,0.000000000000000000e+00,0.000000000000000000e+00,0.000000000000000000e+00,0.000000000000000000e+00,0.000000000000000000e+00,0.000000000000000000e+00,0.000000000000000000e+00
4.567294567823410034e-02,-2.598389089107513428e-01,7.969471812248229980e-01,1.089732069522142410e-02,2.421463839709758759e-02,1.186413988471031189e-01,9.925820231437683105e-01,-1.013709530234336853e-01,1.081429570913314819e-01,-8.127596974372863770e-02,9.501668810844421387e-02,-8.184482343494892120e-03,-1.412680149078369141e-01,4.446766525506973267e-02,-1.726227253675460815e-01,-2.758982181549072266e-01,1.537188887596130371e-01,-2.163702398538589478e-01,2.888095937669277191e-02,1.162604317069053650e-01,8.964092284440994263e-02,8.079734444618225098e-02,-1.125596880912780762e+00,9.245180487632751465e-01,-9.527093172073364258e-01,8.561282753944396973e-01,7.346385717391967773e-01,-1.097845658659934998e-01,2.716946899890899658e-01,0.000000000000000000e+00,0.000000000000000000e+00,0.000000000000000000e+00,0.000000000000000000e+00,0.000000000000000000e+00,0.000000000000000000e+00,0.000000000000000000e+00,-2.001567184925079346e-01,-6.995067000389099121e-01,-9.566334635019302368e-02,1.117356896400451660e+00,3.091087341308593750e-01,-1.591976583003997803e-01,-4.864138662815093994e-01,0.000000000000000000e+00,0.000000000000000000e+00,0.000000000000000000e+00,0.000000000000000000e+00,0.000000000000000000e+00,0.000000000000000000e+00,0.000000000000000000e+00
4.421536251902580261e-02,-2.591640353202819824e-01,7.966828346252441406e-01,9.819838218390941620e-03,2.316181175410747528e-02,1.207948327064514160e-01,9.923586845397949219e-01,-1.010302081704139709e-01,1.098535880446434021e-01,-7.401574403047561646e-02,9.296284615993499756e-02,-1.142645161598920822e-02,-1.417493820190429688e-01,4.732966795563697815e-02,-1.703622639179229736e-01,-2.728700935840606689e-01,1.498625278472900391e-01,-2.149963378906250000e-01,3.323807194828987122e-02,1.323843300342559814e-01,8.975026756525039673e-02,7.764678448438644409e-02,-1.131819486618041992e+00,9.022293686866760254e-01,-9.788298010826110840e-01,7.881212830543518066e-01,7.259954214096069336e-01,-1.247387602925300598e-01,2.695378661155700684e-01,0.000000000000000000e+00,0.000000000000000000e+00,0.000000000000000000e+00,0.000000000000000000e+00,0.000000000000000000e+00,0.000000000000000000e+00,0.000000000000000000e+00,-2.813604176044464111e-01,-6.899568438529968262e-01,1.094293035566806793e-02,1.071940541267395020e+00,2.617562711238861084e-01,-1.550611555576324463e-01,-4.410147070884704590e-01,0.000000000000000000e+00,0.000000000000000000e+00,0.000000000000000000e+00,0.000000000000000000e+00,0.000000000000000000e+00,0.000000000000000000e+00,0.000000000000000000e+00
4.229397326707839966e-02,-2.583962678909301758e-01,7.964357137680053711e-01,8.912501856684684753e-03,2.090892940759658813e-02,1.223124340176582336e-01,9.922313690185546875e-01,-9.896373748779296875e-02,1.112959310412406921e-01,-6.746932119131088257e-02,9.197358787059783936e-02,-1.326703652739524841e-02,-1.449826210737228394e-01,5.048445239663124084e-02,-1.690498590469360352e-01,-2.702212333679199219e-01,1.492144167423248291e-01,-2.134249359369277954e-01,3.683175146579742432e-02,1.438418179750442505e-01,9.112485498189926147e-02,7.705451548099517822e-02,-1.145271539688110352e+00,8.834770917892456055e-01,-1.011101961135864258e+00,7.140828371047973633e-01,7.206361889839172363e-01,-1.405677795410156250e-01,2.670961022377014160e-01,0.000000000000000000e+00,0.000000000000000000e+00,0.000000000000000000e+00,0.000000000000000000e+00,0.000000000000000000e+00,0.000000000000000000e+00,0.000000000000000000e+00,-3.768301904201507568e-01,-6.814565658569335938e-01,1.112235859036445618e-01,1.009408354759216309e+00,2.227182835340499878e-01,-1.522499471902847290e-01,-4.107634425163269043e-01,0.000000000000000000e+00,0.000000000000000000e+00,0.000000000000000000e+00,0.000000000000000000e+00,0.000000000000000000e+00,0.000000000000000000e+00,0.000000000000000000e+00
3.999871015548706055e-02,-2.576194405555725098e-01,7.965738177299499512e-01,8.274314925074577332e-03,1.881060935556888580e-02,1.239583343267440796e-01,9.920746088027954102e-01,-9.813804924488067627e-02,1.110192537307739258e-01,-6.561938673257827759e-02,9.191136062145233154e-02,-1.255750562995672226e-02,-1.519356966018676758e-01,5.555910617113113403e-02,-1.672266870737075806e-01,-2.652667164802551270e-01,1.421675235033035278e-01,-2.077146768569946289e-01,3.544376790523529053e-02,1.455945670604705811e-01,9.216866642236709595e-02,7.343678176403045654e-02,-1.149099111557006836e+00,8.727845549583435059e-01,-1.025306820869445801e+00,6.612693667411804199e-01,6.983783841133117676e-01,-1.525269746780395508e-01,2.575959265232086182e-01,0.000000000000000000e+00,0.000000000000000000e+00,0.000000000000000000e+00,0.000000000000000000e+00,0.000000000000000000e+00,0.000000000000000000e+00,0.000000000000000000e+00,-4.720072150230407715e-01,-6.832002997398376465e-01,1.747356057167053223e-01,9.424719214439392090e-01,2.071099877357482910e-01,-1.549167484045028687e-01,-3.987103104591369629e-01,0.000000000000000000e+00,0.000000000000000000e+00,0.000000000000000000e+00,0.000000000000000000e+00,0.000000000000000000e+00,0.000000000000000000e+00,0.000000000000000000e+00
3.756826743483543396e-02,-2.566694319248199463e-01,7.970697283744812012e-01,8.030314929783344269e-03,1.792803034186363220e-02,1.223920136690139771e-01,9.922873973846435547e-01,-9.794160723686218262e-02,1.106763184070587158e-01,-6.064115837216377258e-02,9.113470464944839478e-02,-7.777504157274961472e-03,-1.612180322408676147e-01,5.527037754654884338e-02,-1.668260097503662109e-01,-2.566717565059661865e-01,1.357773691415786743e-01,-1.976182311773300171e-01,3.440152481198310852e-02,1.430072635412216187e-01,9.717590361833572388e-02,6.982455402612686157e-02,-1.155030012130737305e+00,8.657919764518737793e-01,-1.039279341697692871e+00,6.052567362785339355e-01,6.744712591171264648e-01,-1.633512377738952637e-01,2.569170296192169189e-01,0.000000000000000000e+00,0.000000000000000000e+00,0.000000000000000000e+00,0.000000000000000000e+00,0.000000000000000000e+00,0.000000000000000000e+00,0.000000000000000000e+00,-5.756279230117797852e-01,-6.829333901405334473e-01,2.255968451499938965e-01,8.798409104347229004e-01,2.221710085868835449e-01,-1.592967063188552856e-01,-4.026977419853210449e-01,0.000000000000000000e+00,0.000000000000000000e+00,0.000000000000000000e+00,0.000000000000000000e+00,0.000000000000000000e+00,0.000000000000000000e+00,0.000000000000000000e+00
3.508076816797256470e-02,-2.557754814624786377e-01,7.970064282417297363e-01,6.907258648425340652e-03,1.581933721899986267e-02,1.216259822249412537e-01,9.924259185791015625e-01,-9.850114583969116211e-02,1.131865605711936951e-01,-5.230141058564186096e-02,9.556718915700912476e-02,-9.808623231947422028e-03,-1.620729863643646240e-01,5.749985575675964355e-02,-1.644993573427200317e-01,-2.503647208213806152e-01,1.307628005743026733e-01,-1.915481537580490112e-01,3.673450648784637451e-02,1.369206458330154419e-01,9.705781191587448120e-02,6.388764828443527222e-02,-1.160719037055969238e+00,8.621572852134704590e-01,-1.047896146774291992e+00,5.613636970520019531e-01,6.478508114814758301e-01,-1.731609106063842773e-01,2.458148449659347534e-01,0.000000000000000000e+00,0.000000000000000000e+00,0.000000000000000000e+00,0.000000000000000000e+00,0.000000000000000000e+00,0.000000000000000000e+00,0.000000000000000000e+00,-6.722214818000793457e-01,-6.992129683494567871e-01,2.761625945568084717e-01,8.331561684608459473e-01,2.112764865159988403e-01,-1.590788066387176514e-01,-4.051362276077270508e-01,0.000000000000000000e+00,0.000000000000000000e+00,0.000000000000000000e+00,0.000000000000000000e+00,0.000000000000000000e+00,0.000000000000000000e+00,0.000000000000000000e+00
3.267622366547584534e-02,-2.547689676284790039e-01,7.969008684158325195e-01,6.135630421340465546e-03,1.435207668691873550e-02,1.209876760840415955e-01,9.925312995910644531e-01,-9.822572022676467896e-02,1.140681803226470947e-01,-4.806771874427795410e-02,9.565792977809906006e-02,-1.055677700787782669e-02,-1.656373739242553711e-01,5.860923975706100464e-02,-1.634980142116546631e-01,-2.452837973833084106e-01,1.264003962278366089e-01,-1.875209361314773560e-01,4.105729237198829651e-02,1.289687156677246094e-01,9.896799176931381226e-02,6.013696268200874329e-02,-1.157748579978942871e+00,8.610703349113464355e-01,-1.040746212005615234e+00,5.420011281967163086e-01,6.160776019096374512e-01,-1.751425415277481079e-01,2.376077920198440552e-01,0.000000000000000000e+00,0.000000000000000000e+00,0.000000000000000000e+00,0.000000000000000000e+00,0.000000000000000000e+00,0.000000000000000000e+00,0.000000000000000000e+00,-7.474390268325805664e-01,-7.256321907043457031e-01,2.930279672145843506e-01,7.812187671661376953e-01,2.161021232604980469e-01,-1.660091876983642578e-01,-4.174666106700897217e-01,0.000000000000000000e+00,0.000000000000000000e+00,0.000000000000000000e+00,0.000000000000000000e+00,0.000000000000000000e+00,0.000000000000000000e+00,0.000000000000000000e+00
3.051858022809028625e-02,-2.536971867084503174e-01,7.969753146171569824e-01,5.482887849211692810e-03,1.328200567513704300e-02,1.203789040446281433e-01,9.926240444183349609e-01,-9.798868000507354736e-02,1.150341257452964783e-01,-4.028713330626487732e-02,9.539288282394409180e-02,-1.048748381435871124e-02,-1.703572124242782593e-01,5.902760848402976990e-02,-1.629598140716552734e-01,-2.395350635051727295e-01,1.217920258641242981e-01,-1.807584613561630249e-01,4.472799971699714661e-02,1.201775744557380676e-01,1.001498103141784668e-01,5.510503426194190979e-02,-1.152893781661987305e+00,8.594457507133483887e-01,-1.030429959297180176e+00,5.368441939353942871e-01,5.920340418815612793e-01,-1.761367022991180420e-01,2.305464446544647217e-01,0.000000000000000000e+00,0.000000000000000000e+00,0.000000000000000000e+00,0.000000000000000000e+00,0.000000000000000000e+00,0.000000000000000000e+00,0.000000000000000000e+00,-8.077385425567626953e-01,-7.532694935798645020e-01,3.026761710643768311e-01,7.393163442611694336e-01,2.220204323530197144e-01,-1.699557304382324219e-01,-4.298588335514068604e-01,0.000000000000000000e+00,0.000000000000000000e+00,0.000000000000000000e+00,0.000000000000000000e+00,0.000000000000000000e+00,0.000000000000000000e+00,0.000000000000000000e+00
2.869650535285472870e-02,-2.525710761547088623e-01,7.969534397125244141e-01,4.834655672311782837e-03,1.350584719330072403e-02,1.188639923930168152e-01,9.928069114685058594e-01,-9.883041679859161377e-02,1.160085275769233704e-01,-3.354724869132041931e-02,9.338549524545669556e-02,-1.145785301923751831e-02,-1.703855246305465698e-01,5.579519644379615784e-02,-1.631110310554504395e-01,-2.354457229375839233e-01,1.195263192057609558e-01,-1.767167747020721436e-01,4.797553271055221558e-02,1.119195222854614258e-01,1.017644852399826050e-01,5.261052027344703674e-02,-1.147863388061523438e+00,8.660643100738525391e-01,-1.019518136978149414e+00,5.380467772483825684e-01,5.734749436378479004e-01,-1.744181215763092041e-01,2.266235798597335815e-01,0.000000000000000000e+00,0.000000000000000000e+00,0.000000000000000000e+00,0.000000000000000000e+00,0.000000000000000000e+00,0.000000000000000000e+00,0.000000000000000000e+00,-8.520705103874206543e-01,-7.944228649139404297e-01,3.031807541847229004e-01,7.029808163642883301e-01,2.176666855812072754e-01,-1.697585731744766235e-01,-4.398192763328552246e-01,0.000000000000000000e+00,0.000000000000000000e+00,0.000000000000000000e+00,0.000000000000000000e+00,0.000000000000000000e+00,0.000000000000000000e+00,0.000000000000000000e+00
2.725885063409805298e-02,-2.513866424560546875e-01,7.971161007881164551e-01,4.649780690670013428e-03,1.421207003295421600e-02,1.161516308784484863e-01,9.931189417839050293e-01,-9.917759150266647339e-02,1.159024611115455627e-01,-2.998293563723564148e-02,9.079577028751373291e-02,-1.089423429220914841e-02,-1.705692857503890991e-01,5.155227333307266235e-02,-1.642215847969055176e-01,-2.306520640850067139e-01,1.171770617365837097e-01,-1.720638126134872437e-01,4.934481158852577209e-02,1.022154316306114197e-01,1.027575656771659851e-01,5.078897252678871155e-02,-1.136558294296264648e+00,8.763029575347900391e-01,-9.990985989570617676e-01,5.565469264984130859e-01,5.502340793609619141e-01,-1.675654947757720947e-01,2.207785546779632568e-01,0.000000000000000000e+00,0.000000000000000000e+00,0.000000000000000000e+00,0.000000000000000000e+00,0.000000000000000000e+00,0.000000000000000000e+00,0.000000000000000000e+00,-8.835622072219848633e-01,-8.419985175132751465e-01,2.904002964496612549e-01,6.776818037033081055e-01,2.150402665138244629e-01,-1.719870269298553467e-01,-4.512064456939697266e-01,0.000000000000000000e+00,0.000000000000000000e+00,0.000000000000000000e+00,0.000000000000000000e+00,0.000000000000000000e+00,0.000000000000000000e+00,0.000000000000000000e+00
2.612706460058689117e-02,-2.501876354217529297e-01,7.974746227264404297e-01,4.758971277624368668e-03,1.528416667133569717e-02,1.133308634161949158e-01,9.934283494949340820e-01,-1.005719974637031555e-01,1.152796596288681030e-01,-2.675024606287479401e-02,8.975141495466232300e-02,-8.437428623437881470e-03,-1.719987541437149048e-01,4.644708335399627686e-02,-1.661770939826965332e-01,-2.263427823781967163e-01,1.159715056419372559e-01,-1.668789833784103394e-01,5.078271403908729553e-02,9.178487956523895264e-02,1.043923795223236084e-01,5.251928418874740601e-02,-1.125292301177978516e+00,8.900056481361389160e-01,-9.755114912986755371e-01,5.864355564117431641e-01,5.291211605072021484e-01,-1.583233922719955444e-01,2.204865813255310059e-01,0.000000000000000000e+00,0.000000000000000000e+00,0.000000000000000000e+00,0.000000000000000000e+00,0.000000000000000000e+00,0.000000000000000000e+00,0.000000000000000000e+00,-8.968216180801391602e-01,-8.905862569808959961e-01,2.682397067546844482e-01,6.582990288734436035e-01,2.237467616796493530e-01,-1.772227287292480469e-01,-4.703618586063385010e-01,0.000000000000000000e+00,0.000000000000000000e+00,0.000000000000000000e+00,0.000000000000000000e+00,0.000000000000000000e+00,0.000000000000000000e+00,0.000000000000000000e+00
2.533471211791038513e-02,-2.489708065986633301e-01,7.976258993148803711e-01,4.674019757658243179e-03,1.641215570271015167e-02,1.094546690583229065e-01,9.938452839851379395e-01,-1.021052449941635132e-01,1.162212863564491272e-01,-1.924363896250724792e-02,9.113430231809616089e-02,-9.996982291340827942e-03,-1.695420295000076294e-01,4.002870991826057434e-02,-1.672594696283340454e-01,-2.179100215435028076e-01,1.162328273057937622e-01,-1.625684052705764771e-01,5.291001126170158386e-02,8.043476194143295288e-02,1.042364537715911865e-01,5.489361658692359924e-02,-1.113698601722717285e+00,9.068911075592041016e-01,-9.479446411132812500e-01,6.233863830566406250e-01,5.149759650230407715e-01,-1.499110758304595947e-01,2.262545377016067505e-01,0.000000000000000000e+00,0.000000000000000000e+00,0.000000000000000000e+00,0.000000000000000000e+00,0.000000000000000000e+00,0.000000000000000000e+00,0.000000000000000000e+00,-8.979555368423461914e-01,-9.350433349609375000e-01,2.373360544443130493e-01,6.350192427635192871e-01,2.342628985643386841e-01,-1.840020716190338135e-01,-4.931764602661132812e-01,0.000000000000000000e+00,0.000000000000000000e+00,0.000000000000000000e+00,0.000000000000000000e+00,0.000000000000000000e+00,0.000000000000000000e+00,0.000000000000000000e+00
2.486518025398254395e-02,-2.476145923137664795e-01,7.978069186210632324e-01,4.833715502172708511e-03,1.755601912736892700e-02,1.045898050069808960e-01,9.943487048149108887e-01,-1.035217866301536560e-01,1.167167648673057556e-01,-1.186933089047670364e-02,9.429258108139038086e-02,-1.163540221750736237e-02,-1.673403978347778320e-01,3.431800380349159241e-02,-1.685527116060256958e-01,-2.082588374614715576e-01,1.150912493467330933e-01,-1.585559844970703125e-01,5.435470864176750183e-02,6.901964545249938965e-02,1.047780662775039673e-01,5.864295735955238342e-02,-1.105273962020874023e+00,9.261692762374877930e-01,-9.202476739883422852e-01,6.690995097160339355e-01,5.060318708419799805e-01,-1.402352601289749146e-01,2.343610674142837524e-01,0.000000000000000000e+00,0.000000000000000000e+00,0.000000000000000000e+00,0.000000000000000000e+00,0.000000000000000000e+00,0.000000000000000000e+00,0.000000000000000000e+00,-8.866646289825439453e-01,-9.831295609474182129e-01,2.038017958402633667e-01,6.208556890487670898e-01,2.411836087703704834e-01,-1.912376284599304199e-01,-5.214459896087646484e-01,0.000000000000000000e+00,0.000000000000000000e+00,0.000000000000000000e+00,0.000000000000000000e+00,0.000000000000000000e+00,0.000000000000000000e+00,0.000000000000000000e+00
2.456771023571491241e-02,-2.461438477039337158e-01,7.979306578636169434e-01,5.110694095492362976e-03,1.900415122509002686e-02,1.016244068741798401e-01,9.946281909942626953e-01,-1.079888343811035156e-01,1.154374480247497559e-01,-8.709173649549484253e-03,1.005477234721183777e-01,-1.299876067787408829e-02,-1.660655587911605835e-01,2.787718549370765686e-02,-1.710458993911743164e-01,-2.008557021617889404e-01,1.169639974832534790e-01,-1.565271317958831787e-01,5.504389852285385132e-02,5.833939090371131897e-02,1.073809489607810974e-01,6.575651466846466064e-02,-1.095012545585632324e+00,9.444313645362854004e-01,-8.867275118827819824e-01,7.117811441421508789e-01,4.900039136409759521e-01,-1.303949803113937378e-01,2.476611733436584473e-01,0.000000000000000000e+00,0.000000000000000000e+00,0.000000000000000000e+00,0.000000000000000000e+00,0.000000000000000000e+00,0.000000000000000000e+00,0.000000000000000000e+00,-8.612118363380432129e-01,-1.025312662124633789e+00,1.512141823768615723e-01,6.227647662162780762e-01,2.688132524490356445e-01,-1.998056322336196899e-01,-5.521296262741088867e-01,0.000000000000000000e+00,0.000000000000000000e+00,0.000000000000000000e+00,0.000000000000000000e+00,0.000000000000000000e+00,0.000000000000000000e+00,0.000000000000000000e+00
2.447180822491645813e-02,-2.444535046815872192e-01,7.979846000671386719e-01,5.425107665359973907e-03,2.028121240437030792e-02,9.699854254722595215e-02,9.950630664825439453e-01,-1.119143739342689514e-01,1.147477328777313232e-01,-2.896581310778856277e-03,1.092559769749641418e-01,-1.701488532125949860e-02,-1.621600985527038574e-01,2.119226194918155670e-02,-1.736820936203002930e-01,-1.934665441513061523e-01,1.192806661128997803e-01,-1.553319394588470459e-01,5.609636008739471436e-02,4.743276163935661316e-02,1.082284227013587952e-01,7.243590801954269409e-02,-1.090506315231323242e+00,9.616642594337463379e-01,-8.580974936485290527e-01,7.589194774627685547e-01,4.917497634887695312e-01,-1.182814091444015503e-01,2.606883347034454346e-01,0.000000000000000000e+00,0.000000000000000000e+00,0.000000000000000000e+00,0.000000000000000000e+00,0.000000000000000000e+00,0.000000000000000000e+00,0.000000000000000000e+00,-8.302814364433288574e-01,-1.064582705497741699e+00,1.010499298572540283e-01,6.347825527191162109e-01,2.803910076618194580e-01,-2.019735127687454224e-01,-5.782427191734313965e-01,0.000000000000000000e+00,0.000000000000000000e+00,0.000000000000000000e+00,0.000000000000000000e+00,0.000000000000000000e+00,0.000000000000000000e+00,0.000000000000000000e+00
2.445438876748085022e-02,-2.425210922956466675e-01,7.977998852729797363e-01,5.539576057344675064e-03,2.263371087610721588e-02,9.287310391664505005e-02,9.954052567481994629e-01,-1.180012226104736328e-01,1.141309291124343872e-01,4.677761346101760864e-03,1.169593632221221924e-01,-2.188423648476600647e-02,-1.614903658628463745e-01,1.156728994101285934e-02,-1.767157316207885742e-01,-1.869671940803527832e-01,1.237981244921684265e-01,-1.567384600639343262e-01,5.725058913230895996e-02,3.299345821142196655e-02,1.099755614995956421e-01,8.123718947172164917e-02,-1.090152382850646973e+00,9.798858761787414551e-01,-8.328838944435119629e-01,8.038525581359863281e-01,4.945515096187591553e-01,-1.089951172471046448e-01,2.707760035991668701e-01,0.000000000000000000e+00,0.000000000000000000e+00,0.000000000000000000e+00,0.000000000000000000e+00,0.000000000000000000e+00,0.000000000000000000e+00,0.000000000000000000e+00,-7.924067974090576172e-01,-1.101649880409240723e+00,4.297951981425285339e-02,6.511685848236083984e-01,3.009186685085296631e-01,-2.078423500061035156e-01,-6.027711033821105957e-01,0.000000000000000000e+00,0.000000000000000000e+00,0.000000000000000000e+00,0.000000000000000000e+00,0.000000000000000000e+00,0.000000000000000000e+00,0.000000000000000000e+00
2.448215521872043610e-02,-2.403429001569747925e-01,7.975847125053405762e-01,5.087831988930702209e-03,2.549272961914539337e-02,8.947739750146865845e-02,9.956495761871337891e-01,-1.244891136884689331e-01,1.137750521302223206e-01,9.999750182032585144e-03,1.226435899734497070e-01,-2.860711328685283661e-02,-1.579767912626266479e-01,2.540997928008437157e-03,-1.792537122964859009e-01,-1.848265975713729858e-01,1.255414783954620361e-01,-1.555262804031372070e-01,6.156680732965469360e-02,2.065986394882202148e-02,1.115589886903762817e-01,8.796731382608413696e-02,-1.090638756752014160e+00,9.984687566757202148e-01,-8.130465745925903320e-01,8.349972963333129883e-01,4.940062761306762695e-01,-1.032553911209106445e-01,2.781904935836791992e-01,0.000000000000000000e+00,0.000000000000000000e+00,0.000000000000000000e+00,0.000000000000000000e+00,0.000000000000000000e+00,0.000000000000000000e+00,0.000000000000000000e+00,-7.494818568229675293e-01,-1.130239248275756836e+00,-2.547045983374118805e-02,6.773771047592163086e-01,3.316776752471923828e-01,-2.180024087429046631e-01,-6.326716542243957520e-01,0.000000000000000000e+00,0.000000000000000000e+00,0.000000000000000000e+00,0.000000000000000000e+00,0.000000000000000000e+00,0.000000000000000000e+00,0.000000000000000000e+00
2.457339316606521606e-02,-2.378628700971603394e-01,7.973822951316833496e-01,4.548773635178804398e-03,2.750334702432155609e-02,8.633837848901748657e-02,9.958757758140563965e-01,-1.304644197225570679e-01,1.137668490409851074e-01,1.758323796093463898e-02,1.306576430797576904e-01,-3.409208729863166809e-02,-1.571208685636520386e-01,-7.040836848318576813e-03,-1.814198940992355347e-01,-1.767527312040328979e-01,1.323712468147277832e-01,-1.547205895185470581e-01,6.202429533004760742e-02,5.063336808234453201e-03,1.109130382537841797e-01,9.614667296409606934e-02,-1.091899156570434570e+00,1.015580177307128906e+00,-7.996023297309875488e-01,8.681672215461730957e-01,4.910470843315124512e-01,-9.728927910327911377e-02,2.837230265140533447e-01,0.000000000000000000e+00,0.000000000000000000e+00,0.000000000000000000e+00,0.000000000000000000e+00,0.000000000000000000e+00,0.000000000000000000e+00,0.000000000000000000e+00,-7.002488374710083008e-01,-1.157707452774047852e+00,-8.717251569032669067e-02,7.059766054153442383e-01,3.424652814865112305e-01,-2.172417342662811279e-01,-6.635936498641967773e-01,0.000000000000000000e+00,0.000000000000000000e+00,0.000000000000000000e+00,0.000000000000000000e+00,0.000000000000000000e+00,0.000000000000000000e+00,0.000000000000000000e+00
2.453785389661788940e-02,-2.350730150938034058e-01,7.968456745147705078e-01,3.548513166606426239e-03,2.845305763185024261e-02,8.389350771903991699e-02,9.960620999336242676e-01,-1.370404213666915894e-01,1.149399578571319580e-01,2.781886421144008636e-02,1.441812664270401001e-01,-4.450855404138565063e-02,-1.588308513164520264e-01,-1.506757549941539764e-02,-1.844279021024703979e-01,-1.779803633689880371e-01,1.432646960020065308e-01,-1.582514047622680664e-01,6.344205141067504883e-02,-1.105642598122358322e-02,1.123627051711082458e-01,1.047974005341529846e-01,-1.096633434295654297e+00,1.033223032951354980e+00,-7.855504751205444336e-01,8.948346972465515137e-01,4.914504885673522949e-01,-9.300882369279861450e-02,2.834379374980926514e-01,0.000000000000000000e+00,0.000000000000000000e+00,0.000000000000000000e+00,0.000000000000000000e+00,0.000000000000000000e+00,0.000000000000000000e+00,0.000000000000000000e+00,-6.458211541175842285e-01,-1.177057743072509766e+00,-1.579784601926803589e-01,7.349892258644104004e-01,3.518535196781158447e-01,-2.204127907752990723e-01,-6.910533308982849121e-01,0.000000000000000000e+00,0.000000000000000000e+00,0.000000000000000000e+00,0.000000000000000000e+00,0.000000000000000000e+00,0.000000000000000000e+00,0.000000000000000000e+00
2.456828206777572632e-02,-2.319530546665191650e-01,7.967731952667236328e-01,2.948827343061566353e-03,2.768353186547756195e-02,8.389319479465484619e-02,9.960857629776000977e-01,-1.430215835571289062e-01,1.123226732015609741e-01,2.591261640191078186e-02,1.610975563526153564e-01,-4.952527210116386414e-02,-1.570759266614913940e-01,-1.968397758901119232e-02,-1.889499425888061523e-01,-1.777367740869522095e-01,1.578116267919540405e-01,-1.580849438905715942e-01,5.931834876537322998e-02,-2.475331537425518036e-02,1.149719879031181335e-01,1.127478629350662231e-01,-1.098327875137329102e+00,1.047045350074768066e+00,-7.770550251007080078e-01,9.121893644332885742e-01,4.894682466983795166e-01,-8.954197168350219727e-02,2.879416644573211670e-01,0.000000000000000000e+00,0.000000000000000000e+00,0.000000000000000000e+00,0.000000000000000000e+00,0.000000000000000000e+00,0.000000000000000000e+00,0.000000000000000000e+00,-5.829600691795349121e-01,-1.189574956893920898e+00,-2.250000387430191040e-01,7.582921981811523438e-01,3.543697297573089600e-01,-2.241507470607757568e-01,-7.160075306892395020e-01,0.000000000000000000e+00,0.000000000000000000e+00,0.000000000000000000e+00,0.000000000000000000e+00,0.000000000000000000e+00,0.000000000000000000e+00,0.000000000000000000e+00
2.472142688930034637e-02,-2.284115105867385864e-01,7.965595722198486328e-01,2.001407789066433907e-03,2.784777246415615082e-02,8.365169912576675415e-02,9.961038827896118164e-01,-1.481328606605529785e-01,1.095395088195800781e-01,2.267719618976116180e-02,1.723557710647583008e-01,-5.580161139369010925e-02,-1.500036865472793579e-01,-2.448585629463195801e-02,-1.931310892105102539e-01,-1.777391135692596436e-01,1.682146787643432617e-01,-1.560712456703186035e-01,5.912311747670173645e-02,-3.964381664991378784e-02,1.179961562156677246e-01,1.188908293843269348e-01,-1.101120114326477051e+00,1.065812230110168457e+00,-7.799768447875976562e-01,9.221235513687133789e-01,5.029346942901611328e-01,-8.757448941469192505e-02,2.908845543861389160e-01,0.000000000000000000e+00,0.000000000000000000e+00,0.000000000000000000e+00,0.000000000000000000e+00,0.000000000000000000e+00,0.000000000000000000e+00,0.000000000000000000e+00,-5.191362500190734863e-01,-1.197014451026916504e+00,-2.966464757919311523e-01,7.847746014595031738e-01,3.614290058612823486e-01,-2.285774350166320801e-01,-7.458040714263916016e-01,0.000000000000000000e+00,0.000000000000000000e+00,0.000000000000000000e+00,0.000000000000000000e+00,0.000000000000000000e+00,0.000000000000000000e+00,0.000000000000000000e+00
2.502963133156299591e-02,-2.244720309972763062e-01,7.963743805885314941e-01,8.713935385458171368e-04,2.828696183860301971e-02,8.479803055524826050e-02,9.959961771965026855e-01,-1.532040685415267944e-01,1.059467867016792297e-01,2.000976540148258209e-02,1.816333830356597900e-01,-6.213361024856567383e-02,-1.433890163898468018e-01,-2.886454202234745026e-02,-1.977778226137161255e-01,-1.785100400447845459e-01,1.785308420658111572e-01,-1.514408290386199951e-01,5.962914228439331055e-02,-5.072113126516342163e-02,1.192074790596961975e-01,1.245383471250534058e-01,-1.106365203857421875e+00,1.077994465827941895e+00,-7.839772701263427734e-01,9.184393286705017090e-01,5.146940946578979492e-01,-9.000300616025924683e-02,2.987280189990997314e-01,0.000000000000000000e+00,0.000000000000000000e+00,0.000000000000000000e+00,0.000000000000000000e+00,0.000000000000000000e+00,0.000000000000000000e+00,0.000000000000000000e+00,-4.553408324718475342e-01,-1.198042869567871094e+00,-3.661589324474334717e-01,7.998791933059692383e-01,3.695233166217803955e-01,-2.380144596099853516e-01,-7.699290513992309570e-01,0.000000000000000000e+00,0.000000000000000000e+00,0.000000000000000000e+00,0.000000000000000000e+00,0.000000000000000000e+00,0.000000000000000000e+00,0.000000000000000000e+00
2.554413489997386932e-02,-2.201323807239532471e-01,7.962341308593750000e-01,-5.169969153939746320e-05,2.871347777545452118e-02,8.665773272514343262e-02,9.958242774009704590e-01,-1.583220511674880981e-01,1.016291081905364990e-01,2.085819654166698456e-02,1.913161575794219971e-01,-6.661966443061828613e-02,-1.395734995603561401e-01,-3.182988241314888000e-02,-2.040840983390808105e-01,-1.830327510833740234e-01,1.885167956352233887e-01,-1.471868455410003662e-01,6.051047891378402710e-02,-6.104516237974166870e-02,1.200735867023468018e-01,1.335172206163406372e-01,-1.111907124519348145e+00,1.093604922294616699e+00,-7.913702130317687988e-01,9.190478920936584473e-01,5.372153520584106445e-01,-8.796764910221099854e-02,2.972002625465393066e-01,0.000000000000000000e+00,0.000000000000000000e+00,0.000000000000000000e+00,0.000000000000000000e+00,0.000000000000000000e+00,0.000000000000000000e+00,0.000000000000000000e+00,-3.876800835132598877e-01,-1.198014259338378906e+00,-4.316682815551757812e-01,8.168249726295471191e-01,3.639141619205474854e-01,-2.371730506420135498e-01,-7.852432131767272949e-01,0.000000000000000000e+00,0.000000000000000000e+00,0.000000000000000000e+00,0.000000000000000000e+00,0.000000000000000000e+00,0.000000000000000000e+00,0.000000000000000000e+00
2.631757780909538269e-02,-2.155136764049530029e-01,7.960102558135986328e-01,-1.182032283395528793e-03,2.975384145975112915e-02,8.974657952785491943e-02,9.955193996429443359e-01,-1.622307300567626953e-01,9.679624438285827637e-02,2.190506085753440857e-02,1.959224194288253784e-01,-7.362636178731918335e-02,-1.331136822700500488e-01,-3.301681950688362122e-02,-2.095372676849365234e-01,-1.842326521873474121e-01,1.935507804155349731e-01,-1.413235664367675781e-01,6.373572349548339844e-02,-6.390792131423950195e-02,1.187727674841880798e-01,1.375901550054550171e-01,-1.120312929153442383e+00,1.096687316894531250e+00,-8.012582659721374512e-01,9.126752614974975586e-01,5.444024801254272461e-01,-9.075331687927246094e-02,2.921172976493835449e-01,0.000000000000000000e+00,0.000000000000000000e+00,0.000000000000000000e+00,0.000000000000000000e+00,0.000000000000000000e+00,0.000000000000000000e+00,0.000000000000000000e+00,-3.324568867683410645e-01,-1.193137764930725098e+00,-4.859650433063507080e-01,8.206726908683776855e-01,3.671446740627288818e-01,-2.411797642707824707e-01,-7.885489463806152344e-01,0.000000000000000000e+00,0.000000000000000000e+00,0.000000000000000000e+00,0.000000000000000000e+00,0.000000000000000000e+00,0.000000000000000000e+00,0.000000000000000000e+00
2.735680341720581055e-02,-2.106130272150039673e-01,7.956029176712036133e-01,-2.277141436934471130e-03,3.125884756445884705e-02,9.334298223257064819e-02,9.951406121253967285e-01,-1.679195165634155273e-01,9.137509763240814209e-02,2.366442419588565826e-02,2.029445618391036987e-01,-8.244954794645309448e-02,-1.271556615829467773e-01,-3.424592316150665283e-02,-2.159518450498580933e-01,-1.875418126583099365e-01,1.990097612142562866e-01,-1.376149654388427734e-01,6.906758248805999756e-02,-6.096800416707992554e-02,1.172654852271080017e-01,1.435203701257705688e-01,-1.132249832153320312e+00,1.095106840133666992e+00,-8.142190575599670410e-01,9.018025398254394531e-01,5.445432662963867188e-01,-9.393344819545745850e-02,2.862688899040222168e-01,0.000000000000000000e+00,0.000000000000000000e+00,0.000000000000000000e+00,0.000000000000000000e+00,0.000000000000000000e+00,0.000000000000000000e+00,0.000000000000000000e+00,-2.857653200626373291e-01,-1.191539764404296875e+00,-5.293290019035339355e-01,8.208802342414855957e-01,3.716449141502380371e-01,-2.434119731187820435e-01,-7.861264348030090332e-01,0.000000000000000000e+00,0.000000000000000000e+00,0.000000000000000000e+00,0.000000000000000000e+00,0.000000000000000000e+00,0.000000000000000000e+00,0.000000000000000000e+00
2.864075824618339539e-02,-2.055245488882064819e-01,7.954274415969848633e-01,-3.719680942595005035e-03,3.305705264210700989e-02,9.835554659366607666e-02,9.945951700210571289e-01,-1.730905324220657349e-01,8.511652052402496338e-02,2.138969302177429199e-02,2.068378478288650513e-01,-8.996162563562393188e-02,-1.214690282940864563e-01,-3.374581038951873779e-02,-2.211866378784179688e-01,-1.888359338045120239e-01,2.014255821704864502e-01,-1.301868110895156860e-01,7.314963638782501221e-02,-5.550263077020645142e-02,1.175086125731468201e-01,1.480970829725265503e-01,-1.142287373542785645e+00,1.087331295013427734e+00,-8.273880481719970703e-01,8.925627470016479492e-01,5.395445227622985840e-01,-9.656877070665359497e-02,2.779706716537475586e-01,0.000000000000000000e+00,0.000000000000000000e+00,0.000000000000000000e+00,0.000000000000000000e+00,0.000000000000000000e+00,0.000000000000000000e+00,0.000000000000000000e+00,-2.483985871076583862e-01,-1.189618349075317383e+00,-5.666878223419189453e-01,8.214796185493469238e-01,3.763691484928131104e-01,-2.463399469852447510e-01,-7.835956215858459473e-01,0.000000000000000000e+00,0.000000000000000000e+00,0.000000000000000000e+00,0.000000000000000000e+00,0.000000000000000000e+00,0.000000000000000000e+00,0.000000000000000000e+00
3.011238574981689453e-02,-2.003936767578125000e-01,7.955264449119567871e-01,-5.141395609825849533e-03,3.522188216447830200e-02,1.050022542476654053e-01,9.938347339630126953e-01,-1.782710999250411987e-01,7.762983441352844238e-02,1.696290262043476105e-02,2.081495523452758789e-01,-9.414310753345489502e-02,-1.164447516202926636e-01,-3.309800848364830017e-02,-2.275216579437255859e-01,-1.946293264627456665e-01,2.050968259572982788e-01,-1.196069419384002686e-01,7.724802941083908081e-02,-4.271486401557922363e-02,1.203541532158851624e-01,1.512479186058044434e-01,-1.154068827629089355e+00,1.070022463798522949e+00,-8.460000157356262207e-01,8.733648657798767090e-01,5.371042490005493164e-01,-1.001348346471786499e-01,2.734505534172058105e-01,0.000000000000000000e+00,0.000000000000000000e+00,0.000000000000000000e+00,0.000000000000000000e+00,0.000000000000000000e+00,0.000000000000000000e+00,0.000000000000000000e+00,-2.256752401590347290e-01,-1.192059159278869629e+00,-5.945570468902587891e-01,8.225804567337036133e-01,3.809821307659149170e-01,-2.483020871877670288e-01,-7.822049260139465332e-01,0.000000000000000000e+00,0.000000000000000000e+00,0.000000000000000000e+00,0.000000000000000000e+00,0.000000000000000000e+00,0.000000000000000000e+00,0.000000000000000000e+00
3.164632618427276611e-02,-1.954630017280578613e-01,7.956649661064147949e-01,-7.044597994536161423e-03,3.791800513863563538e-02,1.130167245864868164e-01,9.928442835807800293e-01,-1.840409785509109497e-01,7.017668336629867554e-02,9.127635508775711060e-03,2.075295150279998779e-01,-9.941818565130233765e-02,-1.117064058780670166e-01,-3.261274471879005432e-02,-2.320573627948760986e-01,-1.978897303342819214e-01,2.079096287488937378e-01,-1.072858721017837524e-01,8.573181927204132080e-02,-2.516201697289943695e-02,1.247313544154167175e-01,1.543627828359603882e-01,-1.165037870407104492e+00,1.046793937683105469e+00,-8.656813502311706543e-01,8.437027335166931152e-01,5.259644389152526855e-01,-1.062383875250816345e-01,2.672553658485412598e-01,0.000000000000000000e+00,0.000000000000000000e+00,0.000000000000000000e+00,0.000000000000000000e+00,0.000000000000000000e+00,0.000000000000000000e+00,0.000000000000000000e+00,-2.192794233560562134e-01,-1.190552830696105957e+00,-6.161081194877624512e-01,8.216769695281982422e-01,3.992046415805816650e-01,-2.574143707752227783e-01,-7.835652232170104980e-01,0.000000000000000000e+00,0.000000000000000000e+00,0.000000000000000000e+00,0.000000000000000000e+00,0.000000000000000000e+00,0.000000000000000000e+00,0.000000000000000000e+00
3.324896097183227539e-02,-1.909324526786804199e-01,7.959164381027221680e-01,-8.821099065244197845e-03,4.057718813419342041e-02,1.233085468411445618e-01,9.914991855621337891e-01,-1.901424676179885864e-01,6.144680827856063843e-02,-2.246459247544407845e-03,2.056090235710144043e-01,-1.005309224128723145e-01,-1.040139868855476379e-01,-2.832928858697414398e-02,-2.369220554828643799e-01,-2.066092938184738159e-01,2.067581117153167725e-01,-9.403041750192642212e-02,9.253913164138793945e-02,-2.559207845479249954e-03,1.285881549119949341e-01,1.540543287992477417e-01,-1.176199197769165039e+00,1.018110752105712891e+00,-8.882763981819152832e-01,8.122707009315490723e-01,5.285290479660034180e-01,-1.075747385621070862e-01,2.634439766407012939e-01,0.000000000000000000e+00,0.000000000000000000e+00,0.000000000000000000e+00,0.000000000000000000e+00,0.000000000000000000e+00,0.000000000000000000e+00,0.000000000000000000e+00,-2.218856960535049438e-01,-1.189143657684326172e+00,-6.264780163764953613e-01,8.312090635299682617e-01,4.046448469161987305e-01,-2.592344582080841064e-01,-7.865474820137023926e-01,0.000000000000000000e+00,0.000000000000000000e+00,0.000000000000000000e+00,0.000000000000000000e+00,0.000000000000000000e+00,0.000000000000000000e+00,0.000000000000000000e+00
3.479839116334915161e-02,-1.869067698717117310e-01,7.960963249206542969e-01,-1.044753007590770721e-02,4.299433529376983643e-02,1.347253769636154175e-01,9.898946285247802734e-01,-1.950374990701675415e-01,5.308629944920539856e-02,-1.242321822792291641e-02,2.010069787502288818e-01,-9.958011656999588013e-02,-1.013443022966384888e-01,-2.394483610987663269e-02,-2.419640868902206421e-01,-2.172522544860839844e-01,2.082792371511459351e-01,-8.183744549751281738e-02,9.743487089872360229e-02,2.278549037873744965e-02,1.334400773048400879e-01,1.570299267768859863e-01,-1.188550591468811035e+00,9.845544099807739258e-01,-9.094858169555664062e-01,7.864719629287719727e-01,5.406291484832763672e-01,-1.086505725979804993e-01,2.640489637851715088e-01,0.000000000000000000e+00,0.000000000000000000e+00,0.000000000000000000e+00,0.000000000000000000e+00,0.000000000000000000e+00,0.000000000000000000e+00,0.000000000000000000e+00,-2.306998223066329956e-01,-1.186283111572265625e+00,-6.227219700813293457e-01,8.446491360664367676e-01,4.103718400001525879e-01,-2.573725283145904541e-01,-7.864279747009277344e-01,0.000000000000000000e+00,0.000000000000000000e+00,0.000000000000000000e+00,0.000000000000000000e+00,0.000000000000000000e+00,0.000000000000000000e+00,0.000000000000000000e+00
3.621106222271919250e-02,-1.835844516754150391e-01,7.958180904388427734e-01,-1.114080194383859634e-02,4.466607794165611267e-02,1.465960294008255005e-01,9.881247282028198242e-01,-1.982053369283676147e-01,4.274365678429603577e-02,-2.696973644196987152e-02,1.957877129316329956e-01,-1.003450080752372742e-01,-9.865376353263854980e-02,-1.691056042909622192e-02,-2.478412389755249023e-01,-2.276013940572738647e-01,2.080124169588088989e-01,-7.534459233283996582e-02,9.748592227697372437e-02,5.206213146448135376e-02,1.416871398687362671e-01,1.564190834760665894e-01,-1.198629140853881836e+00,9.486650228500366211e-01,-9.381212592124938965e-01,7.468285560607910156e-01,5.479204058647155762e-01,-1.209914386272430420e-01,2.589595615863800049e-01,0.000000000000000000e+00,0.000000000000000000e+00,0.000000000000000000e+00,0.000000000000000000e+00,0.000000000000000000e+00,0.000000000000000000e+00,0.000000000000000000e+00,-2.495289593935012817e-01,-1.179628968238830566e+00,-6.148600578308105469e-01,8.691607117652893066e-01,4.222102463245391846e-01,-2.573802769184112549e-01,-7.823439836502075195e-01,0.000000000000000000e+00,0.000000000000000000e+00,0.000000000000000000e+00,0.000000000000000000e+00,0.000000000000000000e+00,0.000000000000000000e+00,0.000000000000000000e+00
3.753769025206565857e-02,-1.811098009347915649e-01,7.960274219512939453e-01,-1.115880999714136124e-02,4.637747630476951599e-02,1.625736951828002930e-01,9.855427145957946777e-01,-2.027668505907058716e-01,2.794899977743625641e-02,-5.388028174638748169e-02,1.894977986812591553e-01,-9.307820349931716919e-02,-9.842117130756378174e-02,-1.919892965815961361e-03,-2.538416981697082520e-01,-2.490746229887008667e-01,1.989077180624008179e-01,-6.966324150562286377e-02,8.736771345138549805e-02,9.226753562688827515e-02,1.558522433042526245e-01,1.542119234800338745e-01,-1.204778671264648438e+00,9.019038081169128418e-01,-9.700222015380859375e-01,6.980231404304504395e-01,5.533683300018310547e-01,-1.345448046922683716e-01,2.591263651847839355e-01,0.000000000000000000e+00,0.000000000000000000e+00,0.000000000000000000e+00,0.000000000000000000e+00,0.000000000000000000e+00,0.000000000000000000e+00,0.000000000000000000e+00,-2.818462252616882324e-01,-1.168876409530639648e+00,-5.965229868888854980e-01,9.038757681846618652e-01,4.263029992580413818e-01,-2.492043077945709229e-01,-7.742710113525390625e-01,0.000000000000000000e+00,0.000000000000000000e+00,0.000000000000000000e+00,0.000000000000000000e+00,0.000000000000000000e+00,0.000000000000000000e+00,0.000000000000000000e+00
3.880918398499488831e-02,-1.795725524425506592e-01,7.957866191864013672e-01,-1.286254450678825378e-02,4.734161868691444397e-02,1.807774603366851807e-01,9.822997450828552246e-01,-2.036539167165756226e-01,2.010365203022956848e-02,-7.193493843078613281e-02,1.758598238229751587e-01,-9.172756969928741455e-02,-9.829095751047134399e-02,1.311527006328105927e-02,-2.548033297061920166e-01,-2.733663916587829590e-01,1.944611221551895142e-01,-6.320483982563018799e-02,8.436103165149688721e-02,1.301050484180450439e-01,1.630244702100753784e-01,1.512309163808822632e-01,-1.216539859771728516e+00,8.553248047828674316e-01,-9.976425170898437500e-01,6.606839299201965332e-01,5.622789263725280762e-01,-1.398639976978302002e-01,2.601982057094573975e-01,0.000000000000000000e+00,0.000000000000000000e+00,0.000000000000000000e+00,0.000000000000000000e+00,0.000000000000000000e+00,0.000000000000000000e+00,0.000000000000000000e+00,-3.249223232269287109e-01,-1.158786416053771973e+00,-5.718747973442077637e-01,9.495018720626831055e-01,4.467763304710388184e-01,-2.381519973278045654e-01,-7.699998021125793457e-01,0.000000000000000000e+00,0.000000000000000000e+00,0.000000000000000000e+00,0.000000000000000000e+00,0.000000000000000000e+00,0.000000000000000000e+00,0.000000000000000000e+00
3.925011307001113892e-02,-1.786839216947555542e-01,7.963444590568542480e-01,-1.418907754123210907e-02,4.922615736722946167e-02,1.987315416336059570e-01,9.787140488624572754e-01,-2.076128274202346802e-01,1.094246562570333481e-02,-9.104955196380615234e-02,1.611125618219375610e-01,-7.959377020597457886e-02,-1.003009304404258728e-01,2.451636828482151031e-02,-2.547549307346343994e-01,-2.904066443443298340e-01,1.886346787214279175e-01,-5.184241384267807007e-02,7.855624705553054810e-02,1.669556498527526855e-01,1.700275242328643799e-01,1.546343713998794556e-01,-1.234138727188110352e+00,7.937875390052795410e-01,-1.020489096641540527e+00,6.367985010147094727e-01,5.665775537490844727e-01,-1.354137510061264038e-01,2.716736793518066406e-01,0.000000000000000000e+00,0.000000000000000000e+00,0.000000000000000000e+00,0.000000000000000000e+00,0.000000000000000000e+00,0.000000000000000000e+00,0.000000000000000000e+00,-3.927662670612335205e-01,-1.147628188133239746e+00,-5.226336121559143066e-01,9.978988170623779297e-01,4.717313647270202637e-01,-2.274655103683471680e-01,-7.710724472999572754e-01,0.000000000000000000e+00,0.000000000000000000e+00,0.000000000000000000e+00,0.000000000000000000e+00,0.000000000000000000e+00,0.000000000000000000e+00,0.000000000000000000e+00
4.004940390586853027e-02,-1.785120815038681030e-01,7.964170575141906738e-01,-1.477979496121406555e-02,4.815942794084548950e-02,2.166264653205871582e-01,9.749539494514465332e-01,-2.064393758773803711e-01,1.933778752572834492e-03,-1.158582195639610291e-01,1.506042331457138062e-01,-7.187145948410034180e-02,-1.012494191527366638e-01,4.232548922300338745e-02,-2.543452382087707520e-01,-3.140201866626739502e-01,1.854060739278793335e-01,-4.574635252356529236e-02,6.336870789527893066e-02,2.061732560396194458e-01,1.843588054180145264e-01,1.513605415821075439e-01,-1.234119534492492676e+00,7.369337677955627441e-01,-1.053412914276123047e+00,5.893728733062744141e-01,5.613169074058532715e-01,-1.468348056077957153e-01,2.707171738147735596e-01,0.000000000000000000e+00,0.000000000000000000e+00,0.000000000000000000e+00,0.000000000000000000e+00,0.000000000000000000e+00,0.000000000000000000e+00,0.000000000000000000e+00,-4.625817537307739258e-01,-1.133170723915100098e+00,-4.576043784618377686e-01,1.048389315605163574e+00,4.828396737575531006e-01,-2.148063778877258301e-01,-7.545263767242431641e-01,0.000000000000000000e+00,0.000000000000000000e+00,0.000000000000000000e+00,0.000000000000000000e+00,0.000000000000000000e+00,0.000000000000000000e+00,0.000000000000000000e+00
4.111051186919212341e-02,-1.789721846580505371e-01,7.964911460876464844e-01,-1.525621395558118820e-02,4.718283563852310181e-02,2.315571606159210205e-01,9.715566635131835938e-01,-2.031452655792236328e-01,-4.119215998798608780e-03,-1.364195495843887329e-01,1.389450281858444214e-01,-6.682840734720230103e-02,-1.057144701480865479e-01,6.135041639208793640e-02,-2.511103749275207520e-01,-3.371658325195312500e-01,1.764310747385025024e-01,-4.395835101604461670e-02,5.638363957405090332e-02,2.565658390522003174e-01,1.899302601814270020e-01,1.473595798015594482e-01,-1.236628651618957520e+00,6.635141372680664062e-01,-1.079163551330566406e+00,5.487415790557861328e-01,5.454128384590148926e-01,-1.507967859506607056e-01,2.632832825183868408e-01,0.000000000000000000e+00,0.000000000000000000e+00,0.000000000000000000e+00,0.000000000000000000e+00,0.000000000000000000e+00,0.000000000000000000e+00,0.000000000000000000e+00,-5.700773000717163086e-01,-1.107356190681457520e+00,-3.664990961551666260e-01,1.097617149353027344e+00,4.821830689907073975e-01,-1.895478814840316772e-01,-7.270470261573791504e-01,0.000000000000000000e+00,0.000000000000000000e+00,0.000000000000000000e+00,0.000000000000000000e+00,0.000000000000000000e+00,0.000000000000000000e+00,0.000000000000000000e+00
4.215513169765472412e-02,-1.796672642230987549e-01,7.967497706413269043e-01,-1.660679280757904053e-02,4.471923783421516418e-02,2.472444474697113037e-01,9.677781462669372559e-01,-1.966850310564041138e-01,-6.306436844170093536e-03,-1.538691669702529907e-01,1.245671883225440979e-01,-6.000857800245285034e-02,-1.138703450560569763e-01,8.043313026428222656e-02,-2.451447695493698120e-01,-3.620702028274536133e-01,1.727451980113983154e-01,-3.670361265540122986e-02,4.556936770677566528e-02,3.072896301746368408e-01,1.959958225488662720e-01,1.430259048938751221e-01,-1.241499185562133789e+00,5.856026411056518555e-01,-1.107057452201843262e+00,5.251578092575073242e-01,5.193541646003723145e-01,-1.441837698221206665e-01,2.282468676567077637e-01,0.000000000000000000e+00,0.000000000000000000e+00,0.000000000000000000e+00,0.000000000000000000e+00,0.000000000000000000e+00,0.000000000000000000e+00,0.000000000000000000e+00,-7.024020552635192871e-01,-1.074499487876892090e+00,-2.390015870332717896e-01,1.137110590934753418e+00,4.710391759872436523e-01,-1.560379266738891602e-01,-6.535379290580749512e-01,0.000000000000000000e+00,0.000000000000000000e+00,0.000000000000000000e+00,0.000000000000000000e+00,0.000000000000000000e+00,0.000000000000000000e+00,0.000000000000000000e+00
4.260969907045364380e-02,-1.803669929504394531e-01,7.972762584686279297e-01,-1.762174069881439209e-02,4.205320775508880615e-02,2.627302110195159912e-01,9.637913703918457031e-01,-1.890494227409362793e-01,-9.312041103839874268e-03,-1.714756488800048828e-01,1.070208624005317688e-01,-4.851843416690826416e-02,-1.230775117874145508e-01,9.573689103126525879e-02,-2.406463325023651123e-01,-3.842176496982574463e-01,1.742890626192092896e-01,-2.684669569134712219e-02,2.995461225509643555e-02,3.341575264930725098e-01,2.015331834554672241e-01,1.439300477504730225e-01,-1.234933137893676758e+00,5.151358842849731445e-01,-1.123427033424377441e+00,5.190498232841491699e-01,4.798799455165863037e-01,-1.322837024927139282e-01,1.917173117399215698e-01,0.000000000000000000e+00,0.000000000000000000e+00,0.000000000000000000e+00,0.000000000000000000e+00,0.000000000000000000e+00,0.000000000000000000e+00,0.000000000000000000e+00,-8.810934424400329590e-01,-1.041459202766418457e+00,-7.722785323858261108e-02,1.181157946586608887e+00,4.547113180160522461e-01,-1.306550055742263794e-01,-5.819643735885620117e-01,0.000000000000000000e+00,0.000000000000000000e+00,0.000000000000000000e+00,0.000000000000000000e+00,0.000000000000000000e+00,0.000000000000000000e+00,0.000000000000000000e+00
4.386652261018753052e-02,-1.813877969980239868e-01,7.976147532463073730e-01,-1.959365978837013245e-02,4.019864276051521301e-02,2.756552994251251221e-01,9.602157473564147949e-01,-1.856877356767654419e-01,-6.986036431044340134e-03,-1.799035072326660156e-01,9.766561537981033325e-02,-4.204332455992698669e-02,-1.318185180425643921e-01,1.083147153258323669e-01,-2.326208204030990601e-01,-4.063459932804107666e-01,1.744953542947769165e-01,-2.023298293352127075e-02,2.263565361499786377e-02,3.460384011268615723e-01,2.025958448648452759e-01,1.412980556488037109e-01,-1.216230511665344238e+00,4.764454662799835205e-01,-1.125189185142517090e+00,5.147140622138977051e-01,4.561324417591094971e-01,-1.273656487464904785e-01,1.798729598522186279e-01,0.000000000000000000e+00,0.000000000000000000e+00,0.000000000000000000e+00,0.000000000000000000e+00,0.000000000000000000e+00,0.000000000000000000e+00,0.000000000000000000e+00,-1.017723679542541504e+00,-1.011377573013305664e+00,2.481892146170139313e-02,1.170262217521667480e+00,4.550372362136840820e-01,-1.329582631587982178e-01,-5.519401431083679199e-01,0.000000000000000000e+00,0.000000000000000000e+00,0.000000000000000000e+00,0.000000000000000000e+00,0.000000000000000000e+00,0.000000000000000000e+00,0.000000000000000000e+00
4.496109113097190857e-02,-1.821879148483276367e-01,7.983173131942749023e-01,-2.119117043912410736e-02,3.830658271908760071e-02,2.876998186111450195e-01,9.567195773124694824e-01,-1.803841739892959595e-01,-5.391146987676620483e-03,-1.875900179147720337e-01,8.496452867984771729e-02,-3.195720911026000977e-02,-1.390677541494369507e-01,1.186083555221557617e-01,-2.251728177070617676e-01,-4.206262826919555664e-01,1.761719733476638794e-01,-8.869819343090057373e-03,1.339404191821813583e-02,3.513614237308502197e-01,2.003178149461746216e-01,1.356482654809951782e-01,-1.194516658782958984e+00,4.437716603279113770e-01,-1.115960955619812012e+00,5.254325866699218750e-01,4.421329498291015625e-01,-1.193303987383842468e-01,1.830705404281616211e-01,0.000000000000000000e+00,0.000000000000000000e+00,0.000000000000000000e+00,0.000000000000000000e+00,0.000000000000000000e+00,0.000000000000000000e+00,0.000000000000000000e+00,-1.151826381683349609e+00,-9.639471173286437988e-01,1.244673058390617371e-01,1.141407966613769531e+00,4.565341770648956299e-01,-1.400650590658187866e-01,-5.411248803138732910e-01,0.000000000000000000e+00,0.000000000000000000e+00,0.000000000000000000e+00,0.000000000000000000e+00,0.000000000000000000e+00,0.000000000000000000e+00,0.000000000000000000e+00
4.623328521847724915e-02,-1.830109804868698120e-01,7.989050149917602539e-01,-2.246615849435329437e-02,3.872803598642349243e-02,2.965564727783203125e-01,9.539652466773986816e-01,-1.766590625047683716e-01,-3.589971689507365227e-03,-1.910422444343566895e-01,6.901127845048904419e-02,-2.290357649326324463e-02,-1.441408097743988037e-01,1.258880943059921265e-01,-2.185489386320114136e-01,-4.339666664600372314e-01,1.703340262174606323e-01,-9.343415731564164162e-04,1.115302089601755142e-02,3.550760447978973389e-01,1.971580386161804199e-01,1.323897391557693481e-01,-1.169479131698608398e+00,4.168231487274169922e-01,-1.100394725799560547e+00,5.315264463424682617e-01,4.245320260524749756e-01,-1.189594566822052002e-01,1.890445649623870850e-01,0.000000000000000000e+00,0.000000000000000000e+00,0.000000000000000000e+00,0.000000000000000000e+00,0.000000000000000000e+00,0.000000000000000000e+00,0.000000000000000000e+00,-1.278459787368774414e+00,-9.197042584419250488e-01,2.236185371875762939e-01,1.105399250984191895e+00,4.415373206138610840e-01,-1.433939784765243530e-01,-5.343196392059326172e-01,0.000000000000000000e+00,0.000000000000000000e+00,0.000000000000000000e+00,0.000000000000000000e+00,0.000000000000000000e+00,0.000000000000000000e+00,0.000000000000000000e+00
4.744524881243705750e-02,-1.837480813264846802e-01,7.992815375328063965e-01,-2.402321808040142059e-02,3.819677978754043579e-02,3.062116205692291260e-01,9.508934617042541504e-01,-1.735138893127441406e-01,-1.675838138908147812e-03,-1.974269598722457886e-01,5.602494999766349792e-02,-1.378631684929132462e-02,-1.528796404600143433e-01,1.327568888664245605e-01,-2.124995440244674683e-01,-4.494471848011016846e-01,1.705971360206604004e-01,7.463782094419002533e-03,6.404679734259843826e-03,3.516846001148223877e-01,1.981560736894607544e-01,1.322046220302581787e-01,-1.148762464523315430e+00,3.956211805343627930e-01,-1.078357100486755371e+00,5.372781157493591309e-01,4.214522242546081543e-01,-1.174000799655914307e-01,1.975222080945968628e-01,0.000000000000000000e+00,0.000000000000000000e+00,0.000000000000000000e+00,0.000000000000000000e+00,0.000000000000000000e+00,0.000000000000000000e+00,0.000000000000000000e+00,-1.383386611938476562e+00,-8.871757984161376953e-01,3.024052977561950684e-01,1.070559501647949219e+00,4.216396808624267578e-01,-1.457303762435913086e-01,-5.337949991226196289e-01,0.000000000000000000e+00,0.000000000000000000e+00,0.000000000000000000e+00,0.000000000000000000e+00,0.000000000000000000e+00,0.000000000000000000e+00,0.000000000000000000e+00
4.888310655951499939e-02,-1.845383942127227783e-01,7.995681762695312500e-01,-2.497604303061962128e-02,3.766056150197982788e-02,3.144589662551879883e-01,9.481948614120483398e-01,-1.699904501438140869e-01,-7.373355329036712646e-04,-2.069989591836929321e-01,4.526246711611747742e-02,-7.795554585754871368e-03,-1.596003174781799316e-01,1.398606300354003906e-01,-2.073568552732467651e-01,-4.638568460941314697e-01,1.696112006902694702e-01,1.461768243461847305e-02,1.368559023831039667e-04,3.493499159812927246e-01,1.991103291511535645e-01,1.323182731866836548e-01,-1.131128668785095215e+00,3.815324008464813232e-01,-1.060920238494873047e+00,5.357172489166259766e-01,4.156252443790435791e-01,-1.214247792959213257e-01,2.015548050403594971e-01,0.000000000000000000e+00,0.000000000000000000e+00,0.000000000000000000e+00,0.000000000000000000e+00,0.000000000000000000e+00,0.000000000000000000e+00,0.000000000000000000e+00,-1.470997214317321777e+00,-8.636759519577026367e-01,3.696254193782806396e-01,1.039639830589294434e+00,3.983315527439117432e-01,-1.481374949216842651e-01,-5.358872413635253906e-01,0.000000000000000000e+00,0.000000000000000000e+00,0.000000000000000000e+00,0.000000000000000000e+00,0.000000000000000000e+00,0.000000000000000000e+00,0.000000000000000000e+00
5.043279752135276794e-02,-1.855017840862274170e-01,7.999347448348999023e-01,-2.646138891577720642e-02,3.637096658349037170e-02,3.222790360450744629e-01,9.455755949020385742e-01,-1.668029874563217163e-01,2.790519269183278084e-03,-2.126507461071014404e-01,3.720152378082275391e-02,-1.206920482218265533e-03,-1.654207408428192139e-01,1.462809592485427856e-01,-2.011596113443374634e-01,-4.777248203754425049e-01,1.715767085552215576e-01,2.431051805615425110e-02,-9.890609653666615486e-04,3.422962725162506104e-01,1.987018436193466187e-01,1.331715732812881470e-01,-1.119445800781250000e+00,3.705660998821258545e-01,-1.048353791236877441e+00,5.367836952209472656e-01,4.080163538455963135e-01,-1.245481371879577637e-01,2.023098617792129517e-01,0.000000000000000000e+00,0.000000000000000000e+00,0.000000000000000000e+00,0.000000000000000000e+00,0.000000000000000000e+00,0.000000000000000000e+00,0.000000000000000000e+00,-1.537751555442810059e+00,-8.475490808486938477e-01,4.161708652973175049e-01,1.002324581146240234e+00,3.905444145202636719e-01,-1.558185815811157227e-01,-5.380554199218750000e-01,0.000000000000000000e+00,0.000000000000000000e+00,0.000000000000000000e+00,0.000000000000000000e+00,0.000000000000000000e+00,0.000000000000000000e+00,0.000000000000000000e+00
5.224111303687095642e-02,-1.865916848182678223e-01,8.002250790596008301e-01,-2.708483301103115082e-02,3.531847894191741943e-02,3.280679881572723389e-01,9.436050057411193848e-01,-1.623470336198806763e-01,5.464481189846992493e-03,-2.193351835012435913e-01,2.909257449209690094e-02,3.819583449512720108e-03,-1.703512966632843018e-01,1.511804610490798950e-01,-1.963782310485839844e-01,-4.860565066337585449e-01,1.743531227111816406e-01,2.996718883514404297e-02,-6.732234731316566467e-03,3.375234901905059814e-01,1.961209923028945923e-01,1.358118355274200439e-01,-1.113576531410217285e+00,3.681275248527526855e-01,-1.041040539741516113e+00,5.340950489044189453e-01,4.049949944019317627e-01,-1.282967776060104370e-01,2.070399373769760132e-01,0.000000000000000000e+00,0.000000000000000000e+00,0.000000000000000000e+00,0.000000000000000000e+00,0.000000000000000000e+00,0.000000000000000000e+00,0.000000000000000000e+00,-1.586110591888427734e+00,-8.315446972846984863e-01,4.551663398742675781e-01,9.723051190376281738e-01,3.828581571578979492e-01,-1.593053489923477173e-01,-5.381339788436889648e-01,0.000000000000000000e+00,0.000000000000000000e+00,0.000000000000000000e+00,0.000000000000000000e+00,0.000000000000000000e+00,0.000000000000000000e+00,0.000000000000000000e+00
5.432888492941856384e-02,-1.879363656044006348e-01,8.003318905830383301e-01,-2.758064679801464081e-02,3.461541235446929932e-02,3.328908979892730713e-01,9.419260621070861816e-01,-1.579262763261795044e-01,8.878087624907493591e-03,-2.253532409667968750e-01,2.025589346885681152e-02,8.124683052301406860e-03,-1.738652437925338745e-01,1.551235914230346680e-01,-1.915657669305801392e-01,-4.931680262088775635e-01,1.770579963922500610e-01,3.239752352237701416e-02,-1.113655138760805130e-02,3.321508765220642090e-01,1.924063861370086670e-01,1.384696662425994873e-01,-1.107546329498291016e+00,3.697653114795684814e-01,-1.031866073608398438e+00,5.355139374732971191e-01,3.988353013992309570e-01,-1.291726827621459961e-01,2.080384045839309692e-01,0.000000000000000000e+00,0.000000000000000000e+00,0.000000000000000000e+00,0.000000000000000000e+00,0.000000000000000000e+00,0.000000000000000000e+00,0.000000000000000000e+00,-1.617015838623046875e+00,-8.229213356971740723e-01,4.869400858879089355e-01,9.481676816940307617e-01,3.683820664882659912e-01,-1.594078987836837769e-01,-5.364214777946472168e-01,0.000000000000000000e+00,0.000000000000000000e+00,0.000000000000000000e+00,0.000000000000000000e+00,0.000000000000000000e+00,0.000000000000000000e+00,0.000000000000000000e+00
5.672110244631767273e-02,-1.895328164100646973e-01,8.004301786422729492e-01,-2.764631807804107666e-02,3.450568020343780518e-02,3.370417654514312744e-01,9.404509067535400391e-01,-1.549519896507263184e-01,1.170999556779861450e-02,-2.298643290996551514e-01,1.363829337060451508e-02,1.134323142468929291e-02,-1.761347502470016479e-01,1.574396044015884399e-01,-1.875270456075668335e-01,-4.982481896877288818e-01,1.806468963623046875e-01,3.275564312934875488e-02,-1.381445955485105515e-02,3.277614414691925049e-01,1.889392286539077759e-01,1.410193741321563721e-01,-1.102865099906921387e+00,3.708774745464324951e-01,-1.020168066024780273e+00,5.390165448188781738e-01,3.953057229518890381e-01,-1.263212561607360840e-01,2.112807631492614746e-01,0.000000000000000000e+00,0.000000000000000000e+00,0.000000000000000000e+00,0.000000000000000000e+00,0.000000000000000000e+00,0.000000000000000000e+00,0.000000000000000000e+00,-1.632825613021850586e+00,-8.134234547615051270e-01,5.055951476097106934e-01,9.341171979904174805e-01,3.597798645496368408e-01,-1.568961441516876221e-01,-5.343779325485229492e-01,0.000000000000000000e+00,0.000000000000000000e+00,0.000000000000000000e+00,0.000000000000000000e+00,0.000000000000000000e+00,0.000000000000000000e+00,0.000000000000000000e+00
5.922884121537208557e-02,-1.913468390703201294e-01,8.004102110862731934e-01,-2.734616212546825409e-02,3.451881557703018188e-02,3.400850892066955566e-01,9.393629431724548340e-01,-1.526403278112411499e-01,1.440420188009738922e-02,-2.337047010660171509e-01,8.585915900766849518e-03,1.490300986915826797e-02,-1.807416528463363647e-01,1.604518890380859375e-01,-1.836180090904235840e-01,-5.025215744972229004e-01,1.812787353992462158e-01,3.104880638420581818e-02,-1.638206839561462402e-02,3.218093812465667725e-01,1.857278794050216675e-01,1.435776799917221069e-01,-1.099599719047546387e+00,3.751245737075805664e-01,-1.011692762374877930e+00,5.424941182136535645e-01,3.921565115451812744e-01,-1.249421313405036926e-01,2.146363705396652222e-01,0.000000000000000000e+00,0.000000000000000000e+00,0.000000000000000000e+00,0.000000000000000000e+00,0.000000000000000000e+00,0.000000000000000000e+00,0.000000000000000000e+00,-1.636926889419555664e+00,-8.039384484291076660e-01,5.182486176490783691e-01,9.250485897064208984e-01,3.542519807815551758e-01,-1.546690165996551514e-01,-5.311231017112731934e-01,0.000000000000000000e+00,0.000000000000000000e+00,0.000000000000000000e+00,0.000000000000000000e+00,0.000000000000000000e+00,0.000000000000000000e+00,0.000000000000000000e+00
6.197810918092727661e-02,-1.934658735990524292e-01,8.001846671104431152e-01,-2.691112272441387177e-02,3.540882095694541931e-02,3.418418467044830322e-01,9.387044906616210938e-01,-1.526326090097427368e-01,1.748156361281871796e-02,-2.336376309394836426e-01,5.924961064010858536e-03,1.583255454897880554e-02,-1.868140548467636108e-01,1.617477238178253174e-01,-1.795859783887863159e-01,-5.048902630805969238e-01,1.806163936853408813e-01,2.454725280404090881e-02,-1.880921237170696259e-02,3.178300261497497559e-01,1.801836341619491577e-01,1.488183140754699707e-01,-1.097727656364440918e+00,3.805943429470062256e-01,-1.002170681953430176e+00,5.520586371421813965e-01,3.887994289398193359e-01,-1.236767247319221497e-01,2.170847952365875244e-01,0.000000000000000000e+00,0.000000000000000000e+00,0.000000000000000000e+00,0.000000000000000000e+00,0.000000000000000000e+00,0.000000000000000000e+00,0.000000000000000000e+00,-1.631939291954040527e+00,-7.932961583137512207e-01,5.310698747634887695e-01,9.232360124588012695e-01,3.458009064197540283e-01,-1.502458155155181885e-01,-5.232988595962524414e-01,0.000000000000000000e+00,0.000000000000000000e+00,0.000000000000000000e+00,0.000000000000000000e+00,0.000000000000000000e+00,0.000000000000000000e+00,0.000000000000000000e+00
6.485020369291305542e-02,-1.958643645048141479e-01,7.999582886695861816e-01,-2.615600638091564178e-02,3.640830144286155701e-02,3.426070213317871094e-01,9.384086132049560547e-01,-1.532986760139465332e-01,2.059128321707248688e-02,-2.318656295537948608e-01,5.542199593037366867e-03,1.516667194664478302e-02,-1.917687207460403442e-01,1.622126996517181396e-01,-1.758030951023101807e-01,-5.049733519554138184e-01,1.799801290035247803e-01,1.691832952201366425e-02,-2.172851748764514923e-02,3.140017688274383545e-01,1.762530505657196045e-01,1.529608070850372314e-01,-1.095422148704528809e+00,3.873341977596282959e-01,-9.918424487113952637e-01,5.694332122802734375e-01,3.882297277450561523e-01,-1.197624281048774719e-01,2.198535352945327759e-01,0.000000000000000000e+00,0.000000000000000000e+00,0.000000000000000000e+00,0.000000000000000000e+00,0.000000000000000000e+00,0.000000000000000000e+00,0.000000000000000000e+00,-1.617574930191040039e+00,-7.793090939521789551e-01,5.391750931739807129e-01,9.297082424163818359e-01,3.394930362701416016e-01,-1.441024690866470337e-01,-5.140691399574279785e-01,0.000000000000000000e+00,0.000000000000000000e+00,0.000000000000000000e+00,0.000000000000000000e+00,0.000000000000000000e+00,0.000000000000000000e+00,0.000000000000000000e+00
6.777550280094146729e-02,-1.985442936420440674e-01,7.996495366096496582e-01,-2.572216838598251343e-02,3.751218691468238831e-02,3.432056903839111328e-01,9.381583333015441895e-01,-1.562192589044570923e-01,2.466408163309097290e-02,-2.285933941602706909e-01,8.219588547945022583e-03,1.343496423214673996e-02,-1.963050663471221924e-01,1.616451442241668701e-01,-1.707984358072280884e-01,-5.030226111412048340e-01,1.792828738689422607e-01,8.844109252095222473e-03,-2.598841860890388489e-02,3.109816014766693115e-01,1.709006428718566895e-01,1.592267751693725586e-01,-1.087718963623046875e+00,3.936709463596343994e-01,-9.823788404464721680e-01,5.953900218009948730e-01,3.912611901760101318e-01,-1.177201047539710999e-01,2.178480625152587891e-01,0.000000000000000000e+00,0.000000000000000000e+00,0.000000000000000000e+00,0.000000000000000000e+00,0.000000000000000000e+00,0.000000000000000000e+00,0.000000000000000000e+00,-1.598297476768493652e+00,-7.618848681449890137e-01,5.510888695716857910e-01,9.473375082015991211e-01,3.266821205615997314e-01,-1.358002275228500366e-01,-4.956045746803283691e-01,0.000000000000000000e+00,0.000000000000000000e+00,0.000000000000000000e+00,0.000000000000000000e+00,0.000000000000000000e+00,0.000000000000000000e+00,0.000000000000000000e+00
7.053206115961074829e-02,-2.015047520399093628e-01,7.994512915611267090e-01,-2.530919574201107025e-02,3.815815225243568420e-02,3.434487581253051758e-01,9.380545616149902344e-01,-1.598138362169265747e-01,2.943569049239158630e-02,-2.232900857925415039e-01,1.369794271886348724e-02,1.156218070536851883e-02,-2.006211727857589722e-01,1.616657078266143799e-01,-1.652649194002151489e-01,-5.018942952156066895e-01,1.781689226627349854e-01,6.022214656695723534e-04,-3.121117502450942993e-02,3.063642084598541260e-01,1.680234223604202271e-01,1.659245342016220093e-01,-1.068928718566894531e+00,4.006167650222778320e-01,-9.692520499229431152e-01,6.307821273803710938e-01,3.898064792156219482e-01,-1.157044321298599243e-01,2.123337835073471069e-01,0.000000000000000000e+00,0.000000000000000000e+00,0.000000000000000000e+00,0.000000000000000000e+00,0.000000000000000000e+00,0.000000000000000000e+00,0.000000000000000000e+00,-1.570893287658691406e+00,-7.393888235092163086e-01,5.557429790496826172e-01,9.714902043342590332e-01,3.182521760463714600e-01,-1.278176754713058472e-01,-4.760003685951232910e-01,0.000000000000000000e+00,0.000000000000000000e+00,0.000000000000000000e+00,0.000000000000000000e+00,0.000000000000000000e+00,0.000000000000000000e+00,0.000000000000000000e+00
7.314520329236984253e-02,-2.046879529953002930e-01,7.990553379058837891e-01,-2.455923333764076233e-02,3.830736130475997925e-02,3.416926264762878418e-01,9.387094974517822266e-01,-1.635542064905166626e-01,3.544939309358596802e-02,-2.116850912570953369e-01,2.274903841316699982e-02,8.124168962240219116e-03,-2.063845843076705933e-01,1.635140031576156616e-01,-1.604064702987670898e-01,-5.046612024307250977e-01,1.746008098125457764e-01,-1.110634766519069672e-02,-3.299386426806449890e-02,3.027582764625549316e-01,1.625910550355911255e-01,1.734610646963119507e-01,-1.043480753898620605e+00,4.075833857059478760e-01,-9.500153660774230957e-01,6.755701899528503418e-01,3.887963294982910156e-01,-1.130913421511650085e-01,2.097196280956268311e-01,0.000000000000000000e+00,0.000000000000000000e+00,0.000000000000000000e+00,0.000000000000000000e+00,0.000000000000000000e+00,0.000000000000000000e+00,0.000000000000000000e+00,-1.537015795707702637e+00,-7.101032137870788574e-01,5.634061694145202637e-01,1.009679913520812988e+00,3.044351041316986084e-01,-1.150460392236709595e-01,-4.479034841060638428e-01,0.000000000000000000e+00,0.000000000000000000e+00,0.000000000000000000e+00,0.000000000000000000e+00,0.000000000000000000e+00,0.000000000000000000e+00,0.000000000000000000e+00
7.564277946949005127e-02,-2.078686505556106567e-01,7.988032698631286621e-01,-2.419153042137622833e-02,3.704153746366500854e-02,3.384838998317718506e-01,9.399315714836120605e-01,-1.666840910911560059e-01,4.389913380146026611e-02,-1.982659101486206055e-01,3.702425584197044373e-02,2.016045153141021729e-03,-2.048161625862121582e-01,1.649205535650253296e-01,-1.534970849752426147e-01,-4.981751143932342529e-01,1.733802258968353271e-01,-1.954818889498710632e-02,-3.927792236208915710e-02,2.953475713729858398e-01,1.548434048891067505e-01,1.830128431320190430e-01,-1.006485104560852051e+00,4.161653518676757812e-01,-9.203795194625854492e-01,7.342327833175659180e-01,3.921393752098083496e-01,-1.067495048046112061e-01,2.027268260717391968e-01,0.000000000000000000e+00,0.000000000000000000e+00,0.000000000000000000e+00,0.000000000000000000e+00,0.000000000000000000e+00,0.000000000000000000e+00,0.000000000000000000e+00,-1.489225506782531738e+00,-6.757847070693969727e-01,5.682691931724548340e-01,1.042273521423339844e+00,2.816146612167358398e-01,-1.027904152870178223e-01,-4.164687097072601318e-01,0.000000000000000000e+00,0.000000000000000000e+00,0.000000000000000000e+00,0.000000000000000000e+00,0.000000000000000000e+00,0.000000000000000000e+00,0.000000000000000000e+00
7.775630056858062744e-02,-2.110092341899871826e-01,7.978801131248474121e-01,-2.272313460707664490e-02,3.672087565064430237e-02,3.356740772724151611e-01,9.409878849983215332e-01,-1.739736050367355347e-01,4.834848269820213318e-02,-1.864405274391174316e-01,5.616642907261848450e-02,-6.301314570009708405e-03,-2.041026055812835693e-01,1.689276695251464844e-01,-1.477575302124023438e-01,-4.906026422977447510e-01,1.648491173982620239e-01,-3.906931728124618530e-02,-4.397874325513839722e-02,2.899585664272308350e-01,1.488997638225555420e-01,1.933369189500808716e-01,-9.543619751930236816e-01,4.193059802055358887e-01,-8.890159130096435547e-01,7.982199788093566895e-01,3.969317674636840820e-01,-1.032275334000587463e-01,1.983318924903869629e-01,0.000000000000000000e+00,0.000000000000000000e+00,0.000000000000000000e+00,0.000000000000000000e+00,0.000000000000000000e+00,0.000000000000000000e+00,0.000000000000000000e+00,-1.424481749534606934e+00,-6.429566740989685059e-01,5.762993097305297852e-01,1.075473904609680176e+00,2.514717280864715576e-01,-9.203549474477767944e-02,-3.795295357704162598e-01,0.000000000000000000e+00,0.000000000000000000e+00,0.000000000000000000e+00,0.000000000000000000e+00,0.000000000000000000e+00,0.000000000000000000e+00,0.000000000000000000e+00
7.945374399423599243e-02,-2.134062796831130981e-01,7.974120378494262695e-01,-2.079439535737037659e-02,3.564244508743286133e-02,3.327747881412506104e-01,9.421030282974243164e-01,-1.823893934488296509e-01,5.257209762930870056e-02,-1.688354313373565674e-01,8.097381144762039185e-02,-8.456399664282798767e-03,-2.052554041147232056e-01,1.776016652584075928e-01,-1.428929418325424194e-01,-4.878911972045898438e-01,1.512036770582199097e-01,-5.373101308941841125e-02,-5.207847803831100464e-02,2.856930792331695557e-01,1.417391896247863770e-01,2.016557604074478149e-01,-8.956561088562011719e-01,4.228758811950683594e-01,-8.629017472267150879e-01,8.735604286193847656e-01,4.107077717781066895e-01,-9.873143583536148071e-02,1.783120930194854736e-01,0.000000000000000000e+00,0.000000000000000000e+00,0.000000000000000000e+00,0.000000000000000000e+00,0.000000000000000000e+00,0.000000000000000000e+00,0.000000000000000000e+00,-1.349059700965881348e+00,-6.122537851333618164e-01,5.950027704238891602e-01,1.107993960380554199e+00,1.918070316314697266e-01,-8.113615214824676514e-02,-3.358860313892364502e-01,0.000000000000000000e+00,0.000000000000000000e+00,0.000000000000000000e+00,0.000000000000000000e+00,0.000000000000000000e+00,0.000000000000000000e+00,0.000000000000000000e+00
8.079720288515090942e-02,-2.146726250648498535e-01,7.976707816123962402e-01,-1.803880929946899414e-02,3.291502222418785095e-02,3.308406174182891846e-01,9.429399371147155762e-01,-1.911553293466567993e-01,5.891512334346771240e-02,-1.395690143108367920e-01,1.122039183974266052e-01,-4.206515848636627197e-03,-1.913391649723052979e-01,1.881126016378402710e-01,-1.419150233268737793e-01,-4.857534468173980713e-01,1.432010531425476074e-01,-5.907932668924331665e-02,-6.110479682683944702e-02,2.832441627979278564e-01,1.303391605615615845e-01,2.112009376287460327e-01,-8.246028423309326172e-01,4.242294132709503174e-01,-8.303741812705993652e-01,9.645720720291137695e-01,4.117901921272277832e-01,-9.411725401878356934e-02,1.510346680879592896e-01,0.000000000000000000e+00,0.000000000000000000e+00,0.000000000000000000e+00,0.000000000000000000e+00,0.000000000000000000e+00,0.000000000000000000e+00,0.000000000000000000e+00,-1.259015917778015137e+00,-5.735659003257751465e-01,6.172074675559997559e-01,1.142365932464599609e+00,1.276541352272033691e-01,-7.101855427026748657e-02,-2.798884510993957520e-01,0.000000000000000000e+00,0.000000000000000000e+00,0.000000000000000000e+00,0.000000000000000000e+00,0.000000000000000000e+00,0.000000000000000000e+00,0.000000000000000000e+00
8.155546337366104126e-02,-2.145774960517883301e-01,7.975996732711791992e-01,-1.543256174772977829e-02,3.336808457970619202e-02,3.315709233283996582e-01,9.427137374877929688e-01,-2.103122919797897339e-01,7.241134345531463623e-02,-7.975023239850997925e-02,1.421005576848983765e-01,-8.588251075707376003e-04,-1.614264696836471558e-01,1.952281147241592407e-01,-1.443870365619659424e-01,-4.878163635730743408e-01,1.318392306566238403e-01,-6.769453734159469604e-02,-6.438091397285461426e-02,2.739295959472656250e-01,1.164964810013771057e-01,2.188824862241744995e-01,-7.380980849266052246e-01,4.293460547924041748e-01,-7.912895679473876953e-01,1.051393032073974609e+00,4.275831580162048340e-01,-1.003817096352577209e-01,1.262047588825225830e-01,0.000000000000000000e+00,0.000000000000000000e+00,0.000000000000000000e+00,0.000000000000000000e+00,0.000000000000000000e+00,0.000000000000000000e+00,0.000000000000000000e+00,-1.147780895233154297e+00,-5.353410243988037109e-01,6.414444446563720703e-01,1.158986926078796387e+00,3.860862180590629578e-02,-6.700592488050460815e-02,-2.298640906810760498e-01,0.000000000000000000e+00,0.000000000000000000e+00,0.000000000000000000e+00,0.000000000000000000e+00,0.000000000000000000e+00,0.000000000000000000e+00,0.000000000000000000e+00
8.249937742948532104e-02,-2.131606936454772949e-01,7.977775335311889648e-01,-1.309617981314659119e-02,3.602975234389305115e-02,3.358791470527648926e-01,9.411246180534362793e-01,-2.406998872756958008e-01,9.721726179122924805e-02,1.230755355209112167e-02,1.785791218280792236e-01,-9.571167640388011932e-03,-1.016513407230377197e-01,1.990035176277160645e-01,-1.485773324966430664e-01,-4.880238771438598633e-01,1.203469634056091309e-01,-6.955923885107040405e-02,-6.180812045931816101e-02,2.625548541545867920e-01,8.958437293767929077e-02,2.228287607431411743e-01,-6.501692533493041992e-01,4.308464527130126953e-01,-7.452737689018249512e-01,1.145364284515380859e+00,4.381450116634368896e-01,-1.078121140599250793e-01,1.099663451313972473e-01,0.000000000000000000e+00,0.000000000000000000e+00,0.000000000000000000e+00,0.000000000000000000e+00,0.000000000000000000e+00,0.000000000000000000e+00,0.000000000000000000e+00,-1.013513326644897461e+00,-5.102186203002929688e-01,6.754818558692932129e-01,1.155052661895751953e+00,-5.561822652816772461e-02,-7.279509305953979492e-02,-1.886766999959945679e-01,0.000000000000000000e+00,0.000000000000000000e+00,0.000000000000000000e+00,0.000000000000000000e+00,0.000000000000000000e+00,0.000000000000000000e+00,0.000000000000000000e+00
8.262761682271957397e-02,-2.096901088953018188e-01,7.969624996185302734e-01,-1.208635512739419937e-02,4.306338354945182800e-02,3.383892178535461426e-01,9.399426579475402832e-01,-2.787839174270629883e-01,1.175259053707122803e-01,9.350900352001190186e-02,2.168409377336502075e-01,-3.389903157949447632e-02,-5.132485553622245789e-02,1.888062357902526855e-01,-1.594818383455276489e-01,-4.881917834281921387e-01,1.195535808801651001e-01,-8.488098531961441040e-02,-5.684640631079673767e-02,2.526452541351318359e-01,6.456563621759414673e-02,2.251371294260025024e-01,-5.518181324005126953e-01,4.296735823154449463e-01,-7.011865973472595215e-01,1.233593225479125977e+00,4.528082311153411865e-01,-1.240510940551757812e-01,8.283037692308425903e-02,0.000000000000000000e+00,0.000000000000000000e+00,0.000000000000000000e+00,0.000000000000000000e+00,0.000000000000000000e+00,0.000000000000000000e+00,0.000000000000000000e+00,-8.551689982414245605e-01,-4.862387478351593018e-01,6.914304494857788086e-01,1.152594447135925293e+00,-1.343455016613006592e-01,-9.061264991760253906e-02,-1.432654708623886108e-01,0.000000000000000000e+00,0.000000000000000000e+00,0.000000000000000000e+00,0.000000000000000000e+00,0.000000000000000000e+00,0.000000000000000000e+00,0.000000000000000000e+00
8.197513222694396973e-02,-2.036360353231430054e-01,7.969508171081542969e-01,-1.435675285756587982e-02,4.445524141192436218e-02,3.430717885494232178e-01,9.381467700004577637e-01,-2.910321354866027832e-01,1.298886388540267944e-01,1.418138295412063599e-01,2.271082252264022827e-01,-6.434905529022216797e-02,-1.540354918688535690e-02,1.840783208608627319e-01,-1.664620935916900635e-01,-4.963555335998535156e-01,1.316746622323989868e-01,-7.468565553426742554e-02,-5.363014712929725647e-02,2.343221604824066162e-01,4.418777674436569214e-02,2.290408164262771606e-01,-4.573274850845336914e-01,4.319901168346405029e-01,-6.514893770217895508e-01,1.309517145156860352e+00,4.573164582252502441e-01,-1.259929686784744263e-01,5.676978081464767456e-02,0.000000000000000000e+00,0.000000000000000000e+00,0.000000000000000000e+00,0.000000000000000000e+00,0.000000000000000000e+00,0.000000000000000000e+00,0.000000000000000000e+00,-6.916313171386718750e-01,-4.547201991081237793e-01,6.919034719467163086e-01,1.154899954795837402e+00,-1.792150437831878662e-01,-1.023225113749504089e-01,-1.020825728774070740e-01,0.000000000000000000e+00,0.000000000000000000e+00,0.000000000000000000e+00,0.000000000000000000e+00,0.000000000000000000e+00,0.000000000000000000e+00,0.000000000000000000e+00
8.130699396133422852e-02,-1.957281678915023804e-01,7.953987121582031250e-01,-1.694022305309772491e-02,4.522684589028358459e-02,3.432323038578033447e-01,9.380080699920654297e-01,-2.937541902065277100e-01,1.335046291351318359e-01,1.684365123510360718e-01,2.372502386569976807e-01,-1.045060455799102783e-01,4.463635385036468506e-03,1.853649467229843140e-01,-1.738424748182296753e-01,-5.110574364662170410e-01,1.349635869264602661e-01,-7.501848042011260986e-02,-4.599850624799728394e-02,2.267257124185562134e-01,2.990202046930789948e-02,2.211134135723114014e-01,-3.463447093963623047e-01,4.305018186569213867e-01,-5.896674394607543945e-01,1.380340576171875000e+00,4.654624462127685547e-01,-1.248961240053176880e-01,3.591417521238327026e-02,0.000000000000000000e+00,0.000000000000000000e+00,0.000000000000000000e+00,0.000000000000000000e+00,0.000000000000000000e+00,0.000000000000000000e+00,0.000000000000000000e+00,-5.191586017608642578e-01,-4.246013164520263672e-01,6.649000644683837891e-01,1.198587656021118164e+00,-2.268867194652557373e-01,-1.075447350740432739e-01,-8.741855621337890625e-02,0.000000000000000000e+00,0.000000000000000000e+00,0.000000000000000000e+00,0.000000000000000000e+00,0.000000000000000000e+00,0.000000000000000000e+00,0.000000000000000000e+00
8.089350908994674683e-02,-1.860458999872207642e-01,7.951056957244873047e-01,-2.046339772641658783e-02,4.778252542018890381e-02,3.430470228195190430e-01,9.378789067268371582e-01,-2.929905951023101807e-01,1.297374516725540161e-01,1.789100766181945801e-01,2.389518022537231445e-01,-1.285065263509750366e-01,1.696985960006713867e-02,1.813885420560836792e-01,-1.832632124423980713e-01,-5.189700126647949219e-01,1.328728795051574707e-01,-4.600325599312782288e-02,-4.029414802789688110e-02,2.174488157033920288e-01,1.916802488267421722e-02,2.057486772537231445e-01,-2.296472340822219849e-01,4.190060496330261230e-01,-5.214228034019470215e-01,1.443733811378479004e+00,4.759420454502105713e-01,-1.258933693170547485e-01,2.151875570416450500e-02,0.000000000000000000e+00,0.000000000000000000e+00,0.000000000000000000e+00,0.000000000000000000e+00,0.000000000000000000e+00,0.000000000000000000e+00,0.000000000000000000e+00,-3.602952659130096436e-01,-3.910281658172607422e-01,6.111991405487060547e-01,1.262308239936828613e+00,-2.441923767328262329e-01,-1.119359582662582397e-01,-8.054616302251815796e-02,0.000000000000000000e+00,0.000000000000000000e+00,0.000000000000000000e+00,0.000000000000000000e+00,0.000000000000000000e+00,0.000000000000000000e+00,0.000000000000000000e+00
8.143546432256698608e-02,-1.750886589288711548e-01,7.968453764915466309e-01,-2.301144599914550781e-02,5.123604461550712585e-02,3.436396121978759766e-01,9.374204874038696289e-01,-2.815924286842346191e-01,1.171787977218627930e-01,1.781953573226928711e-01,2.218353599309921265e-01,-1.384748965501785278e-01,2.740528807044029236e-02,1.644763201475143433e-01,-1.979118585586547852e-01,-4.883047640323638916e-01,1.429363042116165161e-01,1.944160088896751404e-02,-2.270813100039958954e-02,2.063702046871185303e-01,1.234349887818098068e-02,1.905710846185684204e-01,-1.251205950975418091e-01,4.071151912212371826e-01,-4.596900343894958496e-01,1.493615865707397461e+00,4.641262888908386230e-01,-1.193475648760795593e-01,3.223031759262084961e-03,0.000000000000000000e+00,0.000000000000000000e+00,0.000000000000000000e+00,0.000000000000000000e+00,0.000000000000000000e+00,0.000000000000000000e+00,0.000000000000000000e+00,-2.286187112331390381e-01,-3.735086619853973389e-01,5.413805246353149414e-01,1.341338038444519043e+00,-2.273689359426498413e-01,-1.080563887953758240e-01,-6.907167285680770874e-02,0.000000000000000000e+00,0.000000000000000000e+00,0.000000000000000000e+00,0.000000000000000000e+00,0.000000000000000000e+00,0.000000000000000000e+00,0.000000000000000000e+00
8.346755057573318481e-02,-1.640578061342239380e-01,8.002359867095947266e-01,-2.444096840918064117e-02,5.282633379101753235e-02,3.533249199390411377e-01,9.336881041526794434e-01,-2.635626494884490967e-01,9.742388874292373657e-02,1.644814312458038330e-01,1.955361962318420410e-01,-1.300676167011260986e-01,3.034216724336147308e-02,1.431830078363418579e-01,-2.019471824169158936e-01,-4.135845899581909180e-01,1.706210523843765259e-01,9.106844663619995117e-02,-2.737345872446894646e-03,1.922682076692581177e-01,1.479546446353197098e-02,1.676996201276779175e-01,-2.291099540889263153e-02,3.894748687744140625e-01,-4.039174616336822510e-01,1.524454355239868164e+00,4.337172508239746094e-01,-1.110206618905067444e-01,-1.097324956208467484e-02,0.000000000000000000e+00,0.000000000000000000e+00,0.000000000000000000e+00,0.000000000000000000e+00,0.000000000000000000e+00,0.000000000000000000e+00,0.000000000000000000e+00,-1.142955645918846130e-01,-3.573462665081024170e-01,4.715025126934051514e-01,1.414864897727966309e+00,-2.040315717458724976e-01,-9.365120530128479004e-02,-5.831835791468620300e-02,0.000000000000000000e+00,0.000000000000000000e+00,0.000000000000000000e+00,0.000000000000000000e+00,0.000000000000000000e+00,0.000000000000000000e+00,0.000000000000000000e+00
8.744364231824874878e-02,-1.545641124248504639e-01,8.019052147865295410e-01,-2.446698769927024841e-02,5.427712574601173401e-02,3.656210601329803467e-01,9.288576841354370117e-01,-2.428141385316848755e-01,7.757385075092315674e-02,1.494677215814590454e-01,1.674218326807022095e-01,-1.301651895046234131e-01,2.972131967544555664e-02,1.121806800365447998e-01,-1.884035617113113403e-01,-3.177047371864318848e-01,1.967354863882064819e-01,7.010987401008605957e-02,2.960914745926856995e-02,1.697751432657241821e-01,1.875827461481094360e-02,1.464912742376327515e-01,7.345569878816604614e-02,3.737521767616271973e-01,-3.675544857978820801e-01,1.543172478675842285e+00,4.197346866130828857e-01,-1.095408573746681213e-01,-3.448662534356117249e-02,0.000000000000000000e+00,0.000000000000000000e+00,0.000000000000000000e+00,0.000000000000000000e+00,0.000000000000000000e+00,0.000000000000000000e+00,0.000000000000000000e+00,-1.799711771309375763e-02,-3.509449660778045654e-01,4.128336310386657715e-01,1.460232257843017578e+00,-1.883883327245712280e-01,-8.267738670110702515e-02,-3.629137948155403137e-02,0.000000000000000000e+00,0.000000000000000000e+00,0.000000000000000000e+00,0.000000000000000000e+00,0.000000000000000000e+00,0.000000000000000000e+00,0.000000000000000000e+00
9.198733419179916382e-02,-1.455349475145339966e-01,8.033945560455322266e-01,-2.419122122228145599e-02,4.916281625628471375e-02,3.775087594985961914e-01,9.243835210800170898e-01,-2.057589292526245117e-01,6.444543600082397461e-02,1.301172375679016113e-01,1.361198425292968750e-01,-1.358404755592346191e-01,2.603648044168949127e-02,7.257837057113647461e-02,-1.596388965845108032e-01,-2.096671015024185181e-01,2.447994351387023926e-01,-3.302260115742683411e-02,4.170754924416542053e-02,1.434793770313262939e-01,3.174503892660140991e-02,1.326226294040679932e-01,1.509547382593154907e-01,3.600380718708038330e-01,-3.394246995449066162e-01,1.553297996520996094e+00,4.385582506656646729e-01,-1.082943007349967957e-01,-4.347069934010505676e-02,0.000000000000000000e+00,0.000000000000000000e+00,0.000000000000000000e+00,0.000000000000000000e+00,0.000000000000000000e+00,0.000000000000000000e+00,0.000000000000000000e+00,3.436891734600067139e-02,-3.301176130771636963e-01,3.776329755783081055e-01,1.486726164817810059e+00,-1.937043070793151855e-01,-7.526547461748123169e-02,-3.130694478750228882e-02,0.000000000000000000e+00,0.000000000000000000e+00,0.000000000000000000e+00,0.000000000000000000e+00,0.000000000000000000e+00,0.000000000000000000e+00,0.000000000000000000e+00
9.485527127981185913e-02,-1.372442692518234253e-01,8.050469756126403809e-01,-2.650795876979827881e-02,4.202063009142875671e-02,3.856694996356964111e-01,9.212983250617980957e-01,-1.728712618350982666e-01,6.262011080980300903e-02,1.172056272625923157e-01,1.149965673685073853e-01,-1.452077925205230713e-01,2.157228067517280579e-02,4.235134273767471313e-02,-1.510671824216842651e-01,-1.805347502231597900e-01,3.104621767997741699e-01,-7.472813129425048828e-02,3.879510238766670227e-02,1.225721538066864014e-01,4.960924014449119568e-02,1.285021305084228516e-01,2.000425904989242554e-01,3.504286706447601318e-01,-3.246328830718994141e-01,1.552957534790039062e+00,4.476421773433685303e-01,-1.107743829488754272e-01,-5.322421342134475708e-02,0.000000000000000000e+00,0.000000000000000000e+00,0.000000000000000000e+00,0.000000000000000000e+00,0.000000000000000000e+00,0.000000000000000000e+00,0.000000000000000000e+00,7.289621233940124512e-02,-3.292738199234008789e-01,3.510774970054626465e-01,1.506838679313659668e+00,-2.152337878942489624e-01,-6.565460562705993652e-02,-2.782690152525901794e-02,0.000000000000000000e+00,0.000000000000000000e+00,0.000000000000000000e+00,0.000000000000000000e+00,0.000000000000000000e+00,0.000000000000000000e+00,0.000000000000000000e+00
9.691473096609115601e-02,-1.305006891489028931e-01,8.069963455200195312e-01,-2.940693683922290802e-02,3.512822836637496948e-02,3.929702341556549072e-01,9.184092879295349121e-01,-1.463357210159301758e-01,6.529521942138671875e-02,1.120139509439468384e-01,1.002218574285507202e-01,-1.490277200937271118e-01,1.379344239830970764e-02,1.789609342813491821e-02,-1.535423249006271362e-01,-1.842660307884216309e-01,3.811443448066711426e-01,-7.660877704620361328e-02,2.956335805356502533e-02,1.057880297303199768e-01,6.898114830255508423e-02,1.255798637866973877e-01,2.181659340858459473e-01,3.468540310859680176e-01,-3.150840401649475098e-01,1.544845104217529297e+00,4.405445754528045654e-01,-1.139670610427856445e-01,-5.469126254320144653e-02,0.000000000000000000e+00,0.000000000000000000e+00,0.000000000000000000e+00,0.000000000000000000e+00,0.000000000000000000e+00,0.000000000000000000e+00,0.000000000000000000e+00,9.263538569211959839e-02,-3.326704502105712891e-01,3.257240951061248779e-01,1.525401234626770020e+00,-2.302401065826416016e-01,-5.348842963576316833e-02,-3.279622271656990051e-02,0.000000000000000000e+00,0.000000000000000000e+00,0.000000000000000000e+00,0.000000000000000000e+00,0.000000000000000000e+00,0.000000000000000000e+00,0.000000000000000000e+00
9.860043227672576904e-02,-1.252984553575515747e-01,8.084509968757629395e-01,-3.194670751690864563e-02,2.729006670415401459e-02,3.961513042449951172e-01,9.172233939170837402e-01,-1.184790879487991333e-01,7.224582135677337646e-02,1.149622052907943726e-01,8.800591528415679932e-02,-1.586886942386627197e-01,1.440960448235273361e-02,2.942770952358841896e-03,-1.569076180458068848e-01,-2.032231539487838745e-01,4.234771430492401123e-01,-7.043780386447906494e-02,2.157199010252952576e-02,9.175367653369903564e-02,8.602214604616165161e-02,1.187989041209220886e-01,2.154998183250427246e-01,3.443691134452819824e-01,-3.113487362861633301e-01,1.539676904678344727e+00,4.305890798568725586e-01,-1.169632747769355774e-01,-4.592829942703247070e-02,0.000000000000000000e+00,0.000000000000000000e+00,0.000000000000000000e+00,0.000000000000000000e+00,0.000000000000000000e+00,0.000000000000000000e+00,0.000000000000000000e+00,9.526091814041137695e-02,-3.336868286132812500e-01,3.112359642982482910e-01,1.535814762115478516e+00,-2.413012087345123291e-01,-4.696609452366828918e-02,-4.869577288627624512e-02,0.000000000000000000e+00,0.000000000000000000e+00,0.000000000000000000e+00,0.000000000000000000e+00,0.000000000000000000e+00,0.000000000000000000e+00,0.000000000000000000e+00
