-7.747429888695478439e-03,-1.889307051897048950e-02,7.814738750457763672e-01,1.867027394473552704e-02,4.424474760890007019e-02,8.455691933631896973e-01,5.317015051841735840e-01,-5.433696508407592773e-02,8.355193585157394409e-02,5.116655230522155762e-01,6.955952048301696777e-01,-2.433940023183822632e-01,-1.057815365493297577e-02,-2.312735021114349365e-01,-2.058719247579574585e-01,-3.827055990695953369e-01,3.583967089653015137e-01,-1.996045857667922974e-01,3.492266871035099030e-03,-2.298263758420944214e-01,-2.955311536788940430e-02,2.452175170183181763e-01,-4.512653648853302002e-01,4.314778447151184082e-01,-5.391526222229003906e-01,9.802716374397277832e-01,2.062743008136749268e-01,-1.449681967496871948e-01,1.576970815658569336e-01,0.000000000000000000e+00,0.000000000000000000e+00,0.000000000000000000e+00,0.000000000000000000e+00,0.000000000000000000e+00,0.000000000000000000e+00,0.000000000000000000e+00,-1.223216801881790161e-01,-5.670382380485534668e-01,4.388106763362884521e-01,9.900363087654113770e-01,-2.323163598775863647e-01,-6.683036684989929199e-02,-2.330079227685928345e-01,0.000000000000000000e+00,0.000000000000000000e+00,0.000000000000000000e+00,0.000000000000000000e+00,0.000000000000000000e+00,0.000000000000000000e+00,0.000000000000000000e+00
-1.341095753014087677e-02,-1.937061548233032227e-02,7.814565896987915039e-01,1.488486118614673615e-02,4.341665655374526978e-02,8.440740704536437988e-01,5.342587232589721680e-01,-1.236246377229690552e-01,1.332723498344421387e-01,5.002091526985168457e-01,7.944238781929016113e-01,-2.584697306156158447e-01,-1.189536228775978088e-02,-2.390408813953399658e-01,-2.057479172945022583e-01,-3.744926452636718750e-01,3.634898066520690918e-01,-2.030613124370574951e-01,-2.482088049873709679e-03,-2.280244082212448120e-01,-3.437223145738244057e-03,2.528363764286041260e-01,-5.164713859558105469e-01,3.835617899894714355e-01,-5.609315633773803711e-01,1.030362844467163086e+00,1.973716169595718384e-01,-2.039726078510284424e-01,1.780989766120910645e-01,0.000000000000000000e+00,0.000000000000000000e+00,0.000000000000000000e+00,0.000000000000000000e+00,0.000000000000000000e+00,0.000000000000000000e+00,0.000000000000000000e+00,-1.910595893859863281e-01,-5.617001652717590332e-01,4.584056735038757324e-01,1.050085425376892090e+00,-2.388474047183990479e-01,-1.148614510893821716e-01,-2.504953145980834961e-01,0.000000000000000000e+00,0.000000000000000000e+00,0.000000000000000000e+00,0.000000000000000000e+00,0.000000000000000000e+00,0.000000000000000000e+00,0.000000000000000000e+00
-2.048069238662719727e-02,-1.916887611150741577e-02,7.821454405784606934e-01,1.886167004704475403e-02,4.245397448539733887e-02,8.402936458587646484e-01,5.401374697685241699e-01,-1.502945274114608765e-01,1.635166555643081665e-01,4.840990900993347168e-01,8.515441417694091797e-01,-2.600182294845581055e-01,-1.043056789785623550e-02,-2.335679382085800171e-01,-2.099593877792358398e-01,-3.447851836681365967e-01,3.665892779827117920e-01,-2.004412859678268433e-01,-7.746673654764890671e-03,-2.220321893692016602e-01,3.884232603013515472e-03,2.551927268505096436e-01,-5.329352617263793945e-01,3.632597327232360840e-01,-5.817254781723022461e-01,9.958481788635253906e-01,1.916741877794265747e-01,-2.116550952196121216e-01,1.808853298425674438e-01,0.000000000000000000e+00,0.000000000000000000e+00,0.000000000000000000e+00,0.000000000000000000e+00,0.000000000000000000e+00,0.000000000000000000e+00,0.000000000000000000e+00,-2.157658934593200684e-01,-5.610665082931518555e-01,4.798473119735717773e-01,1.043367624282836914e+00,-2.462626844644546509e-01,-1.178542599081993103e-01,-2.474641054868698120e-01,0.000000000000000000e+00,0.000000000000000000e+00,0.000000000000000000e+00,0.000000000000000000e+00,0.000000000000000000e+00,0.000000000000000000e+00,0.000000000000000000e+00
-2.865632064640522003e-02,-1.895475015044212341e-02,7.828612327575683594e-01,2.147506922483444214e-02,4.318999126553535461e-02,8.327906727790832520e-01,5.514826178550720215e-01,-1.714681386947631836e-01,1.857554912567138672e-01,4.534386694431304932e-01,8.732374906539916992e-01,-2.710149288177490234e-01,-8.391796611249446869e-03,-2.319959551095962524e-01,-2.129536122083663940e-01,-3.129281997680664062e-01,3.624972701072692871e-01,-1.967416703701019287e-01,-1.951180864125490189e-03,-2.134589403867721558e-01,1.155483629554510117e-02,2.551999688148498535e-01,-5.511853694915771484e-01,3.524167537689208984e-01,-6.004587411880493164e-01,9.591355323791503906e-01,1.857575327157974243e-01,-2.119901180267333984e-01,1.856485456228256226e-01,0.000000000000000000e+00,0.000000000000000000e+00,0.000000000000000000e+00,0.000000000000000000e+00,0.000000000000000000e+00,0.000000000000000000e+00,0.000000000000000000e+00,-2.501869201660156250e-01,-5.606732964515686035e-01,5.077168941497802734e-01,1.018664836883544922e+00,-2.566717565059661865e-01,-1.161594092845916748e-01,-2.406542599201202393e-01,0.000000000000000000e+00,0.000000000000000000e+00,0.000000000000000000e+00,0.000000000000000000e+00,0.000000000000000000e+00,0.000000000000000000e+00,0.000000000000000000e+00
-3.782339021563529968e-02,-1.855072565376758575e-02,7.837508320808410645e-01,2.361722104251384735e-02,4.380332306027412415e-02,8.231843709945678711e-01,5.655890703201293945e-01,-1.819623112678527832e-01,2.028453201055526733e-01,4.131295680999755859e-01,8.687330484390258789e-01,-2.828035354614257812e-01,-3.896702546626329422e-03,-2.320705950260162354e-01,-2.134322226047515869e-01,-2.740933597087860107e-01,3.563007712364196777e-01,-1.880981326103210449e-01,9.717088192701339722e-03,-2.064490616321563721e-01,1.464803796261548996e-02,2.541568279266357422e-01,-5.730304121971130371e-01,3.501695990562438965e-01,-6.166023612022399902e-01,9.182987809181213379e-01,1.823410987854003906e-01,-2.077255100011825562e-01,1.973122805356979370e-01,0.000000000000000000e+00,0.000000000000000000e+00,0.000000000000000000e+00,0.000000000000000000e+00,0.000000000000000000e+00,0.000000000000000000e+00,0.000000000000000000e+00,-2.874789535999298096e-01,-5.579434037208557129e-01,5.398024320602416992e-01,9.888184666633605957e-01,-2.690228521823883057e-01,-1.101388111710548401e-01,-2.352163195610046387e-01,0.000000000000000000e+00,0.000000000000000000e+00,0.000000000000000000e+00,0.000000000000000000e+00,0.000000000000000000e+00,0.000000000000000000e+00,0.000000000000000000e+00
-4.765828326344490051e-02,-1.793762855231761932e-02,7.844482660293579102e-01,2.541041187942028046e-02,4.541935026645660400e-02,8.129594326019287109e-01,5.799900293350219727e-01,-1.817234754562377930e-01,2.177463471889495850e-01,3.733605146408081055e-01,8.390730619430541992e-01,-2.921188771724700928e-01,-1.762489089742302895e-03,-2.349508255720138550e-01,-2.169883549213409424e-01,-2.367349863052368164e-01,3.513014912605285645e-01,-1.796176284551620483e-01,2.263206988573074341e-02,-2.004476040601730347e-01,1.803671382367610931e-02,2.495546340942382812e-01,-6.013602614402770996e-01,3.524173200130462646e-01,-6.251944899559020996e-01,8.774769306182861328e-01,1.755612194538116455e-01,-2.024900466203689575e-01,2.120716720819473267e-01,0.000000000000000000e+00,0.000000000000000000e+00,0.000000000000000000e+00,0.000000000000000000e+00,0.000000000000000000e+00,0.000000000000000000e+00,0.000000000000000000e+00,-3.235852420330047607e-01,-5.536704063415527344e-01,5.679694414138793945e-01,9.530161023139953613e-01,-2.761974334716796875e-01,-1.036266982555389404e-01,-2.272765338420867920e-01,0.000000000000000000e+00,0.000000000000000000e+00,0.000000000000000000e+00,0.000000000000000000e+00,0.000000000000000000e+00,0.000000000000000000e+00,0.000000000000000000e+00
-5.799406021833419800e-02,-1.709119230508804321e-02,7.847685813903808594e-01,2.631561271846294403e-02,4.578375816345214844e-02,8.018209934234619141e-01,5.952264070510864258e-01,-1.719042658805847168e-01,2.247095853090286255e-01,3.188722431659698486e-01,7.822420597076416016e-01,-2.955877780914306641e-01,-1.488813664764165878e-03,-2.376120090484619141e-01,-2.150516211986541748e-01,-1.922501325607299805e-01,3.439292907714843750e-01,-1.709728538990020752e-01,3.501737117767333984e-02,-1.948126405477523804e-01,2.105053886771202087e-02,2.432424426078796387e-01,-6.335462331771850586e-01,3.610314428806304932e-01,-6.305682659149169922e-01,8.397842049598693848e-01,1.689523756504058838e-01,-1.930309534072875977e-01,2.340768575668334961e-01,0.000000000000000000e+00,0.000000000000000000e+00,0.000000000000000000e+00,0.000000000000000000e+00,0.000000000000000000e+00,0.000000000000000000e+00,0.000000000000000000e+00,-3.587818443775177002e-01,-5.524560213088989258e-01,5.978753566741943359e-01,9.113362431526184082e-01,-2.807101011276245117e-01,-9.800086915493011475e-02,-2.205860912799835205e-01,0.000000000000000000e+00,0.000000000000000000e+00,0.000000000000000000e+00,0.000000000000000000e+00,0.000000000000000000e+00,0.000000000000000000e+00,0.000000000000000000e+00
-6.855049729347229004e-02,-1.614261232316493988e-02,7.844884991645812988e-01,2.687223069369792938e-02,4.578233882784843445e-02,7.900845408439636230e-01,6.106948852539062500e-01,-1.556990593671798706e-01,2.279508113861083984e-01,2.613724172115325928e-01,7.183105945587158203e-01,-2.935244739055633545e-01,-4.157020244747400284e-03,-2.426469922065734863e-01,-2.133704274892807007e-01,-1.507378667593002319e-01,3.406132757663726807e-01,-1.648429036140441895e-01,4.785314202308654785e-02,-1.876900643110275269e-01,2.510579489171504974e-02,2.388672232627868652e-01,-6.739882230758666992e-01,3.767267167568206787e-01,-6.339589357376098633e-01,7.971634268760681152e-01,1.579005122184753418e-01,-1.873159706592559814e-01,2.597219049930572510e-01,0.000000000000000000e+00,0.000000000000000000e+00,0.000000000000000000e+00,0.000000000000000000e+00,0.000000000000000000e+00,0.000000000000000000e+00,0.000000000000000000e+00,-3.988675773143768311e-01,-5.496627688407897949e-01,6.254512071609497070e-01,8.674865365028381348e-01,-2.812870740890502930e-01,-9.473618865013122559e-02,-2.238518297672271729e-01,0.000000000000000000e+00,0.000000000000000000e+00,0.000000000000000000e+00,0.000000000000000000e+00,0.000000000000000000e+00,0.000000000000000000e+00,0.000000000000000000e+00
-7.917493581771850586e-02,-1.531278435140848160e-02,7.838755846023559570e-01,2.588834427297115326e-02,4.671464860439300537e-02,7.770252823829650879e-01,6.271995306015014648e-01,-1.291541159152984619e-01,2.295016944408416748e-01,2.065078020095825195e-01,6.566169261932373047e-01,-2.842816710472106934e-01,-1.352322008460760117e-02,-2.497523427009582520e-01,-2.102369368076324463e-01,-1.105924397706985474e-01,3.313107192516326904e-01,-1.612407565116882324e-01,6.777099519968032837e-02,-1.824512332677841187e-01,2.600569836795330048e-02,2.328352183103561401e-01,-7.175458669662475586e-01,3.991262912750244141e-01,-6.268562078475952148e-01,7.600058913230895996e-01,1.378045380115509033e-01,-1.784080266952514648e-01,2.872892916202545166e-01,0.000000000000000000e+00,0.000000000000000000e+00,0.000000000000000000e+00,0.000000000000000000e+00,0.000000000000000000e+00,0.000000000000000000e+00,0.000000000000000000e+00,-4.376175999641418457e-01,-5.401313900947570801e-01,6.535800695419311523e-01,8.361060023307800293e-01,-2.850396335124969482e-01,-8.761465549468994141e-02,-2.213798016309738159e-01,0.000000000000000000e+00,0.000000000000000000e+00,0.000000000000000000e+00,0.000000000000000000e+00,0.000000000000000000e+00,0.000000000000000000e+00,0.000000000000000000e+00
-8.985545486211776733e-02,-1.481207460165023804e-02,7.835047841072082520e-01,2.371787652373313904e-02,4.774879291653633118e-02,7.651695013046264648e-01,6.416175961494445801e-01,-9.453339129686355591e-02,2.302362918853759766e-01,1.549051553010940552e-01,5.882662534713745117e-01,-2.709245681762695312e-01,-2.322386205196380615e-02,-2.575592696666717529e-01,-2.071269899606704712e-01,-7.286614924669265747e-02,3.197193145751953125e-01,-1.526261568069458008e-01,9.028036892414093018e-02,-1.791531741619110107e-01,2.786967530846595764e-02,2.266511023044586182e-01,-7.722664475440979004e-01,4.172599315643310547e-01,-6.251727938652038574e-01,7.423017024993896484e-01,1.075062379240989685e-01,-1.665728837251663208e-01,3.027618527412414551e-01,0.000000000000000000e+00,0.000000000000000000e+00,0.000000000000000000e+00,0.000000000000000000e+00,0.000000000000000000e+00,0.000000000000000000e+00,0.000000000000000000e+00,-4.717224538326263428e-01,-5.293809771537780762e-01,6.800143122673034668e-01,8.048493862152099609e-01,-2.745575904846191406e-01,-8.247936517000198364e-02,-2.161626964807510376e-01,0.000000000000000000e+00,0.000000000000000000e+00,0.000000000000000000e+00,0.000000000000000000e+00,0.000000000000000000e+00,0.000000000000000000e+00,0.000000000000000000e+00
-1.006173864006996155e-01,-1.502365432679653168e-02,7.823691368103027344e-01,2.253234386444091797e-02,4.638740420341491699e-02,7.540102005004882812e-01,6.548351645469665527e-01,-6.079792976379394531e-02,2.332334667444229126e-01,1.132005900144577026e-01,5.324435234069824219e-01,-2.624581158161163330e-01,-2.980464510619640350e-02,-2.640151083469390869e-01,-2.046383023262023926e-01,-4.380691424012184143e-02,3.148408234119415283e-01,-1.452724337577819824e-01,1.085608601570129395e-01,-1.737423688173294067e-01,2.997909486293792725e-02,2.235601246356964111e-01,-8.328000307083129883e-01,4.400883615016937256e-01,-6.189403533935546875e-01,7.260892391204833984e-01,7.166992127895355225e-02,-1.620526462793350220e-01,3.225249946117401123e-01,0.000000000000000000e+00,0.000000000000000000e+00,0.000000000000000000e+00,0.000000000000000000e+00,0.000000000000000000e+00,0.000000000000000000e+00,0.000000000000000000e+00,-5.021734237670898438e-01,-5.148571133613586426e-01,7.016821503639221191e-01,7.854974269866943359e-01,-2.598106861114501953e-01,-7.862222939729690552e-02,-2.169168293476104736e-01,0.000000000000000000e+00,0.000000000000000000e+00,0.000000000000000000e+00,0.000000000000000000e+00,0.000000000000000000e+00,0.000000000000000000e+00,0.000000000000000000e+00
-1.115453615784645081e-01,-1.620972901582717896e-02,7.810470461845397949e-01,1.985737122595310211e-02,4.438673704862594604e-02,7.451281547546386719e-01,6.651462912559509277e-01,-3.133735433220863342e-02,2.353211045265197754e-01,7.841912657022476196e-02,4.848124682903289795e-01,-2.505691051483154297e-01,-4.044330865144729614e-02,-2.706230282783508301e-01,-2.010985761880874634e-01,-1.741994172334671021e-02,3.077274560928344727e-01,-1.359881609678268433e-01,1.218307837843894958e-01,-1.740682423114776611e-01,3.471102192997932434e-02,2.228729873895645142e-01,-8.978931903839111328e-01,4.699650108814239502e-01,-6.175718903541564941e-01,7.144905924797058105e-01,5.037637054920196533e-02,-1.592526882886886597e-01,3.388357162475585938e-01,0.000000000000000000e+00,0.000000000000000000e+00,0.000000000000000000e+00,0.000000000000000000e+00,0.000000000000000000e+00,0.000000000000000000e+00,0.000000000000000000e+00,-5.303136706352233887e-01,-5.005710124969482422e-01,7.232926487922668457e-01,7.745137810707092285e-01,-2.620278596878051758e-01,-7.180400192737579346e-02,-2.145882695913314819e-01,0.000000000000000000e+00,0.000000000000000000e+00,0.000000000000000000e+00,0.000000000000000000e+00,0.000000000000000000e+00,0.000000000000000000e+00,0.000000000000000000e+00
-1.227567046880722046e-01,-1.867260038852691650e-02,7.791653275489807129e-01,1.696579158306121826e-02,4.169297218322753906e-02,7.384676933288574219e-01,6.727847456932067871e-01,-3.952169325202703476e-03,2.336882501840591431e-01,5.762433633208274841e-02,4.367687702178955078e-01,-2.523574829101562500e-01,-4.594679176807403564e-02,-2.805424034595489502e-01,-1.991964280605316162e-01,5.860504228621721268e-03,3.076149523258209229e-01,-1.260905265808105469e-01,1.336851269006729126e-01,-1.780108511447906494e-01,3.884308040142059326e-02,2.245714664459228516e-01,-9.693397283554077148e-01,5.010158419609069824e-01,-6.145175099372863770e-01,7.022035717964172363e-01,3.190425038337707520e-02,-1.596790552139282227e-01,3.672211170196533203e-01,0.000000000000000000e+00,0.000000000000000000e+00,0.000000000000000000e+00,0.000000000000000000e+00,0.000000000000000000e+00,0.000000000000000000e+00,0.000000000000000000e+00,-5.544853806495666504e-01,-4.898712933063507080e-01,7.443668246269226074e-01,7.679069638252258301e-01,-2.693269550800323486e-01,-6.667045503854751587e-02,-2.165717929601669312e-01,0.000000000000000000e+00,0.000000000000000000e+00,0.000000000000000000e+00,0.000000000000000000e+00,0.000000000000000000e+00,0.000000000000000000e+00,0.000000000000000000e+00
-1.343420743942260742e-01,-2.261004224419593811e-02,7.775133848190307617e-01,1.412121392786502838e-02,4.096215590834617615e-02,7.332602739334106445e-01,6.785661578178405762e-01,2.051617950201034546e-02,2.256642282009124756e-01,5.680336058139801025e-02,3.944604694843292236e-01,-2.717433571815490723e-01,-4.777941852807998657e-02,-2.916080057621002197e-01,-2.037188857793807983e-01,2.435448020696640015e-02,3.003611862659454346e-01,-1.091473475098609924e-01,1.544353514909744263e-01,-1.869404762983322144e-01,4.248543083667755127e-02,2.285356670618057251e-01,-1.043262958526611328e+00,5.269560813903808594e-01,-6.091998815536499023e-01,6.832640767097473145e-01,7.683424279093742371e-03,-1.661527603864669800e-01,3.901583552360534668e-01,0.000000000000000000e+00,0.000000000000000000e+00,0.000000000000000000e+00,0.000000000000000000e+00,0.000000000000000000e+00,0.000000000000000000e+00,0.000000000000000000e+00,-5.736929774284362793e-01,-4.819752871990203857e-01,7.553444504737854004e-01,7.615079283714294434e-01,-2.688667178153991699e-01,-6.438081711530685425e-02,-2.128777801990509033e-01,0.000000000000000000e+00,0.000000000000000000e+00,0.000000000000000000e+00,0.000000000000000000e+00,0.000000000000000000e+00,0.000000000000000000e+00,0.000000000000000000e+00
-1.462384313344955444e-01,-2.802753448486328125e-02,7.756941914558410645e-01,1.174499932676553726e-02,4.066547751426696777e-02,7.305114865303039551e-01,6.815873384475708008e-01,3.515387326478958130e-02,2.106611281633377075e-01,6.511679291725158691e-02,3.656240701675415039e-01,-3.104184865951538086e-01,-3.919637203216552734e-02,-3.015710115432739258e-01,-2.116887271404266357e-01,4.532729089260101318e-02,2.890998721122741699e-01,-8.864528685808181763e-02,1.746197938919067383e-01,-1.924776434898376465e-01,4.335915669798851013e-02,2.375675439834594727e-01,-1.114918947219848633e+00,5.522904396057128906e-01,-6.129586696624755859e-01,6.480939388275146484e-01,-6.011086981743574142e-03,-1.731216758489608765e-01,4.162343740463256836e-01,0.000000000000000000e+00,0.000000000000000000e+00,0.000000000000000000e+00,0.000000000000000000e+00,0.000000000000000000e+00,0.000000000000000000e+00,0.000000000000000000e+00,-5.839387774467468262e-01,-4.807687103748321533e-01,7.630755901336669922e-01,7.589114904403686523e-01,-2.769850492477416992e-01,-5.836546048521995544e-02,-2.070526927709579468e-01,0.000000000000000000e+00,0.000000000000000000e+00,0.000000000000000000e+00,0.000000000000000000e+00,0.000000000000000000e+00,0.000000000000000000e+00,0.000000000000000000e+00
-1.584451496601104736e-01,-3.490492329001426697e-02,7.743136286735534668e-01,1.179091632366180420e-02,4.076798632740974426e-02,7.262505292892456055e-01,6.861188411712646484e-01,4.192375764250755310e-02,1.908098012208938599e-01,7.466768473386764526e-02,3.480044901371002197e-01,-3.501074314117431641e-01,-2.615784108638763428e-02,-3.126425445079803467e-01,-2.225570976734161377e-01,6.959249824285507202e-02,2.794334888458251953e-01,-6.409089267253875732e-02,1.923535764217376709e-01,-1.954134553670883179e-01,4.162667691707611084e-02,2.441338896751403809e-01,-1.175202488899230957e+00,5.690807104110717773e-01,-6.117573380470275879e-01,6.155526041984558105e-01,-1.435598731040954590e-02,-1.793161630630493164e-01,4.471717476844787598e-01,0.000000000000000000e+00,0.000000000000000000e+00,0.000000000000000000e+00,0.000000000000000000e+00,0.000000000000000000e+00,0.000000000000000000e+00,0.000000000000000000e+00,-5.870410203933715820e-01,-4.770222604274749756e-01,7.650027275085449219e-01,7.591120004653930664e-01,-2.864430546760559082e-01,-5.203238129615783691e-02,-2.084881812334060669e-01,0.000000000000000000e+00,0.000000000000000000e+00,0.000000000000000000e+00,0.000000000000000000e+00,0.000000000000000000e+00,0.000000000000000000e+00,0.000000000000000000e+00
-1.707490384578704834e-01,-4.317139461636543274e-02,7.722097039222717285e-01,1.383307017385959625e-02,3.959346935153007507e-02,7.242385149002075195e-01,6.882728934288024902e-01,4.386707022786140442e-02,1.735074073076248169e-01,1.033456623554229736e-01,3.440213799476623535e-01,-4.006872773170471191e-01,-2.110103145241737366e-03,-3.201051056385040283e-01,-2.381544560194015503e-01,8.819189667701721191e-02,2.708672583103179932e-01,-3.916193544864654541e-02,2.139909267425537109e-01,-1.999702304601669312e-01,3.506308421492576599e-02,2.573579251766204834e-01,-1.227702975273132324e+00,5.741376280784606934e-01,-6.004425883293151855e-01,5.732527375221252441e-01,-2.317706868052482605e-02,-1.820969730615615845e-01,4.828667044639587402e-01,0.000000000000000000e+00,0.000000000000000000e+00,0.000000000000000000e+00,0.000000000000000000e+00,0.000000000000000000e+00,0.000000000000000000e+00,0.000000000000000000e+00,-5.925400257110595703e-01,-4.794262349605560303e-01,7.719373106956481934e-01,7.617611289024353027e-01,-2.987082302570343018e-01,-4.444968327879905701e-02,-2.006403654813766479e-01,0.000000000000000000e+00,0.000000000000000000e+00,0.000000000000000000e+00,0.000000000000000000e+00,0.000000000000000000e+00,0.000000000000000000e+00,0.000000000000000000e+00
-1.829694211483001709e-01,-5.243242532014846802e-02,7.715456485748291016e-01,1.642832905054092407e-02,3.829713165760040283e-02,7.207275629043579102e-01,6.919647455215454102e-01,4.440624266862869263e-02,1.564483344554901123e-01,1.374235451221466064e-01,3.424859941005706787e-01,-4.359169602394104004e-01,1.627495512366294861e-02,-3.293684720993041992e-01,-2.534371018409729004e-01,1.020956635475158691e-01,2.630925774574279785e-01,-4.185491416137665510e-04,2.444759309291839600e-01,-2.039833664894104004e-01,2.640296891331672668e-02,2.698444724082946777e-01,-1.266572713851928711e+00,5.817639827728271484e-01,-5.852515697479248047e-01,5.262402296066284180e-01,-2.789425849914550781e-02,-1.858175992965698242e-01,5.114545822143554688e-01,0.000000000000000000e+00,0.000000000000000000e+00,0.000000000000000000e+00,0.000000000000000000e+00,0.000000000000000000e+00,0.000000000000000000e+00,0.000000000000000000e+00,-5.910021066665649414e-01,-4.747544229030609131e-01,7.745004296302795410e-01,7.732573747634887695e-01,-3.151151239871978760e-01,-3.556694835424423218e-02,-1.899698525667190552e-01,0.000000000000000000e+00,0.000000000000000000e+00,0.000000000000000000e+00,0.000000000000000000e+00,0.000000000000000000e+00,0.000000000000000000e+00,0.000000000000000000e+00
-1.928671598434448242e-01,-6.226110458374023438e-02,7.726835608482360840e-01,1.755479350686073303e-02,3.468405082821846008e-02,7.168113589286804199e-01,6.961826682090759277e-01,4.184953868389129639e-02,1.499440222978591919e-01,1.712139397859573364e-01,3.458054065704345703e-01,-4.512439072132110596e-01,2.603564970195293427e-02,-3.370510935783386230e-01,-2.578866779804229736e-01,1.002467647194862366e-01,2.562808394432067871e-01,4.549057781696319580e-02,2.617946267127990723e-01,-2.008404433727264404e-01,1.986224018037319183e-02,2.806327939033508301e-01,-1.302002787590026855e+00,5.915892720222473145e-01,-5.779853463172912598e-01,4.755619764328002930e-01,-2.273864671587944031e-02,-1.886825263500213623e-01,5.365926623344421387e-01,0.000000000000000000e+00,0.000000000000000000e+00,0.000000000000000000e+00,0.000000000000000000e+00,0.000000000000000000e+00,0.000000000000000000e+00,0.000000000000000000e+00,-5.878754258155822754e-01,-4.688784182071685791e-01,7.799936532974243164e-01,7.868043780326843262e-01,-3.335109949111938477e-01,-2.888589911162853241e-02,-1.799687594175338745e-01,0.000000000000000000e+00,0.000000000000000000e+00,0.000000000000000000e+00,0.000000000000000000e+00,0.000000000000000000e+00,0.000000000000000000e+00,0.000000000000000000e+00
-2.015615105628967285e-01,-7.241702824831008911e-02,7.737164497375488281e-01,1.838236115872859955e-02,2.900872938334941864e-02,7.107722759246826172e-01,7.025833725929260254e-01,3.984257206320762634e-02,1.502703577280044556e-01,2.028905600309371948e-01,3.553863167762756348e-01,-4.651984274387359619e-01,3.024811297655105591e-02,-3.445331156253814697e-01,-2.598495185375213623e-01,7.640885561704635620e-02,2.483318746089935303e-01,8.341859281063079834e-02,2.617999911308288574e-01,-1.893526315689086914e-01,1.894786208868026733e-02,2.932818830013275146e-01,-1.328360319137573242e+00,5.931421518325805664e-01,-5.645714402198791504e-01,4.097530841827392578e-01,-2.227989025413990021e-02,-1.913556158542633057e-01,5.594895482063293457e-01,0.000000000000000000e+00,0.000000000000000000e+00,0.000000000000000000e+00,0.000000000000000000e+00,0.000000000000000000e+00,0.000000000000000000e+00,0.000000000000000000e+00,-5.794835090637207031e-01,-4.599828720092773438e-01,7.831335663795471191e-01,8.038735985755920410e-01,-3.497831821441650391e-01,-1.904855854809284210e-02,-1.730187535285949707e-01,0.000000000000000000e+00,0.000000000000000000e+00,0.000000000000000000e+00,0.000000000000000000e+00,0.000000000000000000e+00,0.000000000000000000e+00,0.000000000000000000e+00
-2.134456038475036621e-01,-8.205419033765792847e-02,7.740533947944641113e-01,2.182308398187160492e-02,2.654414623975753784e-02,7.034084200859069824e-01,7.099547386169433594e-01,4.009188339114189148e-02,1.347877532243728638e-01,2.320569604635238647e-01,3.613724708557128906e-01,-4.824712574481964111e-01,4.148270189762115479e-02,-3.558340370655059814e-01,-2.904447913169860840e-01,3.897996619343757629e-02,2.413553744554519653e-01,8.839461207389831543e-02,2.617999911308288574e-01,-1.799917519092559814e-01,1.293840538710355759e-02,2.997675538063049316e-01,-1.355192184448242188e+00,5.937859416007995605e-01,-5.446081757545471191e-01,3.460487127304077148e-01,-2.962186001241207123e-02,-1.928217560052871704e-01,5.822330117225646973e-01,0.000000000000000000e+00,0.000000000000000000e+00,0.000000000000000000e+00,0.000000000000000000e+00,0.000000000000000000e+00,0.000000000000000000e+00,0.000000000000000000e+00,-5.702866911888122559e-01,-4.472436308860778809e-01,7.849703431129455566e-01,8.259399533271789551e-01,-3.587086796760559082e-01,-1.201123185455799103e-02,-1.693108528852462769e-01,0.000000000000000000e+00,0.000000000000000000e+00,0.000000000000000000e+00,0.000000000000000000e+00,0.000000000000000000e+00,0.000000000000000000e+00,0.000000000000000000e+00
-2.252779901027679443e-01,-9.057053178548812866e-02,7.742136716842651367e-01,2.630800753831863403e-02,2.537104487419128418e-02,6.969035863876342773e-01,7.162329554557800293e-01,3.831410408020019531e-02,1.157548725605010986e-01,2.587385475635528564e-01,3.707971274852752686e-01,-4.961391389369964600e-01,5.447057262063026428e-02,-3.671385347843170166e-01,-3.301083147525787354e-01,-1.028922572731971741e-02,2.370405644178390503e-01,7.100955396890640259e-02,2.587767541408538818e-01,-1.710468083620071411e-01,4.348614718765020370e-03,3.049827814102172852e-01,-1.375841140747070312e+00,5.928421020507812500e-01,-5.244258642196655273e-01,2.824149727821350098e-01,-3.365613520145416260e-02,-1.941011250019073486e-01,5.995662212371826172e-01,0.000000000000000000e+00,0.000000000000000000e+00,0.000000000000000000e+00,0.000000000000000000e+00,0.000000000000000000e+00,0.000000000000000000e+00,0.000000000000000000e+00,-5.636468529701232910e-01,-4.375143349170684814e-01,7.840353250503540039e-01,8.489121794700622559e-01,-3.672069311141967773e-01,-7.862044498324394226e-03,-1.661823838949203491e-01,0.000000000000000000e+00,0.000000000000000000e+00,0.000000000000000000e+00,0.000000000000000000e+00,0.000000000000000000e+00,0.000000000000000000e+00,0.000000000000000000e+00
-2.331732064485549927e-01,-9.807161241769790649e-02,7.750425934791564941e-01,2.737732417881488800e-02,2.214315906167030334e-02,6.912262439727783203e-01,7.217800617218017578e-01,3.742446377873420715e-02,1.112704798579216003e-01,2.811186909675598145e-01,3.745470941066741943e-01,-5.030069351196289062e-01,6.053262203931808472e-02,-3.736772537231445312e-01,-3.414886891841888428e-01,-5.650271847844123840e-02,2.406763285398483276e-01,5.808534473180770874e-02,2.454659938812255859e-01,-1.648055166006088257e-01,3.242630045861005783e-04,3.094284534454345703e-01,-1.394537091255187988e+00,5.947725176811218262e-01,-5.103310942649841309e-01,2.264118045568466187e-01,-3.430104628205299377e-02,-1.920810788869857788e-01,6.097987890243530273e-01,0.000000000000000000e+00,0.000000000000000000e+00,0.000000000000000000e+00,0.000000000000000000e+00,0.000000000000000000e+00,0.000000000000000000e+00,0.000000000000000000e+00,-5.579423308372497559e-01,-4.282983839511871338e-01,7.858652472496032715e-01,8.682560920715332031e-01,-3.765095770359039307e-01,-5.068143829703330994e-03,-1.619576066732406616e-01,0.000000000000000000e+00,0.000000000000000000e+00,0.000000000000000000e+00,0.000000000000000000e+00,0.000000000000000000e+00,0.000000000000000000e+00,0.000000000000000000e+00
-2.397115230560302734e-01,-1.040980517864227295e-01,7.759121060371398926e-01,2.751356363296508789e-02,1.946705393493175507e-02,6.847260594367980957e-01,7.280207872390747070e-01,3.910065442323684692e-02,1.085267364978790283e-01,3.020574152469635010e-01,3.729375600814819336e-01,-5.068703889846801758e-01,6.472194939851760864e-02,-3.774960935115814209e-01,-3.436708450317382812e-01,-9.414048492908477783e-02,2.416558712720870972e-01,5.477371439337730408e-02,2.405136227607727051e-01,-1.614323705434799194e-01,-5.325508769601583481e-03,3.130989372730255127e-01,-1.407150506973266602e+00,6.041094064712524414e-01,-4.966517090797424316e-01,1.826120167970657349e-01,-3.359168022871017456e-02,-1.905445903539657593e-01,6.158873438835144043e-01,0.000000000000000000e+00,0.000000000000000000e+00,0.000000000000000000e+00,0.000000000000000000e+00,0.000000000000000000e+00,0.000000000000000000e+00,0.000000000000000000e+00,-5.542545318603515625e-01,-4.190153479576110840e-01,7.862634658813476562e-01,8.844687938690185547e-01,-3.834827840328216553e-01,-4.811953753232955933e-03,-1.571865081787109375e-01,0.000000000000000000e+00,0.000000000000000000e+00,0.000000000000000000e+00,0.000000000000000000e+00,0.000000000000000000e+00,0.000000000000000000e+00,0.000000000000000000e+00
-2.449334561824798584e-01,-1.086037978529930115e-01,7.765970826148986816e-01,2.778292074799537659e-02,1.718371734023094177e-02,6.797884702682495117e-01,7.326803207397460938e-01,4.229524731636047363e-02,1.065737158060073853e-01,3.210850059986114502e-01,3.695705533027648926e-01,-5.093345642089843750e-01,6.748520582914352417e-02,-3.783678710460662842e-01,-3.439205884933471680e-01,-1.262850016355514526e-01,2.425878047943115234e-01,5.295319110155105591e-02,2.365728765726089478e-01,-1.606954634189605713e-01,-1.014643535017967224e-02,3.159260749816894531e-01,-1.416137099266052246e+00,6.133255958557128906e-01,-4.890891313552856445e-01,1.531932651996612549e-01,-3.864961117506027222e-02,-1.887035071849822998e-01,6.203852295875549316e-01,0.000000000000000000e+00,0.000000000000000000e+00,0.000000000000000000e+00,0.000000000000000000e+00,0.000000000000000000e+00,0.000000000000000000e+00,0.000000000000000000e+00,-5.487180352210998535e-01,-4.134993553161621094e-01,7.844584584236145020e-01,8.953356146812438965e-01,-3.854858577251434326e-01,-5.424990784376859665e-03,-1.545475125312805176e-01,0.000000000000000000e+00,0.000000000000000000e+00,0.000000000000000000e+00,0.000000000000000000e+00,0.000000000000000000e+00,0.000000000000000000e+00,0.000000000000000000e+00
-2.489552348852157593e-01,-1.116465181112289429e-01,7.769078016281127930e-01,2.823383174836635590e-02,1.646032184362411499e-02,6.750364303588867188e-01,7.370601892471313477e-01,4.552304372191429138e-02,1.031986773014068604e-01,3.387558162212371826e-01,3.653194904327392578e-01,-5.110703706741333008e-01,6.967944651842117310e-02,-3.788561224937438965e-01,-3.429644107818603516e-01,-1.550142168998718262e-01,2.386587858200073242e-01,5.324204638600349426e-02,2.339993566274642944e-01,-1.568204909563064575e-01,-1.441196538507938385e-02,3.184633851051330566e-01,-1.420506715774536133e+00,6.200712323188781738e-01,-4.836009740829467773e-01,1.316130608320236206e-01,-3.843134641647338867e-02,-1.854311674833297729e-01,6.215248107910156250e-01,0.000000000000000000e+00,0.000000000000000000e+00,0.000000000000000000e+00,0.000000000000000000e+00,0.000000000000000000e+00,0.000000000000000000e+00,0.000000000000000000e+00,-5.422497987747192383e-01,-4.111012220382690430e-01,7.792555093765258789e-01,9.048046469688415527e-01,-3.896281421184539795e-01,-4.153640475124120712e-03,-1.522128731012344360e-01,0.000000000000000000e+00,0.000000000000000000e+00,0.000000000000000000e+00,0.000000000000000000e+00,0.000000000000000000e+00,0.000000000000000000e+00,0.000000000000000000e+00
-2.518897652626037598e-01,-1.133208125829696655e-01,7.770538330078125000e-01,2.795775234699249268e-02,1.612327992916107178e-02,6.712476015090942383e-01,7.405302524566650391e-01,4.855836927890777588e-02,1.019312590360641479e-01,3.551473319530487061e-01,3.611043989658355713e-01,-5.135717391967773438e-01,6.903222948312759399e-02,-3.786143362522125244e-01,-3.424100279808044434e-01,-1.793767064809799194e-01,2.356807142496109009e-01,5.298177152872085571e-02,2.327291965484619141e-01,-1.564354896545410156e-01,-1.912930235266685486e-02,3.186704814434051514e-01,-1.423568248748779297e+00,6.268114447593688965e-01,-4.792966842651367188e-01,1.155453920364379883e-01,-3.870815038681030273e-02,-1.832393109798431396e-01,6.215858459472656250e-01,0.000000000000000000e+00,0.000000000000000000e+00,0.000000000000000000e+00,0.000000000000000000e+00,0.000000000000000000e+00,0.000000000000000000e+00,0.000000000000000000e+00,-5.351846814155578613e-01,-4.086194932460784912e-01,7.692581415176391602e-01,9.121856093406677246e-01,-3.884528279304504395e-01,-4.048900678753852844e-03,-1.534897238016128540e-01,0.000000000000000000e+00,0.000000000000000000e+00,0.000000000000000000e+00,0.000000000000000000e+00,0.000000000000000000e+00,0.000000000000000000e+00,0.000000000000000000e+00
-2.538120150566101074e-01,-1.137442886829376221e-01,7.773861289024353027e-01,2.789712883532047272e-02,1.556489523500204086e-02,6.686407923698425293e-01,7.428990602493286133e-01,5.237778648734092712e-02,1.018191426992416382e-01,3.680655062198638916e-01,3.587262332439422607e-01,-5.132942199707031250e-01,6.910802423954010010e-02,-3.793015182018280029e-01,-3.425356745719909668e-01,-1.969543844461441040e-01,2.297639399766921997e-01,5.397251248359680176e-02,2.305773794651031494e-01,-1.568433791399002075e-01,-2.308549359440803528e-02,3.208135664463043213e-01,-1.424073338508605957e+00,6.308504343032836914e-01,-4.750894308090209961e-01,1.015229374170303345e-01,-3.944273665547370911e-02,-1.815734803676605225e-01,6.245421767234802246e-01,0.000000000000000000e+00,0.000000000000000000e+00,0.000000000000000000e+00,0.000000000000000000e+00,0.000000000000000000e+00,0.000000000000000000e+00,0.000000000000000000e+00,-5.294376015663146973e-01,-4.103059768676757812e-01,7.635302543640136719e-01,9.140873551368713379e-01,-3.869360089302062988e-01,-3.471091855317354202e-03,-1.518055945634841919e-01,0.000000000000000000e+00,0.000000000000000000e+00,0.000000000000000000e+00,0.000000000000000000e+00,0.000000000000000000e+00,0.000000000000000000e+00,0.000000000000000000e+00
-2.548585534095764160e-01,-1.130473613739013672e-01,7.771065235137939453e-01,2.796417847275733948e-02,1.551896706223487854e-02,6.665923595428466797e-01,7.447360754013061523e-01,5.618478730320930481e-02,1.021609008312225342e-01,3.800417780876159668e-01,3.583832383155822754e-01,-5.167543292045593262e-01,6.817279011011123657e-02,-3.817808032035827637e-01,-3.441546559333801270e-01,-2.125634551048278809e-01,2.254465222358703613e-01,5.174439772963523865e-02,2.286284714937210083e-01,-1.596130430698394775e-01,-2.639709599316120148e-02,3.222407400608062744e-01,-1.424934983253479004e+00,6.412549018859863281e-01,-4.692059159278869629e-01,8.783745020627975464e-02,-3.843361511826515198e-02,-1.798502951860427856e-01,6.298967599868774414e-01,0.000000000000000000e+00,0.000000000000000000e+00,0.000000000000000000e+00,0.000000000000000000e+00,0.000000000000000000e+00,0.000000000000000000e+00,0.000000000000000000e+00,-5.241550207138061523e-01,-4.104737639427185059e-01,7.520884275436401367e-01,9.158877730369567871e-01,-3.792708516120910645e-01,-3.093839390203356743e-03,-1.571780890226364136e-01,0.000000000000000000e+00,0.000000000000000000e+00,0.000000000000000000e+00,0.000000000000000000e+00,0.000000000000000000e+00,0.000000000000000000e+00,0.000000000000000000e+00
-2.550613284111022949e-01,-1.112989038228988647e-01,7.769392132759094238e-01,2.766110002994537354e-02,1.634360477328300476e-02,6.646963953971862793e-01,7.464224100112915039e-01,6.000095233321189880e-02,1.019220054149627686e-01,3.890153467655181885e-01,3.562792241573333740e-01,-5.181190371513366699e-01,6.806009262800216675e-02,-3.859986066818237305e-01,-3.464310169219970703e-01,-2.265850752592086792e-01,2.229049801826477051e-01,5.149644613265991211e-02,2.271947860717773438e-01,-1.616542786359786987e-01,-2.813382446765899658e-02,3.237966001033782959e-01,-1.423450827598571777e+00,6.503842473030090332e-01,-4.608057737350463867e-01,7.252233475446701050e-02,-3.467426076531410217e-02,-1.778353899717330933e-01,6.344099044799804688e-01,0.000000000000000000e+00,0.000000000000000000e+00,0.000000000000000000e+00,0.000000000000000000e+00,0.000000000000000000e+00,0.000000000000000000e+00,0.000000000000000000e+00,-5.177326798439025879e-01,-4.129062592983245850e-01,7.403193712234497070e-01,9.138618707656860352e-01,-3.705250322818756104e-01,-2.870210213586688042e-03,-1.622370183467864990e-01,0.000000000000000000e+00,0.000000000000000000e+00,0.000000000000000000e+00,0.000000000000000000e+00,0.000000000000000000e+00,0.000000000000000000e+00,0.000000000000000000e+00
-2.544456124305725098e-01,-1.085462123155593872e-01,7.768216729164123535e-01,2.720600925385951996e-02,1.724928990006446838e-02,6.634505987167358398e-01,7.475262880325317383e-01,6.548139452934265137e-02,1.020483598113059998e-01,3.955056369304656982e-01,3.519077003002166748e-01,-5.185691118240356445e-01,6.799463182687759399e-02,-3.917500376701354980e-01,-3.496731519699096680e-01,-2.397128045558929443e-01,2.214970737695693970e-01,5.199513956904411316e-02,2.265722453594207764e-01,-1.654348224401473999e-01,-2.767648361623287201e-02,3.259913921356201172e-01,-1.420294880867004395e+00,6.571710109710693359e-01,-4.514146447181701660e-01,5.663473531603813171e-02,-2.724304609000682831e-02,-1.750791966915130615e-01,6.392112970352172852e-01,0.000000000000000000e+00,0.000000000000000000e+00,0.000000000000000000e+00,0.000000000000000000e+00,0.000000000000000000e+00,0.000000000000000000e+00,0.000000000000000000e+00,-5.106675624847412109e-01,-4.170234501361846924e-01,7.267873883247375488e-01,9.122840762138366699e-01,-3.616327643394470215e-01,-1.369463163428008556e-03,-1.674794852733612061e-01,0.000000000000000000e+00,0.000000000000000000e+00,0.000000000000000000e+00,0.000000000000000000e+00,0.000000000000000000e+00,0.000000000000000000e+00,0.000000000000000000e+00
-2.529670596122741699e-01,-1.048017591238021851e-01,7.767716050148010254e-01,2.654627896845340729e-02,1.867610029876232147e-02,6.627667546272277832e-01,7.481221556663513184e-01,7.101243734359741211e-02,1.023565977811813354e-01,3.994429707527160645e-01,3.469181656837463379e-01,-5.168227553367614746e-01,6.786751747131347656e-02,-3.980076014995574951e-01,-3.524470627307891846e-01,-2.471593320369720459e-01,2.212632000446319580e-01,5.353094637393951416e-02,2.257842868566513062e-01,-1.707035601139068604e-01,-2.552269957959651947e-02,3.277520835399627686e-01,-1.418861985206604004e+00,6.624503731727600098e-01,-4.446845352649688721e-01,4.402576759457588196e-02,-1.384999789297580719e-02,-1.724486052989959717e-01,6.459705233573913574e-01,0.000000000000000000e+00,0.000000000000000000e+00,0.000000000000000000e+00,0.000000000000000000e+00,0.000000000000000000e+00,0.000000000000000000e+00,0.000000000000000000e+00,-5.037630200386047363e-01,-4.243874251842498779e-01,7.146527171134948730e-01,9.106591939926147461e-01,-3.550791442394256592e-01,-2.160995965823531151e-03,-1.732911765575408936e-01,0.000000000000000000e+00,0.000000000000000000e+00,0.000000000000000000e+00,0.000000000000000000e+00,0.000000000000000000e+00,0.000000000000000000e+00,0.000000000000000000e+00
-2.505691051483154297e-01,-1.000799760222434998e-01,7.763834595680236816e-01,2.551955729722976685e-02,2.041401714086532593e-02,6.629621982574462891e-01,7.479392290115356445e-01,7.646880298852920532e-02,1.034046113491058350e-01,3.995536267757415771e-01,3.417012691497802734e-01,-5.172201395034790039e-01,6.797552853822708130e-02,-4.058948755264282227e-01,-3.545785844326019287e-01,-2.546316981315612793e-01,2.236177623271942139e-01,5.533142015337944031e-02,2.259656488895416260e-01,-1.778833121061325073e-01,-2.270391583442687988e-02,3.299637138843536377e-01,-1.419109702110290527e+00,6.638318896293640137e-01,-4.415160715579986572e-01,3.083866834640502930e-02,-2.043410204350948334e-03,-1.708268672227859497e-01,6.509874463081359863e-01,0.000000000000000000e+00,0.000000000000000000e+00,0.000000000000000000e+00,0.000000000000000000e+00,0.000000000000000000e+00,0.000000000000000000e+00,0.000000000000000000e+00,-4.974915683269500732e-01,-4.324901103973388672e-01,6.986464858055114746e-01,9.086875915527343750e-01,-3.423782289028167725e-01,-3.351692110300064087e-03,-1.820776611566543579e-01,0.000000000000000000e+00,0.000000000000000000e+00,0.000000000000000000e+00,0.000000000000000000e+00,0.000000000000000000e+00,0.000000000000000000e+00,0.000000000000000000e+00
-2.472291886806488037e-01,-9.443990886211395264e-02,7.760788798332214355e-01,2.440783567726612091e-02,2.344799973070621490e-02,6.623471379280090332e-01,7.484321594238281250e-01,8.297353982925415039e-02,1.033758148550987244e-01,4.009216129779815674e-01,3.331935703754425049e-01,-5.139336585998535156e-01,6.757666170597076416e-02,-4.118668138980865479e-01,-3.557526767253875732e-01,-2.619707882404327393e-01,2.251712083816528320e-01,5.907803773880004883e-02,2.245988547801971436e-01,-1.834366470575332642e-01,-1.926663704216480255e-02,3.308118283748626709e-01,-1.417921662330627441e+00,6.616898775100708008e-01,-4.368645250797271729e-01,2.080958336591720581e-02,1.184616517275571823e-02,-1.689439266920089722e-01,6.566725373268127441e-01,0.000000000000000000e+00,0.000000000000000000e+00,0.000000000000000000e+00,0.000000000000000000e+00,0.000000000000000000e+00,0.000000000000000000e+00,0.000000000000000000e+00,-4.928520917892456055e-01,-4.420958459377288818e-01,6.864748001098632812e-01,9.104604721069335938e-01,-3.349622488021850586e-01,-3.547423053532838821e-03,-1.866603940725326538e-01,0.000000000000000000e+00,0.000000000000000000e+00,0.000000000000000000e+00,0.000000000000000000e+00,0.000000000000000000e+00,0.000000000000000000e+00,0.000000000000000000e+00
-2.428012192249298096e-01,-8.786001801490783691e-02,7.750512361526489258e-01,2.413983643054962158e-02,2.644472010433673859e-02,6.636043190956115723e-01,7.472263574600219727e-01,8.902462571859359741e-02,1.040573045611381531e-01,3.978993296623229980e-01,3.295085430145263672e-01,-5.138027667999267578e-01,6.660673022270202637e-02,-4.174966216087341309e-01,-3.568532466888427734e-01,-2.675296664237976074e-01,2.317688614130020142e-01,6.271926313638687134e-02,2.223009467124938965e-01,-1.916547119617462158e-01,-1.506947819143533707e-02,3.314446210861206055e-01,-1.417340636253356934e+00,6.569496989250183105e-01,-4.329408407211303711e-01,1.310142409056425095e-02,2.288172766566276550e-02,-1.659699231386184692e-01,6.682297587394714355e-01,0.000000000000000000e+00,0.000000000000000000e+00,0.000000000000000000e+00,0.000000000000000000e+00,0.000000000000000000e+00,0.000000000000000000e+00,0.000000000000000000e+00,-4.892147779464721680e-01,-4.526192247867584229e-01,6.741353869438171387e-01,9.107352495193481445e-01,-3.270885646343231201e-01,-2.080306643620133400e-03,-1.963753700256347656e-01,0.000000000000000000e+00,0.000000000000000000e+00,0.000000000000000000e+00,0.000000000000000000e+00,0.000000000000000000e+00,0.000000000000000000e+00,0.000000000000000000e+00
-2.372952401638031006e-01,-8.038802444934844971e-02,7.741443514823913574e-01,2.312132157385349274e-02,3.058127313852310181e-02,6.653860211372375488e-01,7.455143332481384277e-01,9.400980174541473389e-02,1.054725497961044312e-01,3.940643668174743652e-01,3.234524726867675781e-01,-5.102469325065612793e-01,6.443641334772109985e-02,-4.235030412673950195e-01,-3.559424281120300293e-01,-2.710640430450439453e-01,2.369523495435714722e-01,6.329555809497833252e-02,2.200405597686767578e-01,-2.005005776882171631e-01,-8.398162201046943665e-03,3.293639123439788818e-01,-1.423429846763610840e+00,6.547569036483764648e-01,-4.339110255241394043e-01,8.533153682947158813e-03,4.001617059111595154e-02,-1.598315834999084473e-01,6.760354042053222656e-01,0.000000000000000000e+00,0.000000000000000000e+00,0.000000000000000000e+00,0.000000000000000000e+00,0.000000000000000000e+00,0.000000000000000000e+00,0.000000000000000000e+00,-4.839392006397247314e-01,-4.637046456336975098e-01,6.662723422050476074e-01,9.118523597717285156e-01,-3.239332437515258789e-01,-2.387208165600895882e-03,-2.024475634098052979e-01,0.000000000000000000e+00,0.000000000000000000e+00,0.000000000000000000e+00,0.000000000000000000e+00,0.000000000000000000e+00,0.000000000000000000e+00,0.000000000000000000e+00
-2.306754589080810547e-01,-7.206984609365463257e-02,7.728890776634216309e-01,2.189216949045658112e-02,3.576701506972312927e-02,6.671831011772155762e-01,7.437124252319335938e-01,9.764257818460464478e-02,1.074163913726806641e-01,3.889939188957214355e-01,3.185657262802124023e-01,-5.057450532913208008e-01,6.244430691003799438e-02,-4.303223788738250732e-01,-3.537062704563140869e-01,-2.700199782848358154e-01,2.458684295415878296e-01,6.286050379276275635e-02,2.156570404767990112e-01,-2.106555700302124023e-01,-7.245731540024280548e-04,3.269577026367187500e-01,-1.433703660964965820e+00,6.535164713859558105e-01,-4.351829588413238525e-01,7.395320571959018707e-03,5.807310715317726135e-02,-1.534851044416427612e-01,6.861950159072875977e-01,0.000000000000000000e+00,0.000000000000000000e+00,0.000000000000000000e+00,0.000000000000000000e+00,0.000000000000000000e+00,0.000000000000000000e+00,0.000000000000000000e+00,-4.809980094432830811e-01,-4.719943106174468994e-01,6.609182953834533691e-01,9.136611819267272949e-01,-3.227989077568054199e-01,-2.982702804729342461e-03,-2.079759389162063599e-01,0.000000000000000000e+00,0.000000000000000000e+00,0.000000000000000000e+00,0.000000000000000000e+00,0.000000000000000000e+00,0.000000000000000000e+00,0.000000000000000000e+00
-2.230658829212188721e-01,-6.306413561105728149e-02,7.717802524566650391e-01,1.874382235109806061e-02,4.236078262329101562e-02,6.687434315681457520e-01,7.420487999916076660e-01,1.003258377313613892e-01,1.093931570649147034e-01,3.786555826663970947e-01,3.050250113010406494e-01,-4.973082840442657471e-01,5.713407322764396667e-02,-4.384332895278930664e-01,-3.488058745861053467e-01,-2.679691612720489502e-01,2.553157508373260498e-01,5.787684768438339233e-02,2.086718529462814331e-01,-2.211631238460540771e-01,9.947045706212520599e-03,3.238126635551452637e-01,-1.448342084884643555e+00,6.562514305114746094e-01,-4.460624158382415771e-01,1.791086420416831970e-02,8.264632523059844971e-02,-1.428477615118026733e-01,6.941536068916320801e-01,0.000000000000000000e+00,0.000000000000000000e+00,0.000000000000000000e+00,0.000000000000000000e+00,0.000000000000000000e+00,0.000000000000000000e+00,0.000000000000000000e+00,-4.799417257308959961e-01,-4.816658794879913330e-01,6.576619744300842285e-01,9.167823195457458496e-01,-3.231738805770874023e-01,-1.435411861166357994e-03,-2.129650115966796875e-01,0.000000000000000000e+00,0.000000000000000000e+00,0.000000000000000000e+00,0.000000000000000000e+00,0.000000000000000000e+00,0.000000000000000000e+00,0.000000000000000000e+00
-2.144634723663330078e-01,-5.351231619715690613e-02,7.701390981674194336e-01,1.552094239741563797e-02,4.975565895438194275e-02,6.705687046051025391e-01,7.400142550468444824e-01,1.002786681056022644e-01,1.133445352315902710e-01,3.699307441711425781e-01,2.962836921215057373e-01,-4.884889423847198486e-01,5.097089335322380066e-02,-4.467380642890930176e-01,-3.446652293205261230e-01,-2.642659246921539307e-01,2.691661715507507324e-01,4.036618769168853760e-02,1.960057467222213745e-01,-2.320733964443206787e-01,2.388383634388446808e-02,3.205614089965820312e-01,-1.472609043121337891e+00,6.592113375663757324e-01,-4.677825868129730225e-01,3.961391374468803406e-02,1.030984222888946533e-01,-1.316560208797454834e-01,6.960214376449584961e-01,0.000000000000000000e+00,0.000000000000000000e+00,0.000000000000000000e+00,0.000000000000000000e+00,0.000000000000000000e+00,0.000000000000000000e+00,0.000000000000000000e+00,-4.797869920730590820e-01,-4.897407591342926025e-01,6.570459604263305664e-01,9.226437211036682129e-01,-3.176703751087188721e-01,-5.776355828857049346e-05,-2.130043804645538330e-01,0.000000000000000000e+00,0.000000000000000000e+00,0.000000000000000000e+00,0.000000000000000000e+00,0.000000000000000000e+00,0.000000000000000000e+00,0.000000000000000000e+00
-2.050139755010604858e-01,-4.364276304841041565e-02,7.687111496925354004e-01,1.131932809948921204e-02,5.779181793332099915e-02,6.722853779792785645e-01,7.379460334777832031e-01,9.853124618530273438e-02,1.190496832132339478e-01,3.605811893939971924e-01,2.859979271888732910e-01,-4.744892120361328125e-01,4.194245114922523499e-02,-4.585388898849487305e-01,-3.407907485961914062e-01,-2.637302875518798828e-01,2.869527935981750488e-01,9.480368345975875854e-03,1.779958605766296387e-01,-2.429088503122329712e-01,4.038336127996444702e-02,3.181237876415252686e-01,-1.506691455841064453e+00,6.635004878044128418e-01,-4.984149932861328125e-01,6.753498315811157227e-02,1.276198178529739380e-01,-1.222238838672637939e-01,6.981005072593688965e-01,0.000000000000000000e+00,0.000000000000000000e+00,0.000000000000000000e+00,0.000000000000000000e+00,0.000000000000000000e+00,0.000000000000000000e+00,0.000000000000000000e+00,-4.826189279556274414e-01,-4.998124539852142334e-01,6.602907180786132812e-01,9.287347197532653809e-01,-3.164841532707214355e-01,-1.718227431410923600e-04,-2.137358486652374268e-01,0.000000000000000000e+00,0.000000000000000000e+00,0.000000000000000000e+00,0.000000000000000000e+00,0.000000000000000000e+00,0.000000000000000000e+00,0.000000000000000000e+00
-1.948684006929397583e-01,-3.364486619830131531e-02,7.674227952957153320e-01,5.753686185926198959e-03,6.628756225109100342e-02,6.736771464347839355e-01,7.360244393348693848e-01,9.319159388542175293e-02,1.271849870681762695e-01,3.482275605201721191e-01,2.771986424922943115e-01,-4.564708471298217773e-01,2.987723983824253082e-02,-4.734204709529876709e-01,-3.343281745910644531e-01,-2.604072690010070801e-01,3.080838322639465332e-01,-3.038335032761096954e-02,1.576831042766571045e-01,-2.551116645336151123e-01,5.744068324565887451e-02,3.147853016853332520e-01,-1.551379561424255371e+00,6.613507270812988281e-01,-5.398475527763366699e-01,1.015207618474960327e-01,1.440763473510742188e-01,-1.141008362174034119e-01,6.927764415740966797e-01,0.000000000000000000e+00,0.000000000000000000e+00,0.000000000000000000e+00,0.000000000000000000e+00,0.000000000000000000e+00,0.000000000000000000e+00,0.000000000000000000e+00,-4.857443571090698242e-01,-5.084844231605529785e-01,6.651349067687988281e-01,9.368225932121276855e-01,-3.084883093833923340e-01,1.875576679594814777e-03,-2.140524387359619141e-01,0.000000000000000000e+00,0.000000000000000000e+00,0.000000000000000000e+00,0.000000000000000000e+00,0.000000000000000000e+00,0.000000000000000000e+00,0.000000000000000000e+00
-1.842305213212966919e-01,-2.367846481502056122e-02,7.663461565971374512e-01,-5.541201680898666382e-04,7.501404732465744019e-02,6.740121245384216309e-01,7.349014878273010254e-01,8.618500083684921265e-02,1.355265825986862183e-01,3.272216618061065674e-01,2.684313058853149414e-01,-4.333686232566833496e-01,1.647182181477546692e-02,-4.916830360889434814e-01,-3.255896866321563721e-01,-2.573339045047760010e-01,3.328698277473449707e-01,-7.643316686153411865e-02,1.326437294483184814e-01,-2.665483653545379639e-01,8.110737800598144531e-02,3.106591999530792236e-01,-1.608486533164978027e+00,6.615234613418579102e-01,-5.949047207832336426e-01,1.579524129629135132e-01,1.609240919351577759e-01,-1.025669798254966736e-01,6.766656041145324707e-01,0.000000000000000000e+00,0.000000000000000000e+00,0.000000000000000000e+00,0.000000000000000000e+00,0.000000000000000000e+00,0.000000000000000000e+00,0.000000000000000000e+00,-4.869537651538848877e-01,-5.165043473243713379e-01,6.712004542350769043e-01,9.493839144706726074e-01,-2.963584661483764648e-01,2.071444178000092506e-03,-2.115502059459686279e-01,0.000000000000000000e+00,0.000000000000000000e+00,0.000000000000000000e+00,0.000000000000000000e+00,0.000000000000000000e+00,0.000000000000000000e+00,0.000000000000000000e+00
-1.732384860515594482e-01,-1.385209988802671432e-02,7.668644189834594727e-01,-7.974034175276756287e-03,8.328722417354583740e-02,6.734420657157897949e-01,7.344899177551269531e-01,7.449669390916824341e-02,1.449377089738845825e-01,2.903489470481872559e-01,2.676991820335388184e-01,-3.973847627639770508e-01,-3.648535930551588535e-04,-5.070923566818237305e-01,-3.110501766204833984e-01,-2.538942396640777588e-01,3.503670394420623779e-01,-1.119621098041534424e-01,1.105207726359367371e-01,-2.755695879459381104e-01,1.010428667068481445e-01,3.064200580120086670e-01,-1.678570508956909180e+00,6.494011878967285156e-01,-6.627894043922424316e-01,2.205936610698699951e-01,1.671689152717590332e-01,-9.844741225242614746e-02,6.473140716552734375e-01,0.000000000000000000e+00,0.000000000000000000e+00,0.000000000000000000e+00,0.000000000000000000e+00,0.000000000000000000e+00,0.000000000000000000e+00,0.000000000000000000e+00,-4.905733466148376465e-01,-5.223824381828308105e-01,6.778239011764526367e-01,9.617282152175903320e-01,-2.726220488548278809e-01,-1.437933417037129402e-03,-2.057706415653228760e-01,0.000000000000000000e+00,0.000000000000000000e+00,0.000000000000000000e+00,0.000000000000000000e+00,0.000000000000000000e+00,0.000000000000000000e+00,0.000000000000000000e+00
-1.624724566936492920e-01,-4.778942558914422989e-03,7.681917548179626465e-01,-1.285592466592788696e-02,9.052167832851409912e-02,6.740309596061706543e-01,7.330230474472045898e-01,6.313816457986831665e-02,1.544108092784881592e-01,2.639020383358001709e-01,2.721785306930541992e-01,-3.516265749931335449e-01,-2.013776637613773346e-02,-5.177784562110900879e-01,-3.026215136051177979e-01,-2.568284273147583008e-01,3.692474067211151123e-01,-1.406368315219879150e-01,8.842266350984573364e-02,-2.864184081554412842e-01,1.216700673103332520e-01,3.023991882801055908e-01,-1.753877520561218262e+00,6.359294652938842773e-01,-7.304366230964660645e-01,2.795925438404083252e-01,1.840567439794540405e-01,-9.009177982807159424e-02,6.312826871871948242e-01,0.000000000000000000e+00,0.000000000000000000e+00,0.000000000000000000e+00,0.000000000000000000e+00,0.000000000000000000e+00,0.000000000000000000e+00,0.000000000000000000e+00,-4.982977807521820068e-01,-5.270281434059143066e-01,6.863327622413635254e-01,9.776753187179565430e-01,-2.582837939262390137e-01,1.735426485538482666e-03,-2.016362696886062622e-01,0.000000000000000000e+00,0.000000000000000000e+00,0.000000000000000000e+00,0.000000000000000000e+00,0.000000000000000000e+00,0.000000000000000000e+00,0.000000000000000000e+00
-1.522394567728042603e-01,3.664088668301701546e-03,7.699077725410461426e-01,-1.839971542358398438e-02,9.864190220832824707e-02,6.749001741409301758e-01,7.310547232627868652e-01,5.146391317248344421e-02,1.592466831207275391e-01,2.248031198978424072e-01,2.670568823814392090e-01,-3.013192713260650635e-01,-4.770376160740852356e-02,-5.291950702667236328e-01,-2.953180074691772461e-01,-2.627352178096771240e-01,3.832453191280364990e-01,-1.620066910982131958e-01,6.830863654613494873e-02,-2.961701750755310059e-01,1.434849500656127930e-01,3.040445148944854736e-01,-1.824804902076721191e+00,6.208307147026062012e-01,-8.053851723670959473e-01,3.576292991638183594e-01,1.901741474866867065e-01,-8.499068021774291992e-02,6.111045479774475098e-01,0.000000000000000000e+00,0.000000000000000000e+00,0.000000000000000000e+00,0.000000000000000000e+00,0.000000000000000000e+00,0.000000000000000000e+00,0.000000000000000000e+00,-5.036612749099731445e-01,-5.343234539031982422e-01,6.854562163352966309e-01,9.882118105888366699e-01,-2.418400496244430542e-01,2.395780989900231361e-03,-2.045265883207321167e-01,0.000000000000000000e+00,0.000000000000000000e+00,0.000000000000000000e+00,0.000000000000000000e+00,0.000000000000000000e+00,0.000000000000000000e+00,0.000000000000000000e+00
-1.429079920053482056e-01,1.131583750247955322e-02,7.724258899688720703e-01,-2.581981755793094635e-02,1.083332970738410950e-01,6.743929386138916016e-01,7.299255728721618652e-01,3.738776966929435730e-02,1.612610369920730591e-01,1.906468123197555542e-01,2.593409717082977295e-01,-2.546049952507019043e-01,-6.949271261692047119e-02,-5.462182760238647461e-01,-2.828335165977478027e-01,-2.564245760440826416e-01,3.897504806518554688e-01,-1.668587476015090942e-01,6.237972527742385864e-02,-3.156372606754302979e-01,1.585400402545928955e-01,3.078845739364624023e-01,-1.915357589721679688e+00,6.009106636047363281e-01,-8.895000219345092773e-01,4.823083877563476562e-01,1.901111304759979248e-01,-8.379416167736053467e-02,5.803489089012145996e-01,0.000000000000000000e+00,0.000000000000000000e+00,0.000000000000000000e+00,0.000000000000000000e+00,0.000000000000000000e+00,0.000000000000000000e+00,0.000000000000000000e+00,-5.188300013542175293e-01,-5.408666133880615234e-01,6.902448534965515137e-01,9.996683001518249512e-01,-2.194849550724029541e-01,3.391889913473278284e-04,-2.097437530755996704e-01,0.000000000000000000e+00,0.000000000000000000e+00,0.000000000000000000e+00,0.000000000000000000e+00,0.000000000000000000e+00,0.000000000000000000e+00,0.000000000000000000e+00
-1.346086412668228149e-01,1.833973079919815063e-02,7.738553285598754883e-01,-3.126518428325653076e-02,1.159016266465187073e-01,6.749656200408935547e-01,7.280183434486389160e-01,2.575222961604595184e-02,1.639723926782608032e-01,1.607284843921661377e-01,2.563003897666931152e-01,-2.177461236715316772e-01,-8.348257839679718018e-02,-5.552067756652832031e-01,-2.753986120223999023e-01,-2.602388262748718262e-01,3.932119607925415039e-01,-1.768104434013366699e-01,5.076645314693450928e-02,-3.273627161979675293e-01,1.771335750818252563e-01,3.048146069049835205e-01,-1.961348652839660645e+00,5.718450546264648438e-01,-9.573772549629211426e-01,5.664152503013610840e-01,1.828950494527816772e-01,-8.181525766849517822e-02,5.357474088668823242e-01,0.000000000000000000e+00,0.000000000000000000e+00,0.000000000000000000e+00,0.000000000000000000e+00,0.000000000000000000e+00,0.000000000000000000e+00,0.000000000000000000e+00,-5.254544615745544434e-01,-5.469234585762023926e-01,6.917921304702758789e-01,1.010529041290283203e+00,-1.970328688621520996e-01,5.566431791521608829e-04,-2.109515517950057983e-01,0.000000000000000000e+00,0.000000000000000000e+00,0.000000000000000000e+00,0.000000000000000000e+00,0.000000000000000000e+00,0.000000000000000000e+00,0.000000000000000000e+00
-1.275753676891326904e-01,2.445518597960472107e-02,7.753930091857910156e-01,-3.615732491016387939e-02,1.233836039900779724e-01,6.730400919914245605e-01,7.283447980880737305e-01,1.388390455394983292e-02,1.656997352838516235e-01,1.434528827667236328e-01,2.575331926345825195e-01,-1.825599819421768188e-01,-9.406507760286331177e-02,-5.670161247253417969e-01,-2.642864584922790527e-01,-2.506011128425598145e-01,3.943625092506408691e-01,-1.794192045927047729e-01,4.528330639004707336e-02,-3.435186445713043213e-01,1.908319145441055298e-01,3.078352808952331543e-01,-2.002165555953979492e+00,5.646011233329772949e-01,-1.020454049110412598e+00,6.681925654411315918e-01,1.984858214855194092e-01,-7.728924602270126343e-02,4.938239753246307373e-01,0.000000000000000000e+00,0.000000000000000000e+00,0.000000000000000000e+00,0.000000000000000000e+00,0.000000000000000000e+00,0.000000000000000000e+00,0.000000000000000000e+00,-5.324043035507202148e-01,-5.560047030448913574e-01,6.917014718055725098e-01,1.012617111206054688e+00,-1.773111671209335327e-01,-3.553593705873936415e-04,-2.181114256381988525e-01,0.000000000000000000e+00,0.000000000000000000e+00,0.000000000000000000e+00,0.000000000000000000e+00,0.000000000000000000e+00,0.000000000000000000e+00,0.000000000000000000e+00
-1.217517629265785217e-01,2.980328351259231567e-02,7.755965590476989746e-01,-3.952525183558464050e-02,1.296954900026321411e-01,6.722640991210937500e-01,7.277897000312805176e-01,3.736627288162708282e-03,1.673234999179840088e-01,1.354829221963882446e-01,2.608899176120758057e-01,-1.597558706998825073e-01,-9.766808152198791504e-02,-5.762382149696350098e-01,-2.590960264205932617e-01,-2.465957403182983398e-01,3.982133567333221436e-01,-1.920426487922668457e-01,4.138230159878730774e-02,-3.535952866077423096e-01,2.027368545532226562e-01,3.102906346321105957e-01,-2.033356904983520508e+00,5.453228950500488281e-01,-1.062068223953247070e+00,7.403592467308044434e-01,2.095014899969100952e-01,-7.522390037775039673e-02,4.681083559989929199e-01,0.000000000000000000e+00,0.000000000000000000e+00,0.000000000000000000e+00,0.000000000000000000e+00,0.000000000000000000e+00,0.000000000000000000e+00,0.000000000000000000e+00,-5.413694977760314941e-01,-5.645266771316528320e-01,6.934274435043334961e-01,1.016412377357482910e+00,-1.691892147064208984e-01,2.558194333687424660e-03,-2.241691499948501587e-01,0.000000000000000000e+00,0.000000000000000000e+00,0.000000000000000000e+00,0.000000000000000000e+00,0.000000000000000000e+00,0.000000000000000000e+00,0.000000000000000000e+00
-1.171326190233230591e-01,3.453261777758598328e-02,7.758846879005432129e-01,-4.320202767848968506e-02,1.356004923582077026e-01,6.714402437210083008e-01,7.272648215293884277e-01,-5.212259013205766678e-03,1.675054579973220825e-01,1.252566725015640259e-01,2.602674067020416260e-01,-1.400514543056488037e-01,-1.017073169350624084e-01,-5.855283141136169434e-01,-2.546283304691314697e-01,-2.443115860223770142e-01,4.003098607063293457e-01,-1.998390853404998779e-01,3.503233939409255981e-02,-3.636048138141632080e-01,2.144920378923416138e-01,3.157086670398712158e-01,-2.050760746002197266e+00,5.295692682266235352e-01,-1.087374329566955566e+00,7.954973578453063965e-01,2.081376910209655762e-01,-7.353568077087402344e-02,4.489419162273406982e-01,0.000000000000000000e+00,0.000000000000000000e+00,0.000000000000000000e+00,0.000000000000000000e+00,0.000000000000000000e+00,0.000000000000000000e+00,0.000000000000000000e+00,-5.503573417663574219e-01,-5.724123716354370117e-01,6.957448720932006836e-01,1.013830184936523438e+00,-1.654501557350158691e-01,5.736843217164278030e-03,-2.311142385005950928e-01,0.000000000000000000e+00,0.000000000000000000e+00,0.000000000000000000e+00,0.000000000000000000e+00,0.000000000000000000e+00,0.000000000000000000e+00,0.000000000000000000e+00
-1.136005595326423645e-01,3.876608237624168396e-02,7.757863402366638184e-01,-4.667592793703079224e-02,1.407886594533920288e-01,6.708902716636657715e-01,7.265715003013610840e-01,-1.341618876904249191e-02,1.665347069501876831e-01,1.106583699584007263e-01,2.603886127471923828e-01,-1.267227679491043091e-01,-1.085731834173202515e-01,-5.951423645019531250e-01,-2.514988780021667480e-01,-2.417650073766708374e-01,4.054272770881652832e-01,-2.111408263444900513e-01,3.004026040434837341e-02,-3.700305521488189697e-01,2.268554270267486572e-01,3.216200172901153564e-01,-2.064576148986816406e+00,5.169090628623962402e-01,-1.108372688293457031e+00,8.383464217185974121e-01,2.168555110692977905e-01,-7.122785598039627075e-02,4.425333738327026367e-01,0.000000000000000000e+00,0.000000000000000000e+00,0.000000000000000000e+00,0.000000000000000000e+00,0.000000000000000000e+00,0.000000000000000000e+00,0.000000000000000000e+00,-5.592426061630249023e-01,-5.775569677352905273e-01,6.966711282730102539e-01,1.014918088912963867e+00,-1.646863818168640137e-01,1.002981886267662048e-02,-2.420383840799331665e-01,0.000000000000000000e+00,0.000000000000000000e+00,0.000000000000000000e+00,0.000000000000000000e+00,0.000000000000000000e+00,0.000000000000000000e+00,0.000000000000000000e+00
-1.111158058047294617e-01,4.256161302328109741e-02,7.763499021530151367e-01,-5.036552622914314270e-02,1.457705050706863403e-01,6.697778105735778809e-01,7.263690233230590820e-01,-1.994699053466320038e-02,1.641852855682373047e-01,9.507956355810165405e-02,2.553079724311828613e-01,-1.106539368629455566e-01,-1.170153096318244934e-01,-6.032347083091735840e-01,-2.473838031291961670e-01,-2.376958131790161133e-01,4.042102992534637451e-01,-2.124339193105697632e-01,2.738573029637336731e-02,-3.742353320121765137e-01,2.395993918180465698e-01,3.279119729995727539e-01,-2.075093746185302734e+00,5.087238550186157227e-01,-1.119729995727539062e+00,8.735335469245910645e-01,2.284756004810333252e-01,-6.779984384775161743e-02,4.467268288135528564e-01,0.000000000000000000e+00,0.000000000000000000e+00,0.000000000000000000e+00,0.000000000000000000e+00,0.000000000000000000e+00,0.000000000000000000e+00,0.000000000000000000e+00,-5.697807669639587402e-01,-5.818887352943420410e-01,7.002154588699340820e-01,1.013049483299255371e+00,-1.727889329195022583e-01,1.312190201133489609e-02,-2.588766217231750488e-01,0.000000000000000000e+00,0.000000000000000000e+00,0.000000000000000000e+00,0.000000000000000000e+00,0.000000000000000000e+00,0.000000000000000000e+00,0.000000000000000000e+00
-1.095577180385589600e-01,4.594100639224052429e-02,7.761861681938171387e-01,-5.340415984392166138e-02,1.484612673521041870e-01,6.695312857627868652e-01,7.258340716361999512e-01,-2.485727518796920776e-02,1.667305529117584229e-01,9.462648630142211914e-02,2.555039227008819580e-01,-1.043477952480316162e-01,-1.195312961935997009e-01,-6.087108850479125977e-01,-2.439623475074768066e-01,-2.342814505100250244e-01,4.074317514896392822e-01,-2.183046489953994751e-01,2.757131122052669525e-02,-3.833204507827758789e-01,2.481485307216644287e-01,3.337850272655487061e-01,-2.080947160720825195e+00,4.961338937282562256e-01,-1.119595408439636230e+00,9.040372967720031738e-01,2.316973358392715454e-01,-6.457322835922241211e-02,4.438174366950988770e-01,0.000000000000000000e+00,0.000000000000000000e+00,0.000000000000000000e+00,0.000000000000000000e+00,0.000000000000000000e+00,0.000000000000000000e+00,0.000000000000000000e+00,-5.786238312721252441e-01,-5.846597552299499512e-01,7.027662992477416992e-01,1.011331677436828613e+00,-1.717663407325744629e-01,1.192347519099712372e-02,-2.682662606239318848e-01,0.000000000000000000e+00,0.000000000000000000e+00,0.000000000000000000e+00,0.000000000000000000e+00,0.000000000000000000e+00,0.000000000000000000e+00,0.000000000000000000e+00
-1.088601797819137573e-01,4.896071180701255798e-02,7.761610746383666992e-01,-5.625709891319274902e-02,1.511576473712921143e-01,6.689434647560119629e-01,7.256039977073669434e-01,-2.920398861169815063e-02,1.665608286857604980e-01,9.110491722822189331e-02,2.546503245830535889e-01,-1.004026234149932861e-01,-1.197859942913055420e-01,-6.125153303146362305e-01,-2.413344532251358032e-01,-2.316717505455017090e-01,4.060780107975006104e-01,-2.227098345756530762e-01,2.822525054216384888e-02,-3.874138295650482178e-01,2.544451653957366943e-01,3.383278846740722656e-01,-2.087323427200317383e+00,4.900685250759124756e-01,-1.122242331504821777e+00,9.138860702514648438e-01,2.430956363677978516e-01,-6.332183629274368286e-02,4.488584399223327637e-01,0.000000000000000000e+00,0.000000000000000000e+00,0.000000000000000000e+00,0.000000000000000000e+00,0.000000000000000000e+00,0.000000000000000000e+00,0.000000000000000000e+00,-5.820710659027099609e-01,-5.873274207115173340e-01,7.027698755264282227e-01,1.009881496429443359e+00,-1.741176396608352661e-01,1.229741331189870834e-02,-2.781953811645507812e-01,0.000000000000000000e+00,0.000000000000000000e+00,0.000000000000000000e+00,0.000000000000000000e+00,0.000000000000000000e+00,0.000000000000000000e+00,0.000000000000000000e+00
-1.089624688029289246e-01,5.154209956526756287e-02,7.760828137397766113e-01,-5.850433930754661560e-02,1.523532718420028687e-01,6.685130596160888672e-01,7.255728840827941895e-01,-3.277591243386268616e-02,1.673631370067596436e-01,8.952265977859497070e-02,2.576472759246826172e-01,-9.988040477037429810e-02,-1.189660504460334778e-01,-6.128939390182495117e-01,-2.387114465236663818e-01,-2.298106700181961060e-01,4.034205377101898193e-01,-2.263599485158920288e-01,2.894816175103187561e-02,-3.899971842765808105e-01,2.596104741096496582e-01,3.422244191169738770e-01,-2.090962409973144531e+00,4.856306612491607666e-01,-1.124077320098876953e+00,9.194999337196350098e-01,2.518562078475952148e-01,-6.187414750456809998e-02,4.543741047382354736e-01,0.000000000000000000e+00,0.000000000000000000e+00,0.000000000000000000e+00,0.000000000000000000e+00,0.000000000000000000e+00,0.000000000000000000e+00,0.000000000000000000e+00,-5.850676894187927246e-01,-5.903162956237792969e-01,7.037569284439086914e-01,1.008634924888610840e+00,-1.769054681062698364e-01,1.289984676986932755e-02,-2.871482968330383301e-01,0.000000000000000000e+00,0.000000000000000000e+00,0.000000000000000000e+00,0.000000000000000000e+00,0.000000000000000000e+00,0.000000000000000000e+00,0.000000000000000000e+00
-1.098100170493125916e-01,5.363482236862182617e-02,7.762939929962158203e-01,-6.048027053475379944e-02,1.528612971305847168e-01,6.688114404678344727e-01,7.250288724899291992e-01,-3.765505179762840271e-02,1.686235666275024414e-01,9.064732491970062256e-02,2.631358504295349121e-01,-1.000905185937881470e-01,-1.177647039294242859e-01,-6.119646430015563965e-01,-2.374084293842315674e-01,-2.282365560531616211e-01,4.001708328723907471e-01,-2.260105460882186890e-01,3.032549284398555756e-02,-3.933801949024200439e-01,2.630343139171600342e-01,3.457667529582977295e-01,-2.093025207519531250e+00,4.791325330734252930e-01,-1.124776244163513184e+00,9.271891117095947266e-01,2.581007182598114014e-01,-5.955799669027328491e-02,4.582089483737945557e-01,0.000000000000000000e+00,0.000000000000000000e+00,0.000000000000000000e+00,0.000000000000000000e+00,0.000000000000000000e+00,0.000000000000000000e+00,0.000000000000000000e+00,-5.867379307746887207e-01,-5.928843617439270020e-01,7.042526602745056152e-01,1.007969975471496582e+00,-1.783564686775207520e-01,1.253459975123405457e-02,-2.948085367679595947e-01,0.000000000000000000e+00,0.000000000000000000e+00,0.000000000000000000e+00,0.000000000000000000e+00,0.000000000000000000e+00,0.000000000000000000e+00,0.000000000000000000e+00
-1.114226877689361572e-01,5.512661486864089966e-02,7.766653895378112793e-01,-6.089827045798301697e-02,1.523803323507308960e-01,6.688634753227233887e-01,7.250471115112304688e-01,-3.981438651680946350e-02,1.682663410902023315e-01,9.433884918689727783e-02,2.698780298233032227e-01,-1.019696295261383057e-01,-1.164629459381103516e-01,-6.080992817878723145e-01,-2.385269105434417725e-01,-2.287091314792633057e-01,3.969767391681671143e-01,-2.248349487781524658e-01,3.221726045012474060e-02,-3.950653374195098877e-01,2.637359499931335449e-01,3.463898003101348877e-01,-2.083927869796752930e+00,4.726522564888000488e-01,-1.122062444686889648e+00,9.364035725593566895e-01,2.605808079242706299e-01,-5.857720226049423218e-02,4.603214561939239502e-01,0.000000000000000000e+00,0.000000000000000000e+00,0.000000000000000000e+00,0.000000000000000000e+00,0.000000000000000000e+00,0.000000000000000000e+00,0.000000000000000000e+00,-5.854751467704772949e-01,-5.949622988700866699e-01,7.046017050743103027e-01,1.007488250732421875e+00,-1.784553527832031250e-01,1.120629161596298218e-02,-2.978280186653137207e-01,0.000000000000000000e+00,0.000000000000000000e+00,0.000000000000000000e+00,0.000000000000000000e+00,0.000000000000000000e+00,0.000000000000000000e+00,0.000000000000000000e+00
-1.138312816619873047e-01,5.595311895012855530e-02,7.768731713294982910e-01,-6.036055833101272583e-02,1.506763845682144165e-01,6.685571670532226562e-01,7.257303595542907715e-01,-4.155118018388748169e-02,1.685458719730377197e-01,1.001679673790931702e-01,2.782776355743408203e-01,-1.042674332857131958e-01,-1.147219687700271606e-01,-6.015368700027465820e-01,-2.398816198110580444e-01,-2.290458083152770996e-01,3.923147916793823242e-01,-2.230032682418823242e-01,3.612925484776496887e-02,-3.944394290447235107e-01,2.627818286418914795e-01,3.474332988262176514e-01,-2.065140247344970703e+00,4.661393761634826660e-01,-1.116812467575073242e+00,9.504952430725097656e-01,2.628307342529296875e-01,-5.866998061537742615e-02,4.634317457675933838e-01,0.000000000000000000e+00,0.000000000000000000e+00,0.000000000000000000e+00,0.000000000000000000e+00,0.000000000000000000e+00,0.000000000000000000e+00,0.000000000000000000e+00,-5.813091397285461426e-01,-5.982566475868225098e-01,7.042152285575866699e-01,1.003219008445739746e+00,-1.786486357450485229e-01,6.688287947326898575e-03,-3.025995790958404541e-01,0.000000000000000000e+00,0.000000000000000000e+00,0.000000000000000000e+00,0.000000000000000000e+00,0.000000000000000000e+00,0.000000000000000000e+00,0.000000000000000000e+00
-1.171542182564735413e-01,5.609186738729476929e-02,7.772536277770996094e-01,-5.957024544477462769e-02,1.484367847442626953e-01,6.678233742713928223e-01,7.269317507743835449e-01,-4.228109493851661682e-02,1.676622778177261353e-01,1.029486134648323059e-01,2.844329178333282471e-01,-1.091269329190254211e-01,-1.127589270472526550e-01,-5.920736789703369141e-01,-2.411531358957290649e-01,-2.309581190347671509e-01,3.814753293991088867e-01,-2.177665829658508301e-01,4.153871163725852966e-02,-3.921886384487152100e-01,2.602954506874084473e-01,3.464982509613037109e-01,-2.039106607437133789e+00,4.573596417903900146e-01,-1.112268447875976562e+00,9.656814336776733398e-01,2.627251446247100830e-01,-6.030291691422462463e-02,4.608459472656250000e-01,0.000000000000000000e+00,0.000000000000000000e+00,0.000000000000000000e+00,0.000000000000000000e+00,0.000000000000000000e+00,0.000000000000000000e+00,0.000000000000000000e+00,-5.732012391090393066e-01,-6.020950078964233398e-01,7.048417925834655762e-01,9.964898824691772461e-01,-1.807194203138351440e-01,3.606603480875492096e-03,-3.021206855773925781e-01,0.000000000000000000e+00,0.000000000000000000e+00,0.000000000000000000e+00,0.000000000000000000e+00,0.000000000000000000e+00,0.000000000000000000e+00,0.000000000000000000e+00
-1.214808076620101929e-01,5.542426556348800659e-02,7.775378823280334473e-01,-5.873002484440803528e-02,1.457560062408447266e-01,6.669170856475830078e-01,7.283732295036315918e-01,-4.306988045573234558e-02,1.662056446075439453e-01,1.059610471129417419e-01,2.906625568866729736e-01,-1.207065954804420471e-01,-1.082689613103866577e-01,-5.841108560562133789e-01,-2.421491295099258423e-01,-2.291552275419235229e-01,3.715302050113677979e-01,-2.105544358491897583e-01,4.519829899072647095e-02,-3.901021182537078857e-01,2.550367414951324463e-01,3.460778594017028809e-01,-2.001230001449584961e+00,4.547389149665832520e-01,-1.107961416244506836e+00,9.791873693466186523e-01,2.598657011985778809e-01,-6.442087888717651367e-02,4.486831128597259521e-01,0.000000000000000000e+00,0.000000000000000000e+00,0.000000000000000000e+00,0.000000000000000000e+00,0.000000000000000000e+00,0.000000000000000000e+00,0.000000000000000000e+00,-5.601852536201477051e-01,-6.030861139297485352e-01,7.060615420341491699e-01,9.868456721305847168e-01,-1.817622333765029907e-01,-9.392962092533707619e-04,-2.979204952716827393e-01,0.000000000000000000e+00,0.000000000000000000e+00,0.000000000000000000e+00,0.000000000000000000e+00,0.000000000000000000e+00,0.000000000000000000e+00,0.000000000000000000e+00
-1.268987506628036499e-01,5.389178916811943054e-02,7.774623632431030273e-01,-5.627170950174331665e-02,1.408239454030990601e-01,6.660465002059936523e-01,7.303315401077270508e-01,-4.145735502243041992e-02,1.642235517501831055e-01,1.093306839466094971e-01,3.026411533355712891e-01,-1.393837034702301025e-01,-9.788091480731964111e-02,-5.707901120185852051e-01,-2.429689764976501465e-01,-2.240839004516601562e-01,3.592323958873748779e-01,-2.047643512487411499e-01,4.983131587505340576e-02,-3.845840990543365479e-01,2.449058890342712402e-01,3.449718058109283447e-01,-1.951072812080383301e+00,4.471915960311889648e-01,-1.099305510520935059e+00,9.847596883773803711e-01,2.622857987880706787e-01,-6.646742671728134155e-02,4.476785659790039062e-01,0.000000000000000000e+00,0.000000000000000000e+00,0.000000000000000000e+00,0.000000000000000000e+00,0.000000000000000000e+00,0.000000000000000000e+00,0.000000000000000000e+00,-5.368734002113342285e-01,-6.037720441818237305e-01,7.068846821784973145e-01,9.734306931495666504e-01,-1.854673326015472412e-01,-3.485433990135788918e-03,-2.949538528919219971e-01,0.000000000000000000e+00,0.000000000000000000e+00,0.000000000000000000e+00,0.000000000000000000e+00,0.000000000000000000e+00,0.000000000000000000e+00,0.000000000000000000e+00
-1.335112750530242920e-01,5.138755962252616882e-02,7.771959900856018066e-01,-5.321551859378814697e-02,1.341113299131393433e-01,6.647574305534362793e-01,7.329937219619750977e-01,-3.789186850190162659e-02,1.643051207065582275e-01,1.172574982047080994e-01,3.127206861972808838e-01,-1.566690355539321899e-01,-8.879674971103668213e-02,-5.550166368484497070e-01,-2.442485988140106201e-01,-2.238200157880783081e-01,3.468231260776519775e-01,-1.961281299591064453e-01,5.263527855277061462e-02,-3.802250027656555176e-01,2.321049273014068604e-01,3.436772525310516357e-01,-1.885694384574890137e+00,4.357694685459136963e-01,-1.079169034957885742e+00,1.012937426567077637e+00,2.565528452396392822e-01,-6.774997711181640625e-02,4.357034862041473389e-01,0.000000000000000000e+00,0.000000000000000000e+00,0.000000000000000000e+00,0.000000000000000000e+00,0.000000000000000000e+00,0.000000000000000000e+00,0.000000000000000000e+00,-5.121225118637084961e-01,-6.004314422607421875e-01,7.048560976982116699e-01,9.628587365150451660e-01,-1.830563545227050781e-01,-1.009400468319654465e-02,-2.961601316928863525e-01,0.000000000000000000e+00,0.000000000000000000e+00,0.000000000000000000e+00,0.000000000000000000e+00,0.000000000000000000e+00,0.000000000000000000e+00,0.000000000000000000e+00
-1.412455588579177856e-01,4.798814281821250916e-02,7.758374214172363281e-01,-5.101050809025764465e-02,1.264524012804031372e-01,6.637676358222961426e-01,7.354047894477844238e-01,-3.445617109537124634e-02,1.662630140781402588e-01,1.289684474468231201e-01,3.250264525413513184e-01,-1.889227032661437988e-01,-7.030481100082397461e-02,-5.391762852668762207e-01,-2.449962049722671509e-01,-2.252534925937652588e-01,3.323177397251129150e-01,-1.903519332408905029e-01,6.409505009651184082e-02,-3.773934543132781982e-01,2.157577127218246460e-01,3.443926274776458740e-01,-1.816476345062255859e+00,4.139364659786224365e-01,-1.058476567268371582e+00,1.044015526771545410e+00,2.531256079673767090e-01,-6.527762115001678467e-02,4.273304939270019531e-01,0.000000000000000000e+00,0.000000000000000000e+00,0.000000000000000000e+00,0.000000000000000000e+00,0.000000000000000000e+00,0.000000000000000000e+00,0.000000000000000000e+00,-4.861116111278533936e-01,-6.019580364227294922e-01,7.024276256561279297e-01,9.446699619293212891e-01,-1.813581585884094238e-01,-1.340350136160850525e-02,-2.943874597549438477e-01,0.000000000000000000e+00,0.000000000000000000e+00,0.000000000000000000e+00,0.000000000000000000e+00,0.000000000000000000e+00,0.000000000000000000e+00,0.000000000000000000e+00
-1.500086039304733276e-01,4.348676279187202454e-02,7.738803625106811523e-01,-4.515749588608741760e-02,1.178975999355316162e-01,6.630932092666625977e-01,7.378132343292236328e-01,-2.900478988885879517e-02,1.636768281459808350e-01,1.423176974058151245e-01,3.415740728378295898e-01,-2.198797166347503662e-01,-5.255994573235511780e-02,-5.208079814910888672e-01,-2.514631152153015137e-01,-2.205670624971389771e-01,3.208766579627990723e-01,-1.915675848722457886e-01,6.848818808794021606e-02,-3.770776391029357910e-01,1.996997445821762085e-01,3.480044901371002197e-01,-1.725120186805725098e+00,3.956020474433898926e-01,-1.036082029342651367e+00,1.072289943695068359e+00,2.513749301433563232e-01,-6.902915239334106445e-02,4.188990890979766846e-01,0.000000000000000000e+00,0.000000000000000000e+00,0.000000000000000000e+00,0.000000000000000000e+00,0.000000000000000000e+00,0.000000000000000000e+00,0.000000000000000000e+00,-4.651768505573272705e-01,-6.073745489120483398e-01,6.929969191551208496e-01,9.229564666748046875e-01,-1.773732304573059082e-01,-2.142207510769367218e-02,-3.014403581619262695e-01,0.000000000000000000e+00,0.000000000000000000e+00,0.000000000000000000e+00,0.000000000000000000e+00,0.000000000000000000e+00,0.000000000000000000e+00,0.000000000000000000e+00
-1.597574949264526367e-01,3.808495029807090759e-02,7.723689675331115723e-01,-3.973370790481567383e-02,1.078842654824256897e-01,6.615877747535705566e-01,7.410019040107727051e-01,-2.000604383647441864e-02,1.660886853933334351e-01,1.734914183616638184e-01,3.574882149696350098e-01,-2.570353448390960693e-01,-2.828693389892578125e-02,-5.019860267639160156e-01,-2.531077563762664795e-01,-2.064234912395477295e-01,3.062974810600280762e-01,-1.801696270704269409e-01,7.786057889461517334e-02,-3.818833827972412109e-01,1.798118054866790771e-01,3.515900075435638428e-01,-1.599398851394653320e+00,3.783963024616241455e-01,-9.997961521148681641e-01,1.113900423049926758e+00,2.495768666267395020e-01,-7.667016237974166870e-02,4.014832377433776855e-01,0.000000000000000000e+00,0.000000000000000000e+00,0.000000000000000000e+00,0.000000000000000000e+00,0.000000000000000000e+00,0.000000000000000000e+00,0.000000000000000000e+00,-4.456532597541809082e-01,-6.185573339462280273e-01,6.893844604492187500e-01,8.877046108245849609e-01,-1.872917115688323975e-01,-3.692002967000007629e-02,-3.011932075023651123e-01,0.000000000000000000e+00,0.000000000000000000e+00,0.000000000000000000e+00,0.000000000000000000e+00,0.000000000000000000e+00,0.000000000000000000e+00,0.000000000000000000e+00
-1.702047735452651978e-01,3.190369531512260437e-02,7.712701559066772461e-01,-3.567219153046607971e-02,9.955289959907531738e-02,6.597002744674682617e-01,7.440512180328369141e-01,-1.714396104216575623e-02,1.641088724136352539e-01,1.925549060106277466e-01,3.754682540893554688e-01,-2.965893745422363281e-01,-6.950045004487037659e-03,-4.884559512138366699e-01,-2.550695538520812988e-01,-1.930512189865112305e-01,2.893609106540679932e-01,-1.598078459501266479e-01,8.203890919685363770e-02,-3.768625259399414062e-01,1.613699644804000854e-01,3.511494100093841553e-01,-1.460620284080505371e+00,3.585555851459503174e-01,-9.581657052040100098e-01,1.152520775794982910e+00,2.534871101379394531e-01,-8.924123644828796387e-02,3.928638100624084473e-01,0.000000000000000000e+00,0.000000000000000000e+00,0.000000000000000000e+00,0.000000000000000000e+00,0.000000000000000000e+00,0.000000000000000000e+00,0.000000000000000000e+00,-4.281810224056243896e-01,-6.221683025360107422e-01,6.760792136192321777e-01,8.694788813591003418e-01,-1.901515424251556396e-01,-5.459495633840560913e-02,-3.085119426250457764e-01,0.000000000000000000e+00,0.000000000000000000e+00,0.000000000000000000e+00,0.000000000000000000e+00,0.000000000000000000e+00,0.000000000000000000e+00,0.000000000000000000e+00
-1.811555773019790649e-01,2.518739365041255951e-02,7.693402767181396484e-01,-3.196293860673904419e-02,9.006019681692123413e-02,6.576630473136901855e-01,7.472261190414428711e-01,-1.189347449690103531e-02,1.636460423469543457e-01,2.118425369262695312e-01,3.936043381690979004e-01,-3.516528606414794922e-01,2.177342027425765991e-02,-4.723243415355682373e-01,-2.546281814575195312e-01,-1.775696426630020142e-01,2.669857740402221680e-01,-1.386357694864273071e-01,9.085505455732345581e-02,-3.769946098327636719e-01,1.399844586849212646e-01,3.530089557170867920e-01,-1.292932391166687012e+00,3.411698639392852783e-01,-9.135427474975585938e-01,1.194000720977783203e+00,2.640976905822753906e-01,-1.002158150076866150e-01,3.699683248996734619e-01,0.000000000000000000e+00,0.000000000000000000e+00,0.000000000000000000e+00,0.000000000000000000e+00,0.000000000000000000e+00,0.000000000000000000e+00,0.000000000000000000e+00,-4.127283096313476562e-01,-6.238062381744384766e-01,6.650351881980895996e-01,8.459891676902770996e-01,-1.903043538331985474e-01,-7.183375954627990723e-02,-2.968814074993133545e-01,0.000000000000000000e+00,0.000000000000000000e+00,0.000000000000000000e+00,0.000000000000000000e+00,0.000000000000000000e+00,0.000000000000000000e+00,0.000000000000000000e+00
-1.922461390495300293e-01,1.829473860561847687e-02,7.684938311576843262e-01,-2.556290850043296814e-02,8.167906850576400757e-02,6.538954377174377441e-01,7.517285346984863281e-01,-6.478823721408843994e-03,1.590091139078140259e-01,2.412832230329513550e-01,4.182496964931488037e-01,-3.884749412536621094e-01,5.319578200578689575e-02,-4.595944285392761230e-01,-2.600970566272735596e-01,-1.639081835746765137e-01,2.509760558605194092e-01,-1.057356819510459900e-01,9.704591333866119385e-02,-3.697146177291870117e-01,1.169192790985107422e-01,3.484841287136077881e-01,-1.110477089881896973e+00,3.301317989826202393e-01,-8.566586375236511230e-01,1.242157101631164551e+00,2.910402417182922363e-01,-1.133926883339881897e-01,3.433207869529724121e-01,0.000000000000000000e+00,0.000000000000000000e+00,0.000000000000000000e+00,0.000000000000000000e+00,0.000000000000000000e+00,0.000000000000000000e+00,0.000000000000000000e+00,-3.925503492355346680e-01,-6.225891113281250000e-01,6.417173743247985840e-01,8.233525156974792480e-01,-1.774304956197738647e-01,-9.212247282266616821e-02,-2.887235581874847412e-01,0.000000000000000000e+00,0.000000000000000000e+00,0.000000000000000000e+00,0.000000000000000000e+00,0.000000000000000000e+00,0.000000000000000000e+00,0.000000000000000000e+00
-2.030633389949798584e-01,1.177968271076679230e-02,7.691290974617004395e-01,-1.890169642865657806e-02,7.438028603792190552e-02,6.468544006347656250e-01,7.587422132492065430e-01,2.028082963079214096e-03,1.539482623338699341e-01,2.830295264720916748e-01,4.417921304702758789e-01,-4.066390991210937500e-01,8.416291326284408569e-02,-4.540841877460479736e-01,-2.631083428859710693e-01,-1.442802995443344116e-01,2.424295544624328613e-01,-5.917013436555862427e-02,1.136030405759811401e-01,-3.651424944400787354e-01,8.364643156528472900e-02,3.410350084304809570e-01,-9.004750251770019531e-01,3.230098187923431396e-01,-7.866891622543334961e-01,1.300164103507995605e+00,3.194081187248229980e-01,-1.285214722156524658e-01,2.956890165805816650e-01,0.000000000000000000e+00,0.000000000000000000e+00,0.000000000000000000e+00,0.000000000000000000e+00,0.000000000000000000e+00,0.000000000000000000e+00,0.000000000000000000e+00,-3.773889541625976562e-01,-6.139089465141296387e-01,6.196050047874450684e-01,7.947582006454467773e-01,-1.605200767517089844e-01,-1.145705431699752808e-01,-2.704453468322753906e-01,0.000000000000000000e+00,0.000000000000000000e+00,0.000000000000000000e+00,0.000000000000000000e+00,0.000000000000000000e+00,0.000000000000000000e+00,0.000000000000000000e+00
-2.131023705005645752e-01,6.462985184043645859e-03,7.702682614326477051e-01,-1.691487617790699005e-02,6.815853714942932129e-02,6.450068950653076172e-01,7.609431147575378418e-01,4.146463237702846527e-03,1.535989195108413696e-01,3.101840913295745850e-01,4.557098150253295898e-01,-4.232768118381500244e-01,1.008595004677772522e-01,-4.500549137592315674e-01,-2.671399116516113281e-01,-1.421190053224563599e-01,2.381791472434997559e-01,-1.523698307573795319e-02,1.366481035947799683e-01,-3.638144135475158691e-01,5.768437311053276062e-02,3.285398483276367188e-01,-6.978119611740112305e-01,3.210045993328094482e-01,-7.313679456710815430e-01,1.357866406440734863e+00,3.420799672603607178e-01,-1.390842348337173462e-01,2.480813562870025635e-01,0.000000000000000000e+00,0.000000000000000000e+00,0.000000000000000000e+00,0.000000000000000000e+00,0.000000000000000000e+00,0.000000000000000000e+00,0.000000000000000000e+00,-3.580746650695800781e-01,-6.048430800437927246e-01,6.033854484558105469e-01,7.722858190536499023e-01,-1.619978398084640503e-01,-1.219078674912452698e-01,-2.544673085212707520e-01,0.000000000000000000e+00,0.000000000000000000e+00,0.000000000000000000e+00,0.000000000000000000e+00,0.000000000000000000e+00,0.000000000000000000e+00,0.000000000000000000e+00
-2.221244424581527710e-01,2.434788970276713371e-03,7.705833315849304199e-01,-1.255383994430303574e-02,6.211417168378829956e-02,6.416892409324645996e-01,7.643423080444335938e-01,1.283046882599592209e-02,1.455815881490707397e-01,3.255447745323181152e-01,4.654546082019805908e-01,-4.385970234870910645e-01,1.106382906436920166e-01,-4.533022940158843994e-01,-2.755648493766784668e-01,-1.444473117589950562e-01,2.527021169662475586e-01,1.567526534199714661e-02,1.500175893306732178e-01,-3.475592136383056641e-01,3.569239377975463867e-02,3.134537637233734131e-01,-4.855174720287322998e-01,3.423254787921905518e-01,-6.707352399826049805e-01,1.386817574501037598e+00,3.673725128173828125e-01,-1.468274593353271484e-01,1.907314211130142212e-01,0.000000000000000000e+00,0.000000000000000000e+00,0.000000000000000000e+00,0.000000000000000000e+00,0.000000000000000000e+00,0.000000000000000000e+00,0.000000000000000000e+00,-3.299821317195892334e-01,-5.986745953559875488e-01,5.917470455169677734e-01,7.658298015594482422e-01,-1.699163913726806641e-01,-1.196439266204833984e-01,-2.169501781463623047e-01,0.000000000000000000e+00,0.000000000000000000e+00,0.000000000000000000e+00,0.000000000000000000e+00,0.000000000000000000e+00,0.000000000000000000e+00,0.000000000000000000e+00
-2.295780032873153687e-01,3.445509355515241623e-04,7.726770043373107910e-01,-1.101427152752876282e-02,5.481708422303199768e-02,6.386119723320007324e-01,7.674949765205383301e-01,2.567701227962970734e-02,1.441185325384140015e-01,3.364760577678680420e-01,4.648572504520416260e-01,-4.356030523777008057e-01,1.175946891307830811e-01,-4.599030017852783203e-01,-2.716532349586486816e-01,-1.329201608896255493e-01,2.745485305786132812e-01,5.026884377002716064e-02,1.590403318405151367e-01,-3.312473595142364502e-01,2.034603431820869446e-02,2.984253466129302979e-01,-2.628229856491088867e-01,3.583598434925079346e-01,-6.028571128845214844e-01,1.424652218818664551e+00,3.880465328693389893e-01,-1.551302373409271240e-01,1.297628283500671387e-01,0.000000000000000000e+00,0.000000000000000000e+00,0.000000000000000000e+00,0.000000000000000000e+00,0.000000000000000000e+00,0.000000000000000000e+00,0.000000000000000000e+00,-2.940140366554260254e-01,-5.898884534835815430e-01,5.758151412010192871e-01,7.703853845596313477e-01,-1.812660992145538330e-01,-1.207109242677688599e-01,-1.908562481403350830e-01,0.000000000000000000e+00,0.000000000000000000e+00,0.000000000000000000e+00,0.000000000000000000e+00,0.000000000000000000e+00,0.000000000000000000e+00,0.000000000000000000e+00
-2.350625544786453247e-01,3.150776028633117676e-04,7.739348411560058594e-01,-1.190978195518255234e-02,4.975514486432075500e-02,6.375218033790588379e-01,7.687317728996276855e-01,3.790735453367233276e-02,1.453039050102233887e-01,3.484373688697814941e-01,4.564480781555175781e-01,-4.397581815719604492e-01,1.202569976449012756e-01,-4.749144613742828369e-01,-2.677743136882781982e-01,-1.194742992520332336e-01,3.136650025844573975e-01,4.999805241823196411e-02,1.710553318262100220e-01,-3.151972889900207520e-01,9.728951379656791687e-03,2.891715764999389648e-01,-7.480308413505554199e-02,3.887364566326141357e-01,-5.341076850891113281e-01,1.451062202453613281e+00,4.111164510250091553e-01,-1.593542844057083130e-01,6.072190776467323303e-02,0.000000000000000000e+00,0.000000000000000000e+00,0.000000000000000000e+00,0.000000000000000000e+00,0.000000000000000000e+00,0.000000000000000000e+00,0.000000000000000000e+00,-2.515586614608764648e-01,-5.799756050109863281e-01,5.445190668106079102e-01,7.851964831352233887e-01,-1.930530071258544922e-01,-1.226274222135543823e-01,-1.476486623287200928e-01,0.000000000000000000e+00,0.000000000000000000e+00,0.000000000000000000e+00,0.000000000000000000e+00,0.000000000000000000e+00,0.000000000000000000e+00,0.000000000000000000e+00
-2.381828725337982178e-01,2.358486875891685486e-03,7.755929827690124512e-01,-1.455647498369216919e-02,4.767084866762161255e-02,6.348963379859924316e-01,7.709878683090209961e-01,4.676865786314010620e-02,1.449073255062103271e-01,3.525400161743164062e-01,4.443305730819702148e-01,-4.307861626148223877e-01,1.247685402631759644e-01,-4.867778122425079346e-01,-2.569982111454010010e-01,-1.001477465033531189e-01,3.429144620895385742e-01,3.187806531786918640e-02,1.751197129487991333e-01,-2.935512363910675049e-01,3.397910157218575478e-03,2.781829833984375000e-01,6.863524019718170166e-02,4.386229217052459717e-01,-4.637195467948913574e-01,1.454672455787658691e+00,4.333841800689697266e-01,-1.608695536851882935e-01,1.108921039849519730e-02,0.000000000000000000e+00,0.000000000000000000e+00,0.000000000000000000e+00,0.000000000000000000e+00,0.000000000000000000e+00,0.000000000000000000e+00,0.000000000000000000e+00,-2.137812674045562744e-01,-5.727143287658691406e-01,5.126019716262817383e-01,8.086302280426025391e-01,-1.932847648859024048e-01,-1.259224563837051392e-01,-1.120386570692062378e-01,0.000000000000000000e+00,0.000000000000000000e+00,0.000000000000000000e+00,0.000000000000000000e+00,0.000000000000000000e+00,0.000000000000000000e+00,0.000000000000000000e+00
-2.393493503332138062e-01,5.838428158313035965e-03,7.760452032089233398e-01,-1.777305826544761658e-02,4.768117889761924744e-02,6.309147477149963379e-01,7.741816043853759766e-01,5.895806849002838135e-02,1.437502205371856689e-01,3.595766127109527588e-01,4.237375855445861816e-01,-4.305599331855773926e-01,1.242075338959693909e-01,-4.969412684440612793e-01,-2.511074841022491455e-01,-1.136843562126159668e-01,3.810031712055206299e-01,9.370916523039340973e-03,1.674937158823013306e-01,-2.696352303028106689e-01,3.799496451392769814e-03,2.733863592147827148e-01,1.908835321664810181e-01,5.041104555130004883e-01,-4.117704629898071289e-01,1.435532093048095703e+00,4.382531344890594482e-01,-1.634744256734848022e-01,-5.177048221230506897e-02,0.000000000000000000e+00,0.000000000000000000e+00,0.000000000000000000e+00,0.000000000000000000e+00,0.000000000000000000e+00,0.000000000000000000e+00,0.000000000000000000e+00,-1.868001669645309448e-01,-5.716347694396972656e-01,4.896153211593627930e-01,8.320298790931701660e-01,-1.854248791933059692e-01,-1.217017918825149536e-01,-7.667537778615951538e-02,0.000000000000000000e+00,0.000000000000000000e+00,0.000000000000000000e+00,0.000000000000000000e+00,0.000000000000000000e+00,0.000000000000000000e+00,0.000000000000000000e+00
-2.383493781089782715e-01,1.041810773313045502e-02,7.755485773086547852e-01,-2.162542194128036499e-02,4.963910952210426331e-02,6.295002698898315430e-01,7.751113772392272949e-01,6.847341358661651611e-02,1.463873833417892456e-01,3.712116479873657227e-01,4.039249718189239502e-01,-4.356687068939208984e-01,1.197624653577804565e-01,-5.028353333473205566e-01,-2.552016675472259521e-01,-1.452659070491790771e-01,4.195566177368164062e-01,-8.304349030368030071e-04,1.558664888143539429e-01,-2.493522018194198608e-01,2.807786921039223671e-03,2.647607624530792236e-01,2.899590730667114258e-01,5.570167303085327148e-01,-3.761283755302429199e-01,1.414180755615234375e+00,4.569627046585083008e-01,-1.660828739404678345e-01,-1.002259477972984314e-01,0.000000000000000000e+00,0.000000000000000000e+00,0.000000000000000000e+00,0.000000000000000000e+00,0.000000000000000000e+00,0.000000000000000000e+00,0.000000000000000000e+00,-1.637683957815170288e-01,-5.661673545837402344e-01,4.715190529823303223e-01,8.595772385597229004e-01,-1.838983893394470215e-01,-1.151033863425254822e-01,-6.660221517086029053e-02,0.000000000000000000e+00,0.000000000000000000e+00,0.000000000000000000e+00,0.000000000000000000e+00,0.000000000000000000e+00,0.000000000000000000e+00,0.000000000000000000e+00
-2.350311577320098877e-01,1.566153019666671753e-02,7.750788331031799316e-01,-2.345658279955387115e-02,5.144590511918067932e-02,6.287288069725036621e-01,7.755663394927978516e-01,7.785177975893020630e-02,1.498807668685913086e-01,3.780437707901000977e-01,3.918144106864929199e-01,-4.292027354240417480e-01,1.121582910418510437e-01,-5.071336030960083008e-01,-2.589474916458129883e-01,-1.678831875324249268e-01,4.538573324680328369e-01,-1.421607192605733871e-02,1.452138274908065796e-01,-2.327965795993804932e-01,9.148374083451926708e-04,2.540369033813476562e-01,3.705596327781677246e-01,6.047103404998779297e-01,-3.340944349765777588e-01,1.384461760520935059e+00,4.784456193447113037e-01,-1.696830093860626221e-01,-1.442782133817672729e-01,0.000000000000000000e+00,0.000000000000000000e+00,0.000000000000000000e+00,0.000000000000000000e+00,0.000000000000000000e+00,0.000000000000000000e+00,0.000000000000000000e+00,-1.419189572334289551e-01,-5.620173811912536621e-01,4.511126279830932617e-01,8.751899003982543945e-01,-1.898266524076461792e-01,-1.110307201743125916e-01,-5.222661420702934265e-02,0.000000000000000000e+00,0.000000000000000000e+00,0.000000000000000000e+00,0.000000000000000000e+00,0.000000000000000000e+00,0.000000000000000000e+00,0.000000000000000000e+00
-2.296281903982162476e-01,2.126257680356502533e-02,7.741491198539733887e-01,-2.358660288155078888e-02,5.378899350762367249e-02,6.300947070121765137e-01,7.742939591407775879e-01,8.613388240337371826e-02,1.535632014274597168e-01,3.803804814815521240e-01,3.841325044631958008e-01,-4.197660684585571289e-01,1.032952517271041870e-01,-5.037360787391662598e-01,-2.633193433284759521e-01,-1.935807317495346069e-01,4.809522032737731934e-01,-3.645501285791397095e-02,1.308579742908477783e-01,-2.193484753370285034e-01,-1.394202932715415955e-03,2.427222728729248047e-01,4.246101975440979004e-01,6.452808380126953125e-01,-2.954188585281372070e-01,1.353168249130249023e+00,4.832680523395538330e-01,-1.714045703411102295e-01,-1.699860095977783203e-01,0.000000000000000000e+00,0.000000000000000000e+00,0.000000000000000000e+00,0.000000000000000000e+00,0.000000000000000000e+00,0.000000000000000000e+00,0.000000000000000000e+00,-1.246578022837638855e-01,-5.571168065071105957e-01,4.351035654544830322e-01,8.888218998908996582e-01,-1.866255700588226318e-01,-1.078699082136154175e-01,-4.513223096728324890e-02,0.000000000000000000e+00,0.000000000000000000e+00,0.000000000000000000e+00,0.000000000000000000e+00,0.000000000000000000e+00,0.000000000000000000e+00,0.000000000000000000e+00
-2.223140001296997070e-01,2.727710455656051636e-02,7.722343206405639648e-01,-2.244603633880615234e-02,5.689319968223571777e-02,6.306699514389038086e-01,7.736373543739318848e-01,9.602103382349014282e-02,1.549129039049148560e-01,3.769240081310272217e-01,3.767465054988861084e-01,-4.123559892177581787e-01,9.492312371730804443e-02,-4.936701655387878418e-01,-2.622483968734741211e-01,-2.061546593904495239e-01,4.891551733016967773e-01,-6.090492755174636841e-02,1.201900243759155273e-01,-2.088780552148818970e-01,-5.077977664768695831e-03,2.234283685684204102e-01,4.471763074398040771e-01,6.701132059097290039e-01,-2.614537179470062256e-01,1.333378434181213379e+00,4.813943505287170410e-01,-1.724236011505126953e-01,-1.730297356843948364e-01,0.000000000000000000e+00,0.000000000000000000e+00,0.000000000000000000e+00,0.000000000000000000e+00,0.000000000000000000e+00,0.000000000000000000e+00,0.000000000000000000e+00,-1.094629094004631042e-01,-5.532885789871215820e-01,4.238235354423522949e-01,8.981694579124450684e-01,-1.847424358129501343e-01,-1.079002842307090759e-01,-4.264933988451957703e-02,0.000000000000000000e+00,0.000000000000000000e+00,0.000000000000000000e+00,0.000000000000000000e+00,0.000000000000000000e+00,0.000000000000000000e+00,0.000000000000000000e+00
-2.134412229061126709e-01,3.335292264819145203e-02,7.699974179267883301e-01,-1.983815431594848633e-02,5.989230051636695862e-02,6.318315267562866211e-01,7.725337147712707520e-01,1.035414561629295349e-01,1.585351973772048950e-01,3.727484941482543945e-01,3.790251910686492920e-01,-3.990360498428344727e-01,8.708864450454711914e-02,-4.771961569786071777e-01,-2.611317038536071777e-01,-2.139703631401062012e-01,4.884077012538909912e-01,-9.226305782794952393e-02,1.098732277750968933e-01,-1.998301148414611816e-01,-1.192325726151466370e-02,2.000091075897216797e-01,4.424231946468353271e-01,6.890460848808288574e-01,-2.251507043838500977e-01,1.314891695976257324e+00,4.626605510711669922e-01,-1.719580888748168945e-01,-1.583595275878906250e-01,0.000000000000000000e+00,0.000000000000000000e+00,0.000000000000000000e+00,0.000000000000000000e+00,0.000000000000000000e+00,0.000000000000000000e+00,0.000000000000000000e+00,-9.719701111316680908e-02,-5.468042492866516113e-01,4.146207869052886963e-01,9.104107022285461426e-01,-1.774232983589172363e-01,-1.073747575283050537e-01,-4.475355520844459534e-02,0.000000000000000000e+00,0.000000000000000000e+00,0.000000000000000000e+00,0.000000000000000000e+00,0.000000000000000000e+00,0.000000000000000000e+00,0.000000000000000000e+00
-2.031807750463485718e-01,3.957647830247879028e-02,7.679504156112670898e-01,-1.618153974413871765e-02,6.260271370410919189e-02,6.315928101539611816e-01,7.725992202758789062e-01,1.116219535470008850e-01,1.642276942729949951e-01,3.715643286705017090e-01,3.865739405155181885e-01,-3.757920563220977783e-01,8.270146697759628296e-02,-4.549685716629028320e-01,-2.586015462875366211e-01,-2.207262665033340454e-01,4.845159649848937988e-01,-1.267491132020950317e-01,9.694294631481170654e-02,-1.904366016387939453e-01,-2.287629619240760803e-02,1.734516173601150513e-01,4.068449139595031738e-01,6.958100199699401855e-01,-1.957415342330932617e-01,1.306792378425598145e+00,4.294024705886840820e-01,-1.653341948986053467e-01,-1.238971948623657227e-01,0.000000000000000000e+00,0.000000000000000000e+00,0.000000000000000000e+00,0.000000000000000000e+00,0.000000000000000000e+00,0.000000000000000000e+00,0.000000000000000000e+00,-9.635142236948013306e-02,-5.405148267745971680e-01,4.179870188236236572e-01,9.209544658660888672e-01,-1.739116460084915161e-01,-1.060467734932899475e-01,-4.733788222074508667e-02,0.000000000000000000e+00,0.000000000000000000e+00,0.000000000000000000e+00,0.000000000000000000e+00,0.000000000000000000e+00,0.000000000000000000e+00,0.000000000000000000e+00
-1.917417198419570923e-01,4.567882046103477478e-02,7.663429975509643555e-01,-1.155579835176467896e-02,6.620873510837554932e-02,6.333097815513610840e-01,7.709744572639465332e-01,1.151053458452224731e-01,1.809008717536926270e-01,4.015781879425048828e-01,4.036253094673156738e-01,-3.338972628116607666e-01,8.598440885543823242e-02,-4.326940476894378662e-01,-2.613608837127685547e-01,-2.357073575258255005e-01,4.830560088157653809e-01,-1.770524680614471436e-01,7.710443437099456787e-02,-1.847149878740310669e-01,-3.725418820977210999e-02,1.458816528320312500e-01,3.468047082424163818e-01,6.872662305831909180e-01,-1.798280179500579834e-01,1.300615310668945312e+00,3.858313858509063721e-01,-1.601602882146835327e-01,-7.386124134063720703e-02,0.000000000000000000e+00,0.000000000000000000e+00,0.000000000000000000e+00,0.000000000000000000e+00,0.000000000000000000e+00,0.000000000000000000e+00,0.000000000000000000e+00,-1.044851094484329224e-01,-5.342360138893127441e-01,4.286045134067535400e-01,9.299702644348144531e-01,-1.735517978668212891e-01,-1.060476303100585938e-01,-5.651437863707542419e-02,0.000000000000000000e+00,0.000000000000000000e+00,0.000000000000000000e+00,0.000000000000000000e+00,0.000000000000000000e+00,0.000000000000000000e+00,0.000000000000000000e+00
-1.787970364093780518e-01,5.156969651579856873e-02,7.666303515434265137e-01,-5.454948171973228455e-03,6.842424720525741577e-02,6.341797709465026855e-01,7.701326608657836914e-01,1.131915226578712463e-01,2.060471624135971069e-01,4.305281639099121094e-01,4.337322711944580078e-01,-2.482307553291320801e-01,7.907474786043167114e-02,-4.062840044498443604e-01,-2.585293054580688477e-01,-2.449527531862258911e-01,4.738784134387969971e-01,-2.216761261224746704e-01,5.752957984805107117e-02,-1.800381690263748169e-01,-5.712013691663742065e-02,1.262833327054977417e-01,2.550808191299438477e-01,6.469858884811401367e-01,-1.791429221630096436e-01,1.313480496406555176e+00,3.154093623161315918e-01,-1.531344056129455566e-01,-6.817591842263936996e-03,0.000000000000000000e+00,0.000000000000000000e+00,0.000000000000000000e+00,0.000000000000000000e+00,0.000000000000000000e+00,0.000000000000000000e+00,0.000000000000000000e+00,-1.288319230079650879e-01,-5.267266035079956055e-01,4.453556537628173828e-01,9.347436428070068359e-01,-1.718153804540634155e-01,-1.063120365142822266e-01,-6.958992779254913330e-02,0.000000000000000000e+00,0.000000000000000000e+00,0.000000000000000000e+00,0.000000000000000000e+00,0.000000000000000000e+00,0.000000000000000000e+00,0.000000000000000000e+00
-1.658224165439605713e-01,5.808423087000846863e-02,7.682200074195861816e-01,-5.111525024403817952e-05,6.379017978906631470e-02,6.288223266601562500e-01,7.749279141426086426e-01,9.315874427556991577e-02,2.303707152605056763e-01,4.070016443729400635e-01,4.958738386631011963e-01,-1.443185657262802124e-01,5.111173167824745178e-02,-3.664914965629577637e-01,-2.362067848443984985e-01,-2.478461563587188721e-01,4.544389843940734863e-01,-2.505122125148773193e-01,3.730669617652893066e-02,-1.671478301286697388e-01,-7.161461561918258667e-02,1.144004762172698975e-01,1.743936240673065186e-01,5.820810794830322266e-01,-1.876065880060195923e-01,1.337374448776245117e+00,2.655995190143585205e-01,-1.461761742830276489e-01,4.789342731237411499e-02,0.000000000000000000e+00,0.000000000000000000e+00,0.000000000000000000e+00,0.000000000000000000e+00,0.000000000000000000e+00,0.000000000000000000e+00,0.000000000000000000e+00,-1.535735428333282471e-01,-5.210039019584655762e-01,4.686451554298400879e-01,9.261221289634704590e-01,-1.812047809362411499e-01,-1.091745719313621521e-01,-8.433090150356292725e-02,0.000000000000000000e+00,0.000000000000000000e+00,0.000000000000000000e+00,0.000000000000000000e+00,0.000000000000000000e+00,0.000000000000000000e+00,0.000000000000000000e+00
-1.556377559900283813e-01,6.530945748090744019e-02,7.697751522064208984e-01,4.732280503958463669e-03,5.280763655900955200e-02,6.137505173683166504e-01,7.877177596092224121e-01,3.859327360987663269e-02,2.187276482582092285e-01,2.880028188228607178e-01,5.698404908180236816e-01,-1.699263751506805420e-01,1.750044524669647217e-02,-3.142887651920318604e-01,-1.949214488267898560e-01,-2.309565544128417969e-01,4.178210198879241943e-01,-2.694439291954040527e-01,1.550567150115966797e-02,-1.411078125238418579e-01,-7.507388293743133545e-02,1.096120476722717285e-01,1.062342002987861633e-01,4.990088641643524170e-01,-2.103091031312942505e-01,1.353808999061584473e+00,2.303682714700698853e-01,-1.402946859598159790e-01,8.655104041099548340e-02,0.000000000000000000e+00,0.000000000000000000e+00,0.000000000000000000e+00,0.000000000000000000e+00,0.000000000000000000e+00,0.000000000000000000e+00,0.000000000000000000e+00,-1.760057657957077026e-01,-5.134385824203491211e-01,4.979092776775360107e-01,9.088070392608642578e-01,-1.820617020130157471e-01,-1.132169365882873535e-01,-8.958383649587631226e-02,0.000000000000000000e+00,0.000000000000000000e+00,0.000000000000000000e+00,0.000000000000000000e+00,0.000000000000000000e+00,0.000000000000000000e+00,0.000000000000000000e+00
-1.452349275350570679e-01,7.143778353929519653e-02,7.723893523216247559e-01,1.379447616636753082e-02,4.765255749225616455e-02,6.026952862739562988e-01,7.964279055595397949e-01,-1.789157092571258545e-02,2.278646379709243774e-01,2.428446859121322632e-01,6.697469949722290039e-01,-2.209836840629577637e-01,2.741765417158603668e-02,-2.653594315052032471e-01,-1.766254603862762451e-01,-2.208362966775894165e-01,3.777780234813690186e-01,-2.781735956668853760e-01,4.857163410633802414e-03,-1.208257600665092468e-01,-9.006731957197189331e-02,1.037523970007896423e-01,4.906879365444183350e-02,4.102482199668884277e-01,-2.417921870946884155e-01,1.367945313453674316e+00,2.070686519145965576e-01,-1.342093199491500854e-01,1.090805679559707642e-01,0.000000000000000000e+00,0.000000000000000000e+00,0.000000000000000000e+00,0.000000000000000000e+00,0.000000000000000000e+00,0.000000000000000000e+00,0.000000000000000000e+00,-2.015186399221420288e-01,-5.096679925918579102e-01,5.181202292442321777e-01,8.687288165092468262e-01,-1.822828054428100586e-01,-1.207310259342193604e-01,-1.043128445744514465e-01,0.000000000000000000e+00,0.000000000000000000e+00,0.000000000000000000e+00,0.000000000000000000e+00,0.000000000000000000e+00,0.000000000000000000e+00,0.000000000000000000e+00
-1.354945003986358643e-01,7.653757929801940918e-02,7.756543159484863281e-01,2.352507039904594421e-02,4.694173485040664673e-02,5.946348905563354492e-01,8.022795319557189941e-01,-6.853263080120086670e-02,2.398937195539474487e-01,2.418264895677566528e-01,7.768504023551940918e-01,-2.419586032629013062e-01,3.938141465187072754e-02,-2.228332906961441040e-01,-1.706607341766357422e-01,-2.133788913488388062e-01,3.351028561592102051e-01,-2.787486612796783447e-01,1.444414374418556690e-03,-1.044007018208503723e-01,-1.085971593856811523e-01,1.028722152113914490e-01,-4.677944816648960114e-03,3.311826884746551514e-01,-2.832414805889129639e-01,1.368645429611206055e+00,1.996896564960479736e-01,-1.335110664367675781e-01,1.057053357362747192e-01,0.000000000000000000e+00,0.000000000000000000e+00,0.000000000000000000e+00,0.000000000000000000e+00,0.000000000000000000e+00,0.000000000000000000e+00,0.000000000000000000e+00,-2.251650840044021606e-01,-5.114336013793945312e-01,5.339542031288146973e-01,8.286559581756591797e-01,-1.779222637414932251e-01,-1.311283707618713379e-01,-1.125156655907630920e-01,0.000000000000000000e+00,0.000000000000000000e+00,0.000000000000000000e+00,0.000000000000000000e+00,0.000000000000000000e+00,0.000000000000000000e+00,0.000000000000000000e+00
-1.272738128900527954e-01,8.127558231353759766e-02,7.777480483055114746e-01,3.252330422401428223e-02,4.666917026042938232e-02,5.852869749069213867e-01,8.088284134864807129e-01,-1.133441552519798279e-01,2.390131503343582153e-01,2.523168623447418213e-01,8.513482213020324707e-01,-2.711794078350067139e-01,4.985968768596649170e-02,-1.909755319356918335e-01,-1.691619753837585449e-01,-2.080191373825073242e-01,3.079006075859069824e-01,-2.821313440799713135e-01,4.538785200566053391e-03,-8.749338239431381226e-02,-1.257169395685195923e-01,1.021029427647590637e-01,-1.936884969472885132e-02,2.659296393394470215e-01,-3.240586221218109131e-01,1.354322791099548340e+00,2.112425267696380615e-01,-1.434705555438995361e-01,8.303678035736083984e-02,0.000000000000000000e+00,0.000000000000000000e+00,0.000000000000000000e+00,0.000000000000000000e+00,0.000000000000000000e+00,0.000000000000000000e+00,0.000000000000000000e+00,-2.416534423828125000e-01,-5.194072723388671875e-01,5.441001653671264648e-01,7.889769673347473145e-01,-1.824570000171661377e-01,-1.461488306522369385e-01,-1.211915090680122375e-01,0.000000000000000000e+00,0.000000000000000000e+00,0.000000000000000000e+00,0.000000000000000000e+00,0.000000000000000000e+00,0.000000000000000000e+00,0.000000000000000000e+00
-1.208190247416496277e-01,8.526468276977539062e-02,7.791635990142822266e-01,3.680957108736038208e-02,4.513958841562271118e-02,5.778880715370178223e-01,8.140349388122558594e-01,-1.494113802909851074e-01,2.233128100633621216e-01,2.476160377264022827e-01,8.695788383483886719e-01,-2.907900810241699219e-01,5.486968904733657837e-02,-1.662176698446273804e-01,-1.608016043901443481e-01,-2.015330642461776733e-01,2.853994667530059814e-01,-2.813947200775146484e-01,6.278591696172952652e-03,-7.360042631626129150e-02,-1.298897564411163330e-01,1.030716374516487122e-01,-3.325118124485015869e-02,2.374057471752166748e-01,-3.419022262096405029e-01,1.350033044815063477e+00,1.943767815828323364e-01,-1.480044126510620117e-01,6.933137774467468262e-02,0.000000000000000000e+00,0.000000000000000000e+00,0.000000000000000000e+00,0.000000000000000000e+00,0.000000000000000000e+00,0.000000000000000000e+00,0.000000000000000000e+00,-2.494808882474899292e-01,-5.317201018333435059e-01,5.379125475883483887e-01,7.605130672454833984e-01,-1.659618169069290161e-01,-1.507320702075958252e-01,-1.243009418249130249e-01,0.000000000000000000e+00,0.000000000000000000e+00,0.000000000000000000e+00,0.000000000000000000e+00,0.000000000000000000e+00,0.000000000000000000e+00,0.000000000000000000e+00
-1.159386783838272095e-01,8.863423764705657959e-02,7.804220914840698242e-01,3.784109279513359070e-02,4.340247437357902527e-02,5.741599798202514648e-01,8.167157173156738281e-01,-1.813096255064010620e-01,2.001498341560363770e-01,2.393862456083297729e-01,8.521012067794799805e-01,-2.977174222469329834e-01,5.542709678411483765e-02,-1.442966610193252563e-01,-1.495598703622817993e-01,-1.948335617780685425e-01,2.604709863662719727e-01,-2.740863263607025146e-01,1.213860139250755310e-02,-6.338309496641159058e-02,-1.311395466327667236e-01,1.071748211979866028e-01,-4.855015501379966736e-02,2.284888923168182373e-01,-3.602984547615051270e-01,1.346525192260742188e+00,1.751002222299575806e-01,-1.510617583990097046e-01,6.249403581023216248e-02,0.000000000000000000e+00,0.000000000000000000e+00,0.000000000000000000e+00,0.000000000000000000e+00,0.000000000000000000e+00,0.000000000000000000e+00,0.000000000000000000e+00,-2.516952753067016602e-01,-5.456915497779846191e-01,5.341846346855163574e-01,7.341643571853637695e-01,-1.477226167917251587e-01,-1.529016345739364624e-01,-1.235628053545951843e-01,0.000000000000000000e+00,0.000000000000000000e+00,0.000000000000000000e+00,0.000000000000000000e+00,0.000000000000000000e+00,0.000000000000000000e+00,0.000000000000000000e+00
-1.125066205859184265e-01,9.133711457252502441e-02,7.810225486755371094e-01,3.836894035339355469e-02,4.033209756016731262e-02,5.701642632484436035e-01,8.196425437927246094e-01,-2.110248804092407227e-01,1.828292608261108398e-01,2.330684661865234375e-01,8.059360980987548828e-01,-2.983145713806152344e-01,5.717980116605758667e-02,-1.279805153608322144e-01,-1.390061080455780029e-01,-1.893691718578338623e-01,2.473777383565902710e-01,-2.681696712970733643e-01,1.790907233953475952e-02,-4.987617954611778259e-02,-1.303787231445312500e-01,1.119301691651344299e-01,-6.233396753668785095e-02,2.393625080585479736e-01,-3.710277676582336426e-01,1.336154103279113770e+00,1.485218256711959839e-01,-1.587394773960113525e-01,6.422486901283264160e-02,0.000000000000000000e+00,0.000000000000000000e+00,0.000000000000000000e+00,0.000000000000000000e+00,0.000000000000000000e+00,0.000000000000000000e+00,0.000000000000000000e+00,-2.511639297008514404e-01,-5.545240640640258789e-01,5.306425094604492188e-01,7.103455066680908203e-01,-1.245094761252403259e-01,-1.601995825767517090e-01,-1.276557594537734985e-01,0.000000000000000000e+00,0.000000000000000000e+00,0.000000000000000000e+00,0.000000000000000000e+00,0.000000000000000000e+00,0.000000000000000000e+00,0.000000000000000000e+00
